participant,block,trial_number,rep_number,attempt_number,trial_success,target_object_final,target_values_seen,target_changed_within_recording,file,path,target_object_raw,target_object_corrected,target_correction_applied,target_reference_rep,target_reference_file,class_label,class_label_source,board_sensor_index,board_column,board_sensor_source,transfer_start_idx,transfer_end_idx,transfer_trajectory_length,transfer_extraction_method,split
1,0,0,0,0,1,3,[3.0],False,B0_trial0_rep0_attempt0.csv,/Users/arthu/Desktop/CTM_Res-Pro/data/reach_to_grasp_dataset/data/participant_1/motion/B0_trial0_rep0_attempt0.csv,3,3,False,,,0,trial_number,3,board_data_3,fixed_B0_sensor_3,241,271,30,harmonized_hand_active_board10,train
1,0,0,1,0,1,3,[3.0],False,B0_trial0_rep1_attempt0.csv,/Users/arthu/Desktop/CTM_Res-Pro/data/reach_to_grasp_dataset/data/participant_1/motion/B0_trial0_rep1_attempt0.csv,3,3,False,,,0,trial_number,3,board_data_3,fixed_B0_sensor_3,239,266,27,harmonized_hand_active_board10,train
1,0,0,2,0,1,3,[3.0],False,B0_trial0_rep2_attempt0.csv,/Users/arthu/Desktop/CTM_Res-Pro/data/reach_to_grasp_dataset/data/participant_1/motion/B0_trial0_rep2_attempt0.csv,3,3,False,,,0,trial_number,3,board_data_3,fixed_B0_sensor_3,224,258,34,harmonized_hand_active_board10,train
1,0,0,3,0,1,3,[3.0],False,B0_trial0_rep3_attempt0.csv,/Users/arthu/Desktop/CTM_Res-Pro/data/reach_to_grasp_dataset/data/participant_1/motion/B0_trial0_rep3_attempt0.csv,3,3,False,,,0,trial_number,3,board_data_3,fixed_B0_sensor_3,221,260,39,harmonized_hand_active_board10,train
1,0,0,4,0,1,3,[3.0],False,B0_trial0_rep4_attempt0.csv,/Users/arthu/Desktop/CTM_Res-Pro/data/reach_to_grasp_dataset/data/participant_1/motion/B0_trial0_rep4_attempt0.csv,3,3,False,,,0,trial_number,3,board_data_3,fixed_B0_sensor_3,227,264,37,harmonized_hand_active_board10,train
1,0,0,5,0,1,3,[3.0],False,B0_trial0_rep5_attempt0.csv,/Users/arthu/Desktop/CTM_Res-Pro/data/reach_to_grasp_dataset/data/participant_1/motion/B0_trial0_rep5_attempt0.csv,3,3,False,,,0,trial_number,3,board_data_3,fixed_B0_sensor_3,213,252,39,harmonized_hand_active_board10,train
1,0,0,6,0,1,3,[3.0],False,B0_trial0_rep6_attempt0.csv,/Users/arthu/Desktop/CTM_Res-Pro/data/reach_to_grasp_dataset/data/participant_1/motion/B0_trial0_rep6_attempt0.csv,3,3,False,,,0,trial_number,3,board_data_3,fixed_B0_sensor_3,225,260,35,harmonized_hand_active_board10,train
1,0,0,7,0,1,3,[3.0],False,B0_trial0_rep7_attempt0.csv,/Users/arthu/Desktop/CTM_Res-Pro/data/reach_to_grasp_dataset/data/participant_1/motion/B0_trial0_rep7_attempt0.csv,3,3,False,,,0,trial_number,3,board_data_3,fixed_B0_sensor_3,223,258,35,harmonized_hand_active_board10,train
1,0,1,0,0,1,3,[3.0],False,B0_trial1_rep0_attempt0.csv,/Users/arthu/Desktop/CTM_Res-Pro/data/reach_to_grasp_dataset/data/participant_1/motion/B0_trial1_rep0_attempt0.csv,3,3,False,,,1,trial_number,3,board_data_3,fixed_B0_sensor_3,227,262,35,harmonized_hand_active_board10,train
1,0,1,1,0,1,3,[3.0],False,B0_trial1_rep1_attempt0.csv,/Users/arthu/Desktop/CTM_Res-Pro/data/reach_to_grasp_dataset/data/participant_1/motion/B0_trial1_rep1_attempt0.csv,3,3,False,,,1,trial_number,3,board_data_3,fixed_B0_sensor_3,233,269,36,harmonized_hand_active_board10,train
1,0,1,2,0,1,3,[3.0],False,B0_trial1_rep2_attempt0.csv,/Users/arthu/Desktop/CTM_Res-Pro/data/reach_to_grasp_dataset/data/participant_1/motion/B0_trial1_rep2_attempt0.csv,3,3,False,,,1,trial_number,3,board_data_3,fixed_B0_sensor_3,231,256,25,harmonized_hand_active_board10,train
1,0,1,3,0,1,3,[3.0],False,B0_trial1_rep3_attempt0.csv,/Users/arthu/Desktop/CTM_Res-Pro/data/reach_to_grasp_dataset/data/participant_1/motion/B0_trial1_rep3_attempt0.csv,3,3,False,,,1,trial_number,3,board_data_3,fixed_B0_sensor_3,226,263,37,harmonized_hand_active_board10,train
1,0,1,4,0,1,3,[3.0],False,B0_trial1_rep4_attempt0.csv,/Users/arthu/Desktop/CTM_Res-Pro/data/reach_to_grasp_dataset/data/participant_1/motion/B0_trial1_rep4_attempt0.csv,3,3,False,,,1,trial_number,3,board_data_3,fixed_B0_sensor_3,229,259,30,harmonized_hand_active_board10,train
1,0,1,5,0,1,3,[3.0],False,B0_trial1_rep5_attempt0.csv,/Users/arthu/Desktop/CTM_Res-Pro/data/reach_to_grasp_dataset/data/participant_1/motion/B0_trial1_rep5_attempt0.csv,3,3,False,,,1,trial_number,3,board_data_3,fixed_B0_sensor_3,237,275,38,harmonized_hand_active_board10,train
1,0,1,6,0,1,3,[3.0],False,B0_trial1_rep6_attempt0.csv,/Users/arthu/Desktop/CTM_Res-Pro/data/reach_to_grasp_dataset/data/participant_1/motion/B0_trial1_rep6_attempt0.csv,3,3,False,,,1,trial_number,3,board_data_3,fixed_B0_sensor_3,244,288,44,harmonized_hand_active_board10,train
1,0,1,7,0,1,3,[3.0],False,B0_trial1_rep7_attempt0.csv,/Users/arthu/Desktop/CTM_Res-Pro/data/reach_to_grasp_dataset/data/participant_1/motion/B0_trial1_rep7_attempt0.csv,3,3,False,,,1,trial_number,3,board_data_3,fixed_B0_sensor_3,220,252,32,harmonized_hand_active_board10,train
1,0,2,0,0,1,3,[3.0],False,B0_trial2_rep0_attempt0.csv,/Users/arthu/Desktop/CTM_Res-Pro/data/reach_to_grasp_dataset/data/participant_1/motion/B0_trial2_rep0_attempt0.csv,3,3,False,,,2,trial_number,3,board_data_3,fixed_B0_sensor_3,229,268,39,harmonized_hand_active_board10,train
1,0,2,1,0,1,3,[3.0],False,B0_trial2_rep1_attempt0.csv,/Users/arthu/Desktop/CTM_Res-Pro/data/reach_to_grasp_dataset/data/participant_1/motion/B0_trial2_rep1_attempt0.csv,3,3,False,,,2,trial_number,3,board_data_3,fixed_B0_sensor_3,242,290,48,harmonized_hand_active_board10,train
1,0,2,2,0,1,3,[3.0],False,B0_trial2_rep2_attempt0.csv,/Users/arthu/Desktop/CTM_Res-Pro/data/reach_to_grasp_dataset/data/participant_1/motion/B0_trial2_rep2_attempt0.csv,3,3,False,,,2,trial_number,3,board_data_3,fixed_B0_sensor_3,243,282,39,harmonized_hand_active_board10,train
1,0,2,3,0,1,3,[3.0],False,B0_trial2_rep3_attempt0.csv,/Users/arthu/Desktop/CTM_Res-Pro/data/reach_to_grasp_dataset/data/participant_1/motion/B0_trial2_rep3_attempt0.csv,3,3,False,,,2,trial_number,3,board_data_3,fixed_B0_sensor_3,245,293,48,harmonized_hand_active_board10,train
1,0,2,4,0,1,3,[3.0],False,B0_trial2_rep4_attempt0.csv,/Users/arthu/Desktop/CTM_Res-Pro/data/reach_to_grasp_dataset/data/participant_1/motion/B0_trial2_rep4_attempt0.csv,3,3,False,,,2,trial_number,3,board_data_3,fixed_B0_sensor_3,258,296,38,harmonized_hand_active_board10,train
1,0,2,5,0,1,3,[3.0],False,B0_trial2_rep5_attempt0.csv,/Users/arthu/Desktop/CTM_Res-Pro/data/reach_to_grasp_dataset/data/participant_1/motion/B0_trial2_rep5_attempt0.csv,3,3,False,,,2,trial_number,3,board_data_3,fixed_B0_sensor_3,260,296,36,harmonized_hand_active_board10,train
1,0,2,6,0,1,3,[3.0],False,B0_trial2_rep6_attempt0.csv,/Users/arthu/Desktop/CTM_Res-Pro/data/reach_to_grasp_dataset/data/participant_1/motion/B0_trial2_rep6_attempt0.csv,3,3,False,,,2,trial_number,3,board_data_3,fixed_B0_sensor_3,249,274,25,harmonized_hand_active_board10,train
1,0,2,7,0,1,3,[3.0],False,B0_trial2_rep7_attempt0.csv,/Users/arthu/Desktop/CTM_Res-Pro/data/reach_to_grasp_dataset/data/participant_1/motion/B0_trial2_rep7_attempt0.csv,3,3,False,,,2,trial_number,3,board_data_3,fixed_B0_sensor_3,242,285,43,harmonized_hand_active_board10,train
1,0,3,0,0,1,3,[3.0],False,B0_trial3_rep0_attempt0.csv,/Users/arthu/Desktop/CTM_Res-Pro/data/reach_to_grasp_dataset/data/participant_1/motion/B0_trial3_rep0_attempt0.csv,3,3,False,,,3,trial_number,3,board_data_3,fixed_B0_sensor_3,220,270,50,harmonized_hand_active_board10,train
1,0,3,1,0,1,3,[3.0],False,B0_trial3_rep1_attempt0.csv,/Users/arthu/Desktop/CTM_Res-Pro/data/reach_to_grasp_dataset/data/participant_1/motion/B0_trial3_rep1_attempt0.csv,3,3,False,,,3,trial_number,3,board_data_3,fixed_B0_sensor_3,234,278,44,harmonized_hand_active_board10,train
1,0,3,2,0,1,3,[3.0],False,B0_trial3_rep2_attempt0.csv,/Users/arthu/Desktop/CTM_Res-Pro/data/reach_to_grasp_dataset/data/participant_1/motion/B0_trial3_rep2_attempt0.csv,3,3,False,,,3,trial_number,3,board_data_3,fixed_B0_sensor_3,222,264,42,harmonized_hand_active_board10,train
1,0,3,3,0,1,3,[3.0],False,B0_trial3_rep3_attempt0.csv,/Users/arthu/Desktop/CTM_Res-Pro/data/reach_to_grasp_dataset/data/participant_1/motion/B0_trial3_rep3_attempt0.csv,3,3,False,,,3,trial_number,3,board_data_3,fixed_B0_sensor_3,237,276,39,harmonized_hand_active_board10,train
1,0,3,4,0,1,3,[3.0],False,B0_trial3_rep4_attempt0.csv,/Users/arthu/Desktop/CTM_Res-Pro/data/reach_to_grasp_dataset/data/participant_1/motion/B0_trial3_rep4_attempt0.csv,3,3,False,,,3,trial_number,3,board_data_3,fixed_B0_sensor_3,233,270,37,harmonized_hand_active_board10,train
1,0,3,5,0,1,3,[3.0],False,B0_trial3_rep5_attempt0.csv,/Users/arthu/Desktop/CTM_Res-Pro/data/reach_to_grasp_dataset/data/participant_1/motion/B0_trial3_rep5_attempt0.csv,3,3,False,,,3,trial_number,3,board_data_3,fixed_B0_sensor_3,243,279,36,harmonized_hand_active_board10,train
1,0,3,6,0,1,3,[3.0],False,B0_trial3_rep6_attempt0.csv,/Users/arthu/Desktop/CTM_Res-Pro/data/reach_to_grasp_dataset/data/participant_1/motion/B0_trial3_rep6_attempt0.csv,3,3,False,,,3,trial_number,3,board_data_3,fixed_B0_sensor_3,241,275,34,harmonized_hand_active_board10,train
1,0,3,7,0,1,3,[3.0],False,B0_trial3_rep7_attempt0.csv,/Users/arthu/Desktop/CTM_Res-Pro/data/reach_to_grasp_dataset/data/participant_1/motion/B0_trial3_rep7_attempt0.csv,3,3,False,,,3,trial_number,3,board_data_3,fixed_B0_sensor_3,226,268,42,harmonized_hand_active_board10,train
1,0,4,0,0,1,3,[3.0],False,B0_trial4_rep0_attempt0.csv,/Users/arthu/Desktop/CTM_Res-Pro/data/reach_to_grasp_dataset/data/participant_1/motion/B0_trial4_rep0_attempt0.csv,3,3,False,,,4,trial_number,3,board_data_3,fixed_B0_sensor_3,262,265,3,harmonized_hand_active_board10,train
1,0,4,1,0,1,3,[3.0],False,B0_trial4_rep1_attempt0.csv,/Users/arthu/Desktop/CTM_Res-Pro/data/reach_to_grasp_dataset/data/participant_1/motion/B0_trial4_rep1_attempt0.csv,3,3,False,,,4,trial_number,3,board_data_3,fixed_B0_sensor_3,258,263,5,harmonized_hand_active_board10,train
1,0,4,2,0,1,3,[3.0],False,B0_trial4_rep2_attempt0.csv,/Users/arthu/Desktop/CTM_Res-Pro/data/reach_to_grasp_dataset/data/participant_1/motion/B0_trial4_rep2_attempt0.csv,3,3,False,,,4,trial_number,3,board_data_3,fixed_B0_sensor_3,255,259,4,harmonized_hand_active_board10,train
1,0,4,3,0,1,3,[3.0],False,B0_trial4_rep3_attempt0.csv,/Users/arthu/Desktop/CTM_Res-Pro/data/reach_to_grasp_dataset/data/participant_1/motion/B0_trial4_rep3_attempt0.csv,3,3,False,,,4,trial_number,3,board_data_3,fixed_B0_sensor_3,263,268,5,harmonized_hand_active_board10,train
1,0,4,4,0,1,3,[3.0],False,B0_trial4_rep4_attempt0.csv,/Users/arthu/Desktop/CTM_Res-Pro/data/reach_to_grasp_dataset/data/participant_1/motion/B0_trial4_rep4_attempt0.csv,3,3,False,,,4,trial_number,3,board_data_3,fixed_B0_sensor_3,252,267,15,harmonized_hand_active_board10,train
1,0,4,5,0,1,3,[3.0],False,B0_trial4_rep5_attempt0.csv,/Users/arthu/Desktop/CTM_Res-Pro/data/reach_to_grasp_dataset/data/participant_1/motion/B0_trial4_rep5_attempt0.csv,3,3,False,,,4,trial_number,3,board_data_3,fixed_B0_sensor_3,260,264,4,harmonized_hand_active_board10,train
1,0,4,6,0,1,3,[3.0],False,B0_trial4_rep6_attempt0.csv,/Users/arthu/Desktop/CTM_Res-Pro/data/reach_to_grasp_dataset/data/participant_1/motion/B0_trial4_rep6_attempt0.csv,3,3,False,,,4,trial_number,3,board_data_3,fixed_B0_sensor_3,245,267,22,harmonized_hand_active_board10,train
1,0,4,7,0,1,3,[3.0],False,B0_trial4_rep7_attempt0.csv,/Users/arthu/Desktop/CTM_Res-Pro/data/reach_to_grasp_dataset/data/participant_1/motion/B0_trial4_rep7_attempt0.csv,3,3,False,,,4,trial_number,3,board_data_3,fixed_B0_sensor_3,255,262,7,harmonized_hand_active_board10,train
1,0,5,0,0,1,3,[3.0],False,B0_trial5_rep0_attempt0.csv,/Users/arthu/Desktop/CTM_Res-Pro/data/reach_to_grasp_dataset/data/participant_1/motion/B0_trial5_rep0_attempt0.csv,3,3,False,,,5,trial_number,3,board_data_3,fixed_B0_sensor_3,229,259,30,harmonized_hand_active_board10,train
1,0,5,1,0,1,3,[3.0],False,B0_trial5_rep1_attempt0.csv,/Users/arthu/Desktop/CTM_Res-Pro/data/reach_to_grasp_dataset/data/participant_1/motion/B0_trial5_rep1_attempt0.csv,3,3,False,,,5,trial_number,3,board_data_3,fixed_B0_sensor_3,239,271,32,harmonized_hand_active_board10,train
1,0,5,2,0,1,3,[3.0],False,B0_trial5_rep2_attempt0.csv,/Users/arthu/Desktop/CTM_Res-Pro/data/reach_to_grasp_dataset/data/participant_1/motion/B0_trial5_rep2_attempt0.csv,3,3,False,,,5,trial_number,3,board_data_3,fixed_B0_sensor_3,233,270,37,harmonized_hand_active_board10,train
1,0,5,3,0,1,3,[3.0],False,B0_trial5_rep3_attempt0.csv,/Users/arthu/Desktop/CTM_Res-Pro/data/reach_to_grasp_dataset/data/participant_1/motion/B0_trial5_rep3_attempt0.csv,3,3,False,,,5,trial_number,3,board_data_3,fixed_B0_sensor_3,230,275,45,harmonized_hand_active_board10,train
1,0,5,4,0,1,3,[3.0],False,B0_trial5_rep4_attempt0.csv,/Users/arthu/Desktop/CTM_Res-Pro/data/reach_to_grasp_dataset/data/participant_1/motion/B0_trial5_rep4_attempt0.csv,3,3,False,,,5,trial_number,3,board_data_3,fixed_B0_sensor_3,230,271,41,harmonized_hand_active_board10,train
1,0,5,5,0,1,3,[3.0],False,B0_trial5_rep5_attempt0.csv,/Users/arthu/Desktop/CTM_Res-Pro/data/reach_to_grasp_dataset/data/participant_1/motion/B0_trial5_rep5_attempt0.csv,3,3,False,,,5,trial_number,3,board_data_3,fixed_B0_sensor_3,238,281,43,harmonized_hand_active_board10,train
1,0,5,6,0,1,3,[3.0],False,B0_trial5_rep6_attempt0.csv,/Users/arthu/Desktop/CTM_Res-Pro/data/reach_to_grasp_dataset/data/participant_1/motion/B0_trial5_rep6_attempt0.csv,3,3,False,,,5,trial_number,3,board_data_3,fixed_B0_sensor_3,242,276,34,harmonized_hand_active_board10,train
1,0,5,7,0,1,3,[3.0],False,B0_trial5_rep7_attempt0.csv,/Users/arthu/Desktop/CTM_Res-Pro/data/reach_to_grasp_dataset/data/participant_1/motion/B0_trial5_rep7_attempt0.csv,3,3,False,,,5,trial_number,3,board_data_3,fixed_B0_sensor_3,213,244,31,harmonized_hand_active_board10,train
1,0,6,0,0,1,3,[3.0],False,B0_trial6_rep0_attempt0.csv,/Users/arthu/Desktop/CTM_Res-Pro/data/reach_to_grasp_dataset/data/participant_1/motion/B0_trial6_rep0_attempt0.csv,3,3,False,,,6,trial_number,3,board_data_3,fixed_B0_sensor_3,229,266,37,harmonized_hand_active_board10,train
1,0,6,1,0,1,3,[3.0],False,B0_trial6_rep1_attempt0.csv,/Users/arthu/Desktop/CTM_Res-Pro/data/reach_to_grasp_dataset/data/participant_1/motion/B0_trial6_rep1_attempt0.csv,3,3,False,,,6,trial_number,3,board_data_3,fixed_B0_sensor_3,257,274,17,harmonized_hand_active_board10,train
1,0,6,2,0,1,3,[3.0],False,B0_trial6_rep2_attempt0.csv,/Users/arthu/Desktop/CTM_Res-Pro/data/reach_to_grasp_dataset/data/participant_1/motion/B0_trial6_rep2_attempt0.csv,3,3,False,,,6,trial_number,3,board_data_3,fixed_B0_sensor_3,246,285,39,harmonized_hand_active_board10,train
1,0,6,3,0,1,3,[3.0],False,B0_trial6_rep3_attempt0.csv,/Users/arthu/Desktop/CTM_Res-Pro/data/reach_to_grasp_dataset/data/participant_1/motion/B0_trial6_rep3_attempt0.csv,3,3,False,,,6,trial_number,3,board_data_3,fixed_B0_sensor_3,236,268,32,harmonized_hand_active_board10,train
1,0,6,4,0,1,3,[3.0],False,B0_trial6_rep4_attempt0.csv,/Users/arthu/Desktop/CTM_Res-Pro/data/reach_to_grasp_dataset/data/participant_1/motion/B0_trial6_rep4_attempt0.csv,3,3,False,,,6,trial_number,3,board_data_3,fixed_B0_sensor_3,244,276,32,harmonized_hand_active_board10,train
1,0,6,5,0,1,3,[3.0],False,B0_trial6_rep5_attempt0.csv,/Users/arthu/Desktop/CTM_Res-Pro/data/reach_to_grasp_dataset/data/participant_1/motion/B0_trial6_rep5_attempt0.csv,3,3,False,,,6,trial_number,3,board_data_3,fixed_B0_sensor_3,246,274,28,harmonized_hand_active_board10,train
1,0,6,6,0,1,3,[3.0],False,B0_trial6_rep6_attempt0.csv,/Users/arthu/Desktop/CTM_Res-Pro/data/reach_to_grasp_dataset/data/participant_1/motion/B0_trial6_rep6_attempt0.csv,3,3,False,,,6,trial_number,3,board_data_3,fixed_B0_sensor_3,252,282,30,harmonized_hand_active_board10,train
1,0,6,7,0,1,3,[3.0],False,B0_trial6_rep7_attempt0.csv,/Users/arthu/Desktop/CTM_Res-Pro/data/reach_to_grasp_dataset/data/participant_1/motion/B0_trial6_rep7_attempt0.csv,3,3,False,,,6,trial_number,3,board_data_3,fixed_B0_sensor_3,250,285,35,harmonized_hand_active_board10,train
1,0,7,0,0,1,3,[3.0],False,B0_trial7_rep0_attempt0.csv,/Users/arthu/Desktop/CTM_Res-Pro/data/reach_to_grasp_dataset/data/participant_1/motion/B0_trial7_rep0_attempt0.csv,3,3,False,,,7,trial_number,3,board_data_3,fixed_B0_sensor_3,232,260,28,harmonized_hand_active_board10,train
1,0,7,1,0,1,3,[3.0],False,B0_trial7_rep1_attempt0.csv,/Users/arthu/Desktop/CTM_Res-Pro/data/reach_to_grasp_dataset/data/participant_1/motion/B0_trial7_rep1_attempt0.csv,3,3,False,,,7,trial_number,3,board_data_3,fixed_B0_sensor_3,230,259,29,harmonized_hand_active_board10,train
1,0,7,2,0,1,3,[3.0],False,B0_trial7_rep2_attempt0.csv,/Users/arthu/Desktop/CTM_Res-Pro/data/reach_to_grasp_dataset/data/participant_1/motion/B0_trial7_rep2_attempt0.csv,3,3,False,,,7,trial_number,3,board_data_3,fixed_B0_sensor_3,236,262,26,harmonized_hand_active_board10,train
1,0,7,3,0,1,3,[3.0],False,B0_trial7_rep3_attempt0.csv,/Users/arthu/Desktop/CTM_Res-Pro/data/reach_to_grasp_dataset/data/participant_1/motion/B0_trial7_rep3_attempt0.csv,3,3,False,,,7,trial_number,3,board_data_3,fixed_B0_sensor_3,250,293,43,harmonized_hand_active_board10,train
1,0,7,4,0,1,3,[3.0],False,B0_trial7_rep4_attempt0.csv,/Users/arthu/Desktop/CTM_Res-Pro/data/reach_to_grasp_dataset/data/participant_1/motion/B0_trial7_rep4_attempt0.csv,3,3,False,,,7,trial_number,3,board_data_3,fixed_B0_sensor_3,238,274,36,harmonized_hand_active_board10,train
1,0,7,5,0,1,3,[3.0],False,B0_trial7_rep5_attempt0.csv,/Users/arthu/Desktop/CTM_Res-Pro/data/reach_to_grasp_dataset/data/participant_1/motion/B0_trial7_rep5_attempt0.csv,3,3,False,,,7,trial_number,3,board_data_3,fixed_B0_sensor_3,244,279,35,harmonized_hand_active_board10,train
1,0,7,6,0,1,3,[3.0],False,B0_trial7_rep6_attempt0.csv,/Users/arthu/Desktop/CTM_Res-Pro/data/reach_to_grasp_dataset/data/participant_1/motion/B0_trial7_rep6_attempt0.csv,3,3,False,,,7,trial_number,3,board_data_3,fixed_B0_sensor_3,232,275,43,harmonized_hand_active_board10,train
1,0,7,7,0,1,3,[3.0],False,B0_trial7_rep7_attempt0.csv,/Users/arthu/Desktop/CTM_Res-Pro/data/reach_to_grasp_dataset/data/participant_1/motion/B0_trial7_rep7_attempt0.csv,3,3,False,,,7,trial_number,3,board_data_3,fixed_B0_sensor_3,246,283,37,harmonized_hand_active_board10,train
1,1,0,0,0,1,0,"[3.0, 0.0]",True,B1_trial0_rep0_attempt0.csv,/Users/arthu/Desktop/CTM_Res-Pro/data/reach_to_grasp_dataset/data/participant_1/motion/B1_trial0_rep0_attempt0.csv,0,0,True,1.0,B1_trial0_rep1_attempt0.csv,0,target_object_corrected,0,board_data_0,trial_number,211,253,42,harmonized_hand_active_board10,test
1,1,0,1,0,1,0,[0.0],False,B1_trial0_rep1_attempt0.csv,/Users/arthu/Desktop/CTM_Res-Pro/data/reach_to_grasp_dataset/data/participant_1/motion/B1_trial0_rep1_attempt0.csv,0,0,False,,,0,target_object_corrected,0,board_data_0,trial_number,219,260,41,harmonized_hand_active_board10,test
1,1,0,2,0,1,0,[0.0],False,B1_trial0_rep2_attempt0.csv,/Users/arthu/Desktop/CTM_Res-Pro/data/reach_to_grasp_dataset/data/participant_1/motion/B1_trial0_rep2_attempt0.csv,0,0,False,,,0,target_object_corrected,0,board_data_0,trial_number,222,271,49,harmonized_hand_active_board10,test
1,1,0,3,0,1,0,[0.0],False,B1_trial0_rep3_attempt0.csv,/Users/arthu/Desktop/CTM_Res-Pro/data/reach_to_grasp_dataset/data/participant_1/motion/B1_trial0_rep3_attempt0.csv,0,0,False,,,0,target_object_corrected,0,board_data_0,trial_number,226,262,36,harmonized_hand_active_board10,test
1,1,1,0,0,1,1,"[0.0, 1.0]",True,B1_trial1_rep0_attempt0.csv,/Users/arthu/Desktop/CTM_Res-Pro/data/reach_to_grasp_dataset/data/participant_1/motion/B1_trial1_rep0_attempt0.csv,1,1,True,1.0,B1_trial1_rep1_attempt0.csv,1,target_object_corrected,1,board_data_1,trial_number,204,255,51,harmonized_hand_active_board10,test
1,1,1,1,0,1,1,[1.0],False,B1_trial1_rep1_attempt0.csv,/Users/arthu/Desktop/CTM_Res-Pro/data/reach_to_grasp_dataset/data/participant_1/motion/B1_trial1_rep1_attempt0.csv,1,1,False,,,1,target_object_corrected,1,board_data_1,trial_number,218,260,42,harmonized_hand_active_board10,test
1,1,1,2,0,1,1,[1.0],False,B1_trial1_rep2_attempt0.csv,/Users/arthu/Desktop/CTM_Res-Pro/data/reach_to_grasp_dataset/data/participant_1/motion/B1_trial1_rep2_attempt0.csv,1,1,False,,,1,target_object_corrected,1,board_data_1,trial_number,221,266,45,harmonized_hand_active_board10,test
1,1,1,3,0,1,1,[1.0],False,B1_trial1_rep3_attempt0.csv,/Users/arthu/Desktop/CTM_Res-Pro/data/reach_to_grasp_dataset/data/participant_1/motion/B1_trial1_rep3_attempt0.csv,1,1,False,,,1,target_object_corrected,1,board_data_1,trial_number,222,268,46,harmonized_hand_active_board10,test
1,1,2,0,0,1,2,"[1.0, 2.0]",True,B1_trial2_rep0_attempt0.csv,/Users/arthu/Desktop/CTM_Res-Pro/data/reach_to_grasp_dataset/data/participant_1/motion/B1_trial2_rep0_attempt0.csv,2,2,True,1.0,B1_trial2_rep1_attempt0.csv,2,target_object_corrected,2,board_data_2,trial_number,241,308,67,harmonized_hand_active_board10,test
1,1,2,1,0,1,2,[2.0],False,B1_trial2_rep1_attempt0.csv,/Users/arthu/Desktop/CTM_Res-Pro/data/reach_to_grasp_dataset/data/participant_1/motion/B1_trial2_rep1_attempt0.csv,2,2,False,,,2,target_object_corrected,2,board_data_2,trial_number,230,268,38,harmonized_hand_active_board10,test
1,1,2,2,0,1,2,[2.0],False,B1_trial2_rep2_attempt0.csv,/Users/arthu/Desktop/CTM_Res-Pro/data/reach_to_grasp_dataset/data/participant_1/motion/B1_trial2_rep2_attempt0.csv,2,2,False,,,2,target_object_corrected,2,board_data_2,trial_number,236,269,33,harmonized_hand_active_board10,test
1,1,2,3,0,1,2,[2.0],False,B1_trial2_rep3_attempt0.csv,/Users/arthu/Desktop/CTM_Res-Pro/data/reach_to_grasp_dataset/data/participant_1/motion/B1_trial2_rep3_attempt0.csv,2,2,False,,,2,target_object_corrected,2,board_data_2,trial_number,238,259,21,harmonized_hand_active_board10,test
1,1,3,0,0,1,3,"[2.0, 3.0]",True,B1_trial3_rep0_attempt0.csv,/Users/arthu/Desktop/CTM_Res-Pro/data/reach_to_grasp_dataset/data/participant_1/motion/B1_trial3_rep0_attempt0.csv,3,3,True,1.0,B1_trial3_rep1_attempt0.csv,3,target_object_corrected,3,board_data_3,trial_number,260,285,25,harmonized_hand_active_board10,test
1,1,3,1,0,1,3,[3.0],False,B1_trial3_rep1_attempt0.csv,/Users/arthu/Desktop/CTM_Res-Pro/data/reach_to_grasp_dataset/data/participant_1/motion/B1_trial3_rep1_attempt0.csv,3,3,False,,,3,target_object_corrected,3,board_data_3,trial_number,238,265,27,harmonized_hand_active_board10,test
1,1,3,2,0,1,3,[3.0],False,B1_trial3_rep2_attempt0.csv,/Users/arthu/Desktop/CTM_Res-Pro/data/reach_to_grasp_dataset/data/participant_1/motion/B1_trial3_rep2_attempt0.csv,3,3,False,,,3,target_object_corrected,3,board_data_3,trial_number,256,279,23,harmonized_hand_active_board10,test
1,1,3,3,0,1,3,[3.0],False,B1_trial3_rep3_attempt0.csv,/Users/arthu/Desktop/CTM_Res-Pro/data/reach_to_grasp_dataset/data/participant_1/motion/B1_trial3_rep3_attempt0.csv,3,3,False,,,3,target_object_corrected,3,board_data_3,trial_number,232,251,19,harmonized_hand_active_board10,test
1,1,4,0,0,1,4,"[3.0, 4.0]",True,B1_trial4_rep0_attempt0.csv,/Users/arthu/Desktop/CTM_Res-Pro/data/reach_to_grasp_dataset/data/participant_1/motion/B1_trial4_rep0_attempt0.csv,4,4,True,1.0,B1_trial4_rep1_attempt0.csv,4,target_object_corrected,4,board_data_4,trial_number,213,245,32,harmonized_hand_active_board10,test
1,1,4,1,0,1,4,[4.0],False,B1_trial4_rep1_attempt0.csv,/Users/arthu/Desktop/CTM_Res-Pro/data/reach_to_grasp_dataset/data/participant_1/motion/B1_trial4_rep1_attempt0.csv,4,4,False,,,4,target_object_corrected,4,board_data_4,trial_number,219,255,36,harmonized_hand_active_board10,test
1,1,4,2,0,1,4,[4.0],False,B1_trial4_rep2_attempt0.csv,/Users/arthu/Desktop/CTM_Res-Pro/data/reach_to_grasp_dataset/data/participant_1/motion/B1_trial4_rep2_attempt0.csv,4,4,False,,,4,target_object_corrected,4,board_data_4,trial_number,223,265,42,harmonized_hand_active_board10,test
1,1,4,3,0,1,4,[4.0],False,B1_trial4_rep3_attempt0.csv,/Users/arthu/Desktop/CTM_Res-Pro/data/reach_to_grasp_dataset/data/participant_1/motion/B1_trial4_rep3_attempt0.csv,4,4,False,,,4,target_object_corrected,4,board_data_4,trial_number,229,272,43,harmonized_hand_active_board10,test
1,1,5,0,0,1,5,"[4.0, 5.0]",True,B1_trial5_rep0_attempt0.csv,/Users/arthu/Desktop/CTM_Res-Pro/data/reach_to_grasp_dataset/data/participant_1/motion/B1_trial5_rep0_attempt0.csv,5,5,True,1.0,B1_trial5_rep1_attempt0.csv,5,target_object_corrected,5,board_data_5,trial_number,213,278,65,harmonized_hand_active_board10,test
1,1,5,1,0,1,5,[5.0],False,B1_trial5_rep1_attempt0.csv,/Users/arthu/Desktop/CTM_Res-Pro/data/reach_to_grasp_dataset/data/participant_1/motion/B1_trial5_rep1_attempt0.csv,5,5,False,,,5,target_object_corrected,5,board_data_5,trial_number,218,277,59,harmonized_hand_active_board10,test
1,1,5,2,0,1,5,[5.0],False,B1_trial5_rep2_attempt0.csv,/Users/arthu/Desktop/CTM_Res-Pro/data/reach_to_grasp_dataset/data/participant_1/motion/B1_trial5_rep2_attempt0.csv,5,5,False,,,5,target_object_corrected,5,board_data_5,trial_number,220,267,47,harmonized_hand_active_board10,test
1,1,5,3,0,1,5,[5.0],False,B1_trial5_rep3_attempt0.csv,/Users/arthu/Desktop/CTM_Res-Pro/data/reach_to_grasp_dataset/data/participant_1/motion/B1_trial5_rep3_attempt0.csv,5,5,False,,,5,target_object_corrected,5,board_data_5,trial_number,219,276,57,harmonized_hand_active_board10,test
1,1,6,0,0,1,6,"[5.0, 6.0]",True,B1_trial6_rep0_attempt0.csv,/Users/arthu/Desktop/CTM_Res-Pro/data/reach_to_grasp_dataset/data/participant_1/motion/B1_trial6_rep0_attempt0.csv,6,6,True,1.0,B1_trial6_rep1_attempt0.csv,6,target_object_corrected,6,board_data_6,trial_number,238,340,102,harmonized_hand_active_board10,test
1,1,6,1,0,1,6,[6.0],False,B1_trial6_rep1_attempt0.csv,/Users/arthu/Desktop/CTM_Res-Pro/data/reach_to_grasp_dataset/data/participant_1/motion/B1_trial6_rep1_attempt0.csv,6,6,False,,,6,target_object_corrected,6,board_data_6,trial_number,213,294,81,harmonized_hand_active_board10,test
1,1,6,2,0,1,6,[6.0],False,B1_trial6_rep2_attempt0.csv,/Users/arthu/Desktop/CTM_Res-Pro/data/reach_to_grasp_dataset/data/participant_1/motion/B1_trial6_rep2_attempt0.csv,6,6,False,,,6,target_object_corrected,6,board_data_6,trial_number,223,317,94,harmonized_hand_active_board10,test
1,1,6,3,0,1,6,[6.0],False,B1_trial6_rep3_attempt0.csv,/Users/arthu/Desktop/CTM_Res-Pro/data/reach_to_grasp_dataset/data/participant_1/motion/B1_trial6_rep3_attempt0.csv,6,6,False,,,6,target_object_corrected,6,board_data_6,trial_number,225,290,65,harmonized_hand_active_board10,test
1,1,7,0,0,1,7,"[6.0, 7.0]",True,B1_trial7_rep0_attempt0.csv,/Users/arthu/Desktop/CTM_Res-Pro/data/reach_to_grasp_dataset/data/participant_1/motion/B1_trial7_rep0_attempt0.csv,7,7,True,1.0,B1_trial7_rep1_attempt0.csv,7,target_object_corrected,7,board_data_7,trial_number,208,254,46,harmonized_hand_active_board10,test
1,1,7,1,0,1,7,[7.0],False,B1_trial7_rep1_attempt0.csv,/Users/arthu/Desktop/CTM_Res-Pro/data/reach_to_grasp_dataset/data/participant_1/motion/B1_trial7_rep1_attempt0.csv,7,7,False,,,7,target_object_corrected,7,board_data_7,trial_number,224,269,45,harmonized_hand_active_board10,test
1,1,7,2,0,1,7,[7.0],False,B1_trial7_rep2_attempt0.csv,/Users/arthu/Desktop/CTM_Res-Pro/data/reach_to_grasp_dataset/data/participant_1/motion/B1_trial7_rep2_attempt0.csv,7,7,False,,,7,target_object_corrected,7,board_data_7,trial_number,211,264,53,harmonized_hand_active_board10,test
1,1,7,3,0,1,7,[7.0],False,B1_trial7_rep3_attempt0.csv,/Users/arthu/Desktop/CTM_Res-Pro/data/reach_to_grasp_dataset/data/participant_1/motion/B1_trial7_rep3_attempt0.csv,7,7,False,,,7,target_object_corrected,7,board_data_7,trial_number,227,284,57,harmonized_hand_active_board10,test
1,2,0,0,0,1,7,[7.0],False,B2_trial0_rep0_attempt0.csv,/Users/arthu/Desktop/CTM_Res-Pro/data/reach_to_grasp_dataset/data/participant_1/motion/B2_trial0_rep0_attempt0.csv,7,7,True,1.0,B2_trial0_rep1_attempt0.csv,7,target_object_corrected,0,board_data_0,trial_number,215,268,53,harmonized_hand_active_board10,test
1,2,0,1,0,1,7,[7.0],False,B2_trial0_rep1_attempt0.csv,/Users/arthu/Desktop/CTM_Res-Pro/data/reach_to_grasp_dataset/data/participant_1/motion/B2_trial0_rep1_attempt0.csv,7,7,False,,,7,target_object_corrected,0,board_data_0,trial_number,226,269,43,harmonized_hand_active_board10,test
1,2,0,2,0,1,7,[7.0],False,B2_trial0_rep2_attempt0.csv,/Users/arthu/Desktop/CTM_Res-Pro/data/reach_to_grasp_dataset/data/participant_1/motion/B2_trial0_rep2_attempt0.csv,7,7,False,,,7,target_object_corrected,0,board_data_0,trial_number,220,272,52,harmonized_hand_active_board10,test
1,2,0,3,0,1,7,[7.0],False,B2_trial0_rep3_attempt0.csv,/Users/arthu/Desktop/CTM_Res-Pro/data/reach_to_grasp_dataset/data/participant_1/motion/B2_trial0_rep3_attempt0.csv,7,7,False,,,7,target_object_corrected,0,board_data_0,trial_number,231,282,51,harmonized_hand_active_board10,test
1,2,1,0,0,1,6,"[0.0, 6.0]",True,B2_trial1_rep0_attempt0.csv,/Users/arthu/Desktop/CTM_Res-Pro/data/reach_to_grasp_dataset/data/participant_1/motion/B2_trial1_rep0_attempt0.csv,6,6,True,1.0,B2_trial1_rep1_attempt0.csv,6,target_object_corrected,1,board_data_1,trial_number,218,287,69,harmonized_hand_active_board10,test
1,2,1,1,0,1,6,[6.0],False,B2_trial1_rep1_attempt0.csv,/Users/arthu/Desktop/CTM_Res-Pro/data/reach_to_grasp_dataset/data/participant_1/motion/B2_trial1_rep1_attempt0.csv,6,6,False,,,6,target_object_corrected,1,board_data_1,trial_number,224,271,47,harmonized_hand_active_board10,test
1,2,1,2,0,1,6,[6.0],False,B2_trial1_rep2_attempt0.csv,/Users/arthu/Desktop/CTM_Res-Pro/data/reach_to_grasp_dataset/data/participant_1/motion/B2_trial1_rep2_attempt0.csv,6,6,False,,,6,target_object_corrected,1,board_data_1,trial_number,223,275,52,harmonized_hand_active_board10,test
1,2,1,3,0,1,6,[6.0],False,B2_trial1_rep3_attempt0.csv,/Users/arthu/Desktop/CTM_Res-Pro/data/reach_to_grasp_dataset/data/participant_1/motion/B2_trial1_rep3_attempt0.csv,6,6,False,,,6,target_object_corrected,1,board_data_1,trial_number,231,282,51,harmonized_hand_active_board10,test
1,2,2,0,0,1,5,"[1.0, 5.0]",True,B2_trial2_rep0_attempt0.csv,/Users/arthu/Desktop/CTM_Res-Pro/data/reach_to_grasp_dataset/data/participant_1/motion/B2_trial2_rep0_attempt0.csv,5,5,True,1.0,B2_trial2_rep1_attempt0.csv,5,target_object_corrected,2,board_data_2,trial_number,224,277,53,harmonized_hand_active_board10,test
1,2,2,1,0,1,5,[5.0],False,B2_trial2_rep1_attempt0.csv,/Users/arthu/Desktop/CTM_Res-Pro/data/reach_to_grasp_dataset/data/participant_1/motion/B2_trial2_rep1_attempt0.csv,5,5,False,,,5,target_object_corrected,2,board_data_2,trial_number,218,285,67,harmonized_hand_active_board10,test
1,2,2,2,0,1,5,[5.0],False,B2_trial2_rep2_attempt0.csv,/Users/arthu/Desktop/CTM_Res-Pro/data/reach_to_grasp_dataset/data/participant_1/motion/B2_trial2_rep2_attempt0.csv,5,5,False,,,5,target_object_corrected,2,board_data_2,trial_number,231,287,56,harmonized_hand_active_board10,test
1,2,2,3,0,1,5,[5.0],False,B2_trial2_rep3_attempt0.csv,/Users/arthu/Desktop/CTM_Res-Pro/data/reach_to_grasp_dataset/data/participant_1/motion/B2_trial2_rep3_attempt0.csv,5,5,False,,,5,target_object_corrected,2,board_data_2,trial_number,221,286,65,harmonized_hand_active_board10,test
1,2,3,0,0,1,4,"[2.0, 4.0]",True,B2_trial3_rep0_attempt0.csv,/Users/arthu/Desktop/CTM_Res-Pro/data/reach_to_grasp_dataset/data/participant_1/motion/B2_trial3_rep0_attempt0.csv,4,4,True,1.0,B2_trial3_rep1_attempt0.csv,4,target_object_corrected,3,board_data_3,trial_number,246,267,21,harmonized_hand_active_board10,test
1,2,3,1,0,1,4,[4.0],False,B2_trial3_rep1_attempt0.csv,/Users/arthu/Desktop/CTM_Res-Pro/data/reach_to_grasp_dataset/data/participant_1/motion/B2_trial3_rep1_attempt0.csv,4,4,False,,,4,target_object_corrected,3,board_data_3,trial_number,280,283,3,harmonized_hand_active_board10,test
1,2,3,2,0,1,4,[4.0],False,B2_trial3_rep2_attempt0.csv,/Users/arthu/Desktop/CTM_Res-Pro/data/reach_to_grasp_dataset/data/participant_1/motion/B2_trial3_rep2_attempt0.csv,4,4,False,,,4,target_object_corrected,3,board_data_3,trial_number,289,294,5,harmonized_hand_active_board10,test
1,2,3,3,0,1,4,[4.0],False,B2_trial3_rep3_attempt0.csv,/Users/arthu/Desktop/CTM_Res-Pro/data/reach_to_grasp_dataset/data/participant_1/motion/B2_trial3_rep3_attempt0.csv,4,4,False,,,4,target_object_corrected,3,board_data_3,trial_number,265,270,5,harmonized_hand_active_board10,test
1,2,4,0,0,1,3,[3.0],False,B2_trial4_rep0_attempt0.csv,/Users/arthu/Desktop/CTM_Res-Pro/data/reach_to_grasp_dataset/data/participant_1/motion/B2_trial4_rep0_attempt0.csv,3,3,True,1.0,B2_trial4_rep1_attempt0.csv,3,target_object_corrected,4,board_data_4,trial_number,211,267,56,harmonized_hand_active_board10,test
1,2,4,1,0,1,3,[3.0],False,B2_trial4_rep1_attempt0.csv,/Users/arthu/Desktop/CTM_Res-Pro/data/reach_to_grasp_dataset/data/participant_1/motion/B2_trial4_rep1_attempt0.csv,3,3,False,,,3,target_object_corrected,4,board_data_4,trial_number,205,245,40,harmonized_hand_active_board10,test
1,2,4,2,0,1,3,[3.0],False,B2_trial4_rep2_attempt0.csv,/Users/arthu/Desktop/CTM_Res-Pro/data/reach_to_grasp_dataset/data/participant_1/motion/B2_trial4_rep2_attempt0.csv,3,3,False,,,3,target_object_corrected,4,board_data_4,trial_number,209,262,53,harmonized_hand_active_board10,test
1,2,4,3,0,1,3,[3.0],False,B2_trial4_rep3_attempt0.csv,/Users/arthu/Desktop/CTM_Res-Pro/data/reach_to_grasp_dataset/data/participant_1/motion/B2_trial4_rep3_attempt0.csv,3,3,False,,,3,target_object_corrected,4,board_data_4,trial_number,224,286,62,harmonized_hand_active_board10,test
1,2,5,0,0,1,2,"[4.0, 2.0]",True,B2_trial5_rep0_attempt0.csv,/Users/arthu/Desktop/CTM_Res-Pro/data/reach_to_grasp_dataset/data/participant_1/motion/B2_trial5_rep0_attempt0.csv,2,2,True,1.0,B2_trial5_rep1_attempt0.csv,2,target_object_corrected,5,board_data_5,trial_number,228,288,60,harmonized_hand_active_board10,test
1,2,5,1,0,1,2,[2.0],False,B2_trial5_rep1_attempt0.csv,/Users/arthu/Desktop/CTM_Res-Pro/data/reach_to_grasp_dataset/data/participant_1/motion/B2_trial5_rep1_attempt0.csv,2,2,False,,,2,target_object_corrected,5,board_data_5,trial_number,209,263,54,harmonized_hand_active_board10,test
1,2,5,2,0,1,2,[2.0],False,B2_trial5_rep2_attempt0.csv,/Users/arthu/Desktop/CTM_Res-Pro/data/reach_to_grasp_dataset/data/participant_1/motion/B2_trial5_rep2_attempt0.csv,2,2,False,,,2,target_object_corrected,5,board_data_5,trial_number,221,278,57,harmonized_hand_active_board10,test
1,2,5,3,0,1,2,[2.0],False,B2_trial5_rep3_attempt0.csv,/Users/arthu/Desktop/CTM_Res-Pro/data/reach_to_grasp_dataset/data/participant_1/motion/B2_trial5_rep3_attempt0.csv,2,2,False,,,2,target_object_corrected,5,board_data_5,trial_number,215,266,51,harmonized_hand_active_board10,test
1,2,6,0,0,1,1,"[5.0, 1.0]",True,B2_trial6_rep0_attempt0.csv,/Users/arthu/Desktop/CTM_Res-Pro/data/reach_to_grasp_dataset/data/participant_1/motion/B2_trial6_rep0_attempt0.csv,1,1,True,1.0,B2_trial6_rep1_attempt0.csv,1,target_object_corrected,6,board_data_6,trial_number,209,271,62,harmonized_hand_active_board10,test
1,2,6,1,0,1,1,[1.0],False,B2_trial6_rep1_attempt0.csv,/Users/arthu/Desktop/CTM_Res-Pro/data/reach_to_grasp_dataset/data/participant_1/motion/B2_trial6_rep1_attempt0.csv,1,1,False,,,1,target_object_corrected,6,board_data_6,trial_number,214,264,50,harmonized_hand_active_board10,test
1,2,6,2,0,1,1,[1.0],False,B2_trial6_rep2_attempt0.csv,/Users/arthu/Desktop/CTM_Res-Pro/data/reach_to_grasp_dataset/data/participant_1/motion/B2_trial6_rep2_attempt0.csv,1,1,False,,,1,target_object_corrected,6,board_data_6,trial_number,230,281,51,harmonized_hand_active_board10,test
1,2,6,3,0,1,1,[1.0],False,B2_trial6_rep3_attempt0.csv,/Users/arthu/Desktop/CTM_Res-Pro/data/reach_to_grasp_dataset/data/participant_1/motion/B2_trial6_rep3_attempt0.csv,1,1,False,,,1,target_object_corrected,6,board_data_6,trial_number,227,274,47,harmonized_hand_active_board10,test
1,2,7,0,0,1,0,"[6.0, 0.0]",True,B2_trial7_rep0_attempt0.csv,/Users/arthu/Desktop/CTM_Res-Pro/data/reach_to_grasp_dataset/data/participant_1/motion/B2_trial7_rep0_attempt0.csv,0,0,True,1.0,B2_trial7_rep1_attempt0.csv,0,target_object_corrected,7,board_data_7,trial_number,228,278,50,harmonized_hand_active_board10,test
1,2,7,1,0,1,0,[0.0],False,B2_trial7_rep1_attempt0.csv,/Users/arthu/Desktop/CTM_Res-Pro/data/reach_to_grasp_dataset/data/participant_1/motion/B2_trial7_rep1_attempt0.csv,0,0,False,,,0,target_object_corrected,7,board_data_7,trial_number,216,278,62,harmonized_hand_active_board10,test
1,2,7,2,0,1,0,[0.0],False,B2_trial7_rep2_attempt0.csv,/Users/arthu/Desktop/CTM_Res-Pro/data/reach_to_grasp_dataset/data/participant_1/motion/B2_trial7_rep2_attempt0.csv,0,0,False,,,0,target_object_corrected,7,board_data_7,trial_number,234,289,55,harmonized_hand_active_board10,test
1,2,7,3,0,1,0,[0.0],False,B2_trial7_rep3_attempt0.csv,/Users/arthu/Desktop/CTM_Res-Pro/data/reach_to_grasp_dataset/data/participant_1/motion/B2_trial7_rep3_attempt0.csv,0,0,False,,,0,target_object_corrected,7,board_data_7,trial_number,229,281,52,harmonized_hand_active_board10,test
1,3,0,0,0,1,3,"[7.0, 3.0]",True,B3_trial0_rep0_attempt0.csv,/Users/arthu/Desktop/CTM_Res-Pro/data/reach_to_grasp_dataset/data/participant_1/motion/B3_trial0_rep0_attempt0.csv,3,3,True,1.0,B3_trial0_rep1_attempt0.csv,3,target_object_corrected,0,board_data_0,trial_number,215,295,80,harmonized_hand_active_board10,test
1,3,0,1,0,1,3,[3.0],False,B3_trial0_rep1_attempt0.csv,/Users/arthu/Desktop/CTM_Res-Pro/data/reach_to_grasp_dataset/data/participant_1/motion/B3_trial0_rep1_attempt0.csv,3,3,False,,,3,target_object_corrected,0,board_data_0,trial_number,216,279,63,harmonized_hand_active_board10,test
1,3,0,2,0,1,3,[3.0],False,B3_trial0_rep2_attempt0.csv,/Users/arthu/Desktop/CTM_Res-Pro/data/reach_to_grasp_dataset/data/participant_1/motion/B3_trial0_rep2_attempt0.csv,3,3,False,,,3,target_object_corrected,0,board_data_0,trial_number,224,283,59,harmonized_hand_active_board10,test
1,3,0,3,0,1,3,[3.0],False,B3_trial0_rep3_attempt0.csv,/Users/arthu/Desktop/CTM_Res-Pro/data/reach_to_grasp_dataset/data/participant_1/motion/B3_trial0_rep3_attempt0.csv,3,3,False,,,3,target_object_corrected,0,board_data_0,trial_number,229,289,60,harmonized_hand_active_board10,test
1,3,1,0,0,1,2,"[0.0, 2.0]",True,B3_trial1_rep0_attempt0.csv,/Users/arthu/Desktop/CTM_Res-Pro/data/reach_to_grasp_dataset/data/participant_1/motion/B3_trial1_rep0_attempt0.csv,2,2,True,1.0,B3_trial1_rep1_attempt0.csv,2,target_object_corrected,1,board_data_1,trial_number,221,275,54,harmonized_hand_active_board10,test
1,3,1,1,0,1,2,[2.0],False,B3_trial1_rep1_attempt0.csv,/Users/arthu/Desktop/CTM_Res-Pro/data/reach_to_grasp_dataset/data/participant_1/motion/B3_trial1_rep1_attempt0.csv,2,2,False,,,2,target_object_corrected,1,board_data_1,trial_number,217,279,62,harmonized_hand_active_board10,test
1,3,1,2,0,1,2,[2.0],False,B3_trial1_rep2_attempt0.csv,/Users/arthu/Desktop/CTM_Res-Pro/data/reach_to_grasp_dataset/data/participant_1/motion/B3_trial1_rep2_attempt0.csv,2,2,False,,,2,target_object_corrected,1,board_data_1,trial_number,216,270,54,harmonized_hand_active_board10,test
1,3,1,3,0,1,2,[2.0],False,B3_trial1_rep3_attempt0.csv,/Users/arthu/Desktop/CTM_Res-Pro/data/reach_to_grasp_dataset/data/participant_1/motion/B3_trial1_rep3_attempt0.csv,2,2,False,,,2,target_object_corrected,1,board_data_1,trial_number,233,289,56,harmonized_hand_active_board10,test
1,3,2,0,0,1,1,[1.0],False,B3_trial2_rep0_attempt0.csv,/Users/arthu/Desktop/CTM_Res-Pro/data/reach_to_grasp_dataset/data/participant_1/motion/B3_trial2_rep0_attempt0.csv,1,1,True,1.0,B3_trial2_rep1_attempt0.csv,1,target_object_corrected,2,board_data_2,trial_number,237,280,43,harmonized_hand_active_board10,test
1,3,2,1,0,1,1,[1.0],False,B3_trial2_rep1_attempt0.csv,/Users/arthu/Desktop/CTM_Res-Pro/data/reach_to_grasp_dataset/data/participant_1/motion/B3_trial2_rep1_attempt0.csv,1,1,False,,,1,target_object_corrected,2,board_data_2,trial_number,222,262,40,harmonized_hand_active_board10,test
1,3,2,2,0,1,1,[1.0],False,B3_trial2_rep2_attempt0.csv,/Users/arthu/Desktop/CTM_Res-Pro/data/reach_to_grasp_dataset/data/participant_1/motion/B3_trial2_rep2_attempt0.csv,1,1,False,,,1,target_object_corrected,2,board_data_2,trial_number,232,272,40,harmonized_hand_active_board10,test
1,3,2,3,0,1,1,[1.0],False,B3_trial2_rep3_attempt0.csv,/Users/arthu/Desktop/CTM_Res-Pro/data/reach_to_grasp_dataset/data/participant_1/motion/B3_trial2_rep3_attempt0.csv,1,1,False,,,1,target_object_corrected,2,board_data_2,trial_number,241,287,46,harmonized_hand_active_board10,test
1,3,3,0,0,1,0,"[2.0, 0.0]",True,B3_trial3_rep0_attempt0.csv,/Users/arthu/Desktop/CTM_Res-Pro/data/reach_to_grasp_dataset/data/participant_1/motion/B3_trial3_rep0_attempt0.csv,0,0,True,1.0,B3_trial3_rep1_attempt0.csv,0,target_object_corrected,3,board_data_3,trial_number,239,282,43,harmonized_hand_active_board10,test
1,3,3,1,0,1,0,[0.0],False,B3_trial3_rep1_attempt0.csv,/Users/arthu/Desktop/CTM_Res-Pro/data/reach_to_grasp_dataset/data/participant_1/motion/B3_trial3_rep1_attempt0.csv,0,0,False,,,0,target_object_corrected,3,board_data_3,trial_number,242,277,35,harmonized_hand_active_board10,test
1,3,3,2,0,1,0,[0.0],False,B3_trial3_rep2_attempt0.csv,/Users/arthu/Desktop/CTM_Res-Pro/data/reach_to_grasp_dataset/data/participant_1/motion/B3_trial3_rep2_attempt0.csv,0,0,False,,,0,target_object_corrected,3,board_data_3,trial_number,237,276,39,harmonized_hand_active_board10,test
1,3,3,3,0,1,0,[0.0],False,B3_trial3_rep3_attempt0.csv,/Users/arthu/Desktop/CTM_Res-Pro/data/reach_to_grasp_dataset/data/participant_1/motion/B3_trial3_rep3_attempt0.csv,0,0,False,,,0,target_object_corrected,3,board_data_3,trial_number,231,275,44,harmonized_hand_active_board10,test
1,3,4,0,0,1,7,"[3.0, 7.0]",True,B3_trial4_rep0_attempt0.csv,/Users/arthu/Desktop/CTM_Res-Pro/data/reach_to_grasp_dataset/data/participant_1/motion/B3_trial4_rep0_attempt0.csv,7,7,True,1.0,B3_trial4_rep1_attempt0.csv,7,target_object_corrected,4,board_data_4,trial_number,211,262,51,harmonized_hand_active_board10,test
1,3,4,1,0,1,7,[7.0],False,B3_trial4_rep1_attempt0.csv,/Users/arthu/Desktop/CTM_Res-Pro/data/reach_to_grasp_dataset/data/participant_1/motion/B3_trial4_rep1_attempt0.csv,7,7,False,,,7,target_object_corrected,4,board_data_4,trial_number,214,278,64,harmonized_hand_active_board10,test
1,3,4,2,0,1,7,[7.0],False,B3_trial4_rep2_attempt0.csv,/Users/arthu/Desktop/CTM_Res-Pro/data/reach_to_grasp_dataset/data/participant_1/motion/B3_trial4_rep2_attempt0.csv,7,7,False,,,7,target_object_corrected,4,board_data_4,trial_number,221,268,47,harmonized_hand_active_board10,test
1,3,4,3,0,1,7,[7.0],False,B3_trial4_rep3_attempt0.csv,/Users/arthu/Desktop/CTM_Res-Pro/data/reach_to_grasp_dataset/data/participant_1/motion/B3_trial4_rep3_attempt0.csv,7,7,False,,,7,target_object_corrected,4,board_data_4,trial_number,220,278,58,harmonized_hand_active_board10,test
1,3,5,0,0,1,6,"[4.0, 6.0]",True,B3_trial5_rep0_attempt0.csv,/Users/arthu/Desktop/CTM_Res-Pro/data/reach_to_grasp_dataset/data/participant_1/motion/B3_trial5_rep0_attempt0.csv,6,6,True,1.0,B3_trial5_rep1_attempt0.csv,6,target_object_corrected,5,board_data_5,trial_number,206,285,79,harmonized_hand_active_board10,test
1,3,5,1,0,1,6,[6.0],False,B3_trial5_rep1_attempt0.csv,/Users/arthu/Desktop/CTM_Res-Pro/data/reach_to_grasp_dataset/data/participant_1/motion/B3_trial5_rep1_attempt0.csv,6,6,False,,,6,target_object_corrected,5,board_data_5,trial_number,217,271,54,harmonized_hand_active_board10,test
1,3,5,2,0,1,6,[6.0],False,B3_trial5_rep2_attempt0.csv,/Users/arthu/Desktop/CTM_Res-Pro/data/reach_to_grasp_dataset/data/participant_1/motion/B3_trial5_rep2_attempt0.csv,6,6,False,,,6,target_object_corrected,5,board_data_5,trial_number,221,282,61,harmonized_hand_active_board10,test
1,3,5,3,0,1,6,[6.0],False,B3_trial5_rep3_attempt0.csv,/Users/arthu/Desktop/CTM_Res-Pro/data/reach_to_grasp_dataset/data/participant_1/motion/B3_trial5_rep3_attempt0.csv,6,6,False,,,6,target_object_corrected,5,board_data_5,trial_number,203,259,56,harmonized_hand_active_board10,test
1,3,6,0,0,1,5,[5.0],False,B3_trial6_rep0_attempt0.csv,/Users/arthu/Desktop/CTM_Res-Pro/data/reach_to_grasp_dataset/data/participant_1/motion/B3_trial6_rep0_attempt0.csv,5,5,True,1.0,B3_trial6_rep1_attempt0.csv,5,target_object_corrected,6,board_data_6,trial_number,218,271,53,harmonized_hand_active_board10,test
1,3,6,1,0,1,5,[5.0],False,B3_trial6_rep1_attempt0.csv,/Users/arthu/Desktop/CTM_Res-Pro/data/reach_to_grasp_dataset/data/participant_1/motion/B3_trial6_rep1_attempt0.csv,5,5,False,,,5,target_object_corrected,6,board_data_6,trial_number,212,280,68,harmonized_hand_active_board10,test
1,3,6,2,0,1,5,[5.0],False,B3_trial6_rep2_attempt0.csv,/Users/arthu/Desktop/CTM_Res-Pro/data/reach_to_grasp_dataset/data/participant_1/motion/B3_trial6_rep2_attempt0.csv,5,5,False,,,5,target_object_corrected,6,board_data_6,trial_number,212,273,61,harmonized_hand_active_board10,test
1,3,6,3,0,1,5,[5.0],False,B3_trial6_rep3_attempt0.csv,/Users/arthu/Desktop/CTM_Res-Pro/data/reach_to_grasp_dataset/data/participant_1/motion/B3_trial6_rep3_attempt0.csv,5,5,False,,,5,target_object_corrected,6,board_data_6,trial_number,215,278,63,harmonized_hand_active_board10,test
1,3,7,0,1,1,4,[4.0],False,B3_trial7_rep0_attempt1.csv,/Users/arthu/Desktop/CTM_Res-Pro/data/reach_to_grasp_dataset/data/participant_1/motion/B3_trial7_rep0_attempt1.csv,4,4,True,1.0,B3_trial7_rep1_attempt0.csv,4,target_object_corrected,7,board_data_7,trial_number,211,257,46,harmonized_hand_active_board10,test
1,3,7,1,0,1,4,[4.0],False,B3_trial7_rep1_attempt0.csv,/Users/arthu/Desktop/CTM_Res-Pro/data/reach_to_grasp_dataset/data/participant_1/motion/B3_trial7_rep1_attempt0.csv,4,4,False,,,4,target_object_corrected,7,board_data_7,trial_number,214,253,39,harmonized_hand_active_board10,test
1,3,7,2,0,1,4,[4.0],False,B3_trial7_rep2_attempt0.csv,/Users/arthu/Desktop/CTM_Res-Pro/data/reach_to_grasp_dataset/data/participant_1/motion/B3_trial7_rep2_attempt0.csv,4,4,False,,,4,target_object_corrected,7,board_data_7,trial_number,210,254,44,harmonized_hand_active_board10,test
1,3,7,3,0,1,4,[4.0],False,B3_trial7_rep3_attempt0.csv,/Users/arthu/Desktop/CTM_Res-Pro/data/reach_to_grasp_dataset/data/participant_1/motion/B3_trial7_rep3_attempt0.csv,4,4,False,,,4,target_object_corrected,7,board_data_7,trial_number,219,261,42,harmonized_hand_active_board10,test
1,4,0,0,0,1,4,"[7.0, 4.0]",True,B4_trial0_rep0_attempt0.csv,/Users/arthu/Desktop/CTM_Res-Pro/data/reach_to_grasp_dataset/data/participant_1/motion/B4_trial0_rep0_attempt0.csv,4,4,True,1.0,B4_trial0_rep1_attempt0.csv,4,target_object_corrected,0,board_data_0,trial_number,210,259,49,harmonized_hand_active_board10,test
1,4,0,1,0,1,4,[4.0],False,B4_trial0_rep1_attempt0.csv,/Users/arthu/Desktop/CTM_Res-Pro/data/reach_to_grasp_dataset/data/participant_1/motion/B4_trial0_rep1_attempt0.csv,4,4,False,,,4,target_object_corrected,0,board_data_0,trial_number,212,250,38,harmonized_hand_active_board10,test
1,4,0,2,0,1,4,[4.0],False,B4_trial0_rep2_attempt0.csv,/Users/arthu/Desktop/CTM_Res-Pro/data/reach_to_grasp_dataset/data/participant_1/motion/B4_trial0_rep2_attempt0.csv,4,4,False,,,4,target_object_corrected,0,board_data_0,trial_number,215,261,46,harmonized_hand_active_board10,test
1,4,0,3,0,1,4,[4.0],False,B4_trial0_rep3_attempt0.csv,/Users/arthu/Desktop/CTM_Res-Pro/data/reach_to_grasp_dataset/data/participant_1/motion/B4_trial0_rep3_attempt0.csv,4,4,False,,,4,target_object_corrected,0,board_data_0,trial_number,212,257,45,harmonized_hand_active_board10,test
1,4,1,0,0,1,5,"[0.0, 5.0]",True,B4_trial1_rep0_attempt0.csv,/Users/arthu/Desktop/CTM_Res-Pro/data/reach_to_grasp_dataset/data/participant_1/motion/B4_trial1_rep0_attempt0.csv,5,5,True,1.0,B4_trial1_rep1_attempt0.csv,5,target_object_corrected,1,board_data_1,trial_number,215,273,58,harmonized_hand_active_board10,test
1,4,1,1,0,1,5,[5.0],False,B4_trial1_rep1_attempt0.csv,/Users/arthu/Desktop/CTM_Res-Pro/data/reach_to_grasp_dataset/data/participant_1/motion/B4_trial1_rep1_attempt0.csv,5,5,False,,,5,target_object_corrected,1,board_data_1,trial_number,218,281,63,harmonized_hand_active_board10,test
1,4,1,2,0,1,5,[5.0],False,B4_trial1_rep2_attempt0.csv,/Users/arthu/Desktop/CTM_Res-Pro/data/reach_to_grasp_dataset/data/participant_1/motion/B4_trial1_rep2_attempt0.csv,5,5,False,,,5,target_object_corrected,1,board_data_1,trial_number,221,283,62,harmonized_hand_active_board10,test
1,4,1,3,0,1,5,[5.0],False,B4_trial1_rep3_attempt0.csv,/Users/arthu/Desktop/CTM_Res-Pro/data/reach_to_grasp_dataset/data/participant_1/motion/B4_trial1_rep3_attempt0.csv,5,5,False,,,5,target_object_corrected,1,board_data_1,trial_number,221,290,69,harmonized_hand_active_board10,test
1,4,2,0,0,1,6,"[1.0, 6.0]",True,B4_trial2_rep0_attempt0.csv,/Users/arthu/Desktop/CTM_Res-Pro/data/reach_to_grasp_dataset/data/participant_1/motion/B4_trial2_rep0_attempt0.csv,6,6,True,1.0,B4_trial2_rep1_attempt0.csv,6,target_object_corrected,2,board_data_2,trial_number,226,275,49,harmonized_hand_active_board10,test
1,4,2,1,0,1,6,[6.0],False,B4_trial2_rep1_attempt0.csv,/Users/arthu/Desktop/CTM_Res-Pro/data/reach_to_grasp_dataset/data/participant_1/motion/B4_trial2_rep1_attempt0.csv,6,6,False,,,6,target_object_corrected,2,board_data_2,trial_number,242,288,46,harmonized_hand_active_board10,test
1,4,2,2,0,1,6,[6.0],False,B4_trial2_rep2_attempt0.csv,/Users/arthu/Desktop/CTM_Res-Pro/data/reach_to_grasp_dataset/data/participant_1/motion/B4_trial2_rep2_attempt0.csv,6,6,False,,,6,target_object_corrected,2,board_data_2,trial_number,248,285,37,harmonized_hand_active_board10,test
1,4,2,3,0,1,6,[6.0],False,B4_trial2_rep3_attempt0.csv,/Users/arthu/Desktop/CTM_Res-Pro/data/reach_to_grasp_dataset/data/participant_1/motion/B4_trial2_rep3_attempt0.csv,6,6,False,,,6,target_object_corrected,2,board_data_2,trial_number,228,274,46,harmonized_hand_active_board10,test
1,4,3,0,0,1,7,"[2.0, 7.0]",True,B4_trial3_rep0_attempt0.csv,/Users/arthu/Desktop/CTM_Res-Pro/data/reach_to_grasp_dataset/data/participant_1/motion/B4_trial3_rep0_attempt0.csv,7,7,True,1.0,B4_trial3_rep1_attempt0.csv,7,target_object_corrected,3,board_data_3,trial_number,243,266,23,harmonized_hand_active_board10,test
1,4,3,1,0,1,7,[7.0],False,B4_trial3_rep1_attempt0.csv,/Users/arthu/Desktop/CTM_Res-Pro/data/reach_to_grasp_dataset/data/participant_1/motion/B4_trial3_rep1_attempt0.csv,7,7,False,,,7,target_object_corrected,3,board_data_3,trial_number,236,259,23,harmonized_hand_active_board10,test
1,4,3,2,0,1,7,[7.0],False,B4_trial3_rep2_attempt0.csv,/Users/arthu/Desktop/CTM_Res-Pro/data/reach_to_grasp_dataset/data/participant_1/motion/B4_trial3_rep2_attempt0.csv,7,7,False,,,7,target_object_corrected,3,board_data_3,trial_number,226,249,23,harmonized_hand_active_board10,test
1,4,3,3,0,1,7,[7.0],False,B4_trial3_rep3_attempt0.csv,/Users/arthu/Desktop/CTM_Res-Pro/data/reach_to_grasp_dataset/data/participant_1/motion/B4_trial3_rep3_attempt0.csv,7,7,False,,,7,target_object_corrected,3,board_data_3,trial_number,243,268,25,harmonized_hand_active_board10,test
1,4,4,0,0,1,0,"[3.0, 0.0]",True,B4_trial4_rep0_attempt0.csv,/Users/arthu/Desktop/CTM_Res-Pro/data/reach_to_grasp_dataset/data/participant_1/motion/B4_trial4_rep0_attempt0.csv,0,0,True,1.0,B4_trial4_rep1_attempt0.csv,0,target_object_corrected,4,board_data_4,trial_number,206,248,42,harmonized_hand_active_board10,test
1,4,4,1,0,1,0,[0.0],False,B4_trial4_rep1_attempt0.csv,/Users/arthu/Desktop/CTM_Res-Pro/data/reach_to_grasp_dataset/data/participant_1/motion/B4_trial4_rep1_attempt0.csv,0,0,False,,,0,target_object_corrected,4,board_data_4,trial_number,213,254,41,harmonized_hand_active_board10,test
1,4,4,2,0,1,0,[0.0],False,B4_trial4_rep2_attempt0.csv,/Users/arthu/Desktop/CTM_Res-Pro/data/reach_to_grasp_dataset/data/participant_1/motion/B4_trial4_rep2_attempt0.csv,0,0,False,,,0,target_object_corrected,4,board_data_4,trial_number,221,264,43,harmonized_hand_active_board10,test
1,4,4,3,0,1,0,[0.0],False,B4_trial4_rep3_attempt0.csv,/Users/arthu/Desktop/CTM_Res-Pro/data/reach_to_grasp_dataset/data/participant_1/motion/B4_trial4_rep3_attempt0.csv,0,0,False,,,0,target_object_corrected,4,board_data_4,trial_number,226,276,50,harmonized_hand_active_board10,test
1,4,5,0,0,1,1,"[4.0, 1.0]",True,B4_trial5_rep0_attempt0.csv,/Users/arthu/Desktop/CTM_Res-Pro/data/reach_to_grasp_dataset/data/participant_1/motion/B4_trial5_rep0_attempt0.csv,1,1,True,1.0,B4_trial5_rep1_attempt0.csv,1,target_object_corrected,5,board_data_5,trial_number,215,262,47,harmonized_hand_active_board10,test
1,4,5,1,0,1,1,[1.0],False,B4_trial5_rep1_attempt0.csv,/Users/arthu/Desktop/CTM_Res-Pro/data/reach_to_grasp_dataset/data/participant_1/motion/B4_trial5_rep1_attempt0.csv,1,1,False,,,1,target_object_corrected,5,board_data_5,trial_number,215,262,47,harmonized_hand_active_board10,test
1,4,5,2,0,1,1,[1.0],False,B4_trial5_rep2_attempt0.csv,/Users/arthu/Desktop/CTM_Res-Pro/data/reach_to_grasp_dataset/data/participant_1/motion/B4_trial5_rep2_attempt0.csv,1,1,False,,,1,target_object_corrected,5,board_data_5,trial_number,230,280,50,harmonized_hand_active_board10,test
1,4,5,3,0,1,1,[1.0],False,B4_trial5_rep3_attempt0.csv,/Users/arthu/Desktop/CTM_Res-Pro/data/reach_to_grasp_dataset/data/participant_1/motion/B4_trial5_rep3_attempt0.csv,1,1,False,,,1,target_object_corrected,5,board_data_5,trial_number,219,281,62,harmonized_hand_active_board10,test
1,4,6,0,0,1,2,"[5.0, 2.0]",True,B4_trial6_rep0_attempt0.csv,/Users/arthu/Desktop/CTM_Res-Pro/data/reach_to_grasp_dataset/data/participant_1/motion/B4_trial6_rep0_attempt0.csv,2,2,True,1.0,B4_trial6_rep1_attempt0.csv,2,target_object_corrected,6,board_data_6,trial_number,216,282,66,harmonized_hand_active_board10,test
1,4,6,1,0,1,2,[2.0],False,B4_trial6_rep1_attempt0.csv,/Users/arthu/Desktop/CTM_Res-Pro/data/reach_to_grasp_dataset/data/participant_1/motion/B4_trial6_rep1_attempt0.csv,2,2,False,,,2,target_object_corrected,6,board_data_6,trial_number,217,286,69,harmonized_hand_active_board10,test
1,4,6,2,0,1,2,[2.0],False,B4_trial6_rep2_attempt0.csv,/Users/arthu/Desktop/CTM_Res-Pro/data/reach_to_grasp_dataset/data/participant_1/motion/B4_trial6_rep2_attempt0.csv,2,2,False,,,2,target_object_corrected,6,board_data_6,trial_number,219,282,63,harmonized_hand_active_board10,test
1,4,6,3,0,1,2,[2.0],False,B4_trial6_rep3_attempt0.csv,/Users/arthu/Desktop/CTM_Res-Pro/data/reach_to_grasp_dataset/data/participant_1/motion/B4_trial6_rep3_attempt0.csv,2,2,False,,,2,target_object_corrected,6,board_data_6,trial_number,231,302,71,harmonized_hand_active_board10,test
1,4,7,0,0,1,3,"[6.0, 3.0]",True,B4_trial7_rep0_attempt0.csv,/Users/arthu/Desktop/CTM_Res-Pro/data/reach_to_grasp_dataset/data/participant_1/motion/B4_trial7_rep0_attempt0.csv,3,3,True,1.0,B4_trial7_rep1_attempt0.csv,3,target_object_corrected,7,board_data_7,trial_number,213,273,60,harmonized_hand_active_board10,test
1,4,7,1,0,1,3,[3.0],False,B4_trial7_rep1_attempt0.csv,/Users/arthu/Desktop/CTM_Res-Pro/data/reach_to_grasp_dataset/data/participant_1/motion/B4_trial7_rep1_attempt0.csv,3,3,False,,,3,target_object_corrected,7,board_data_7,trial_number,221,284,63,harmonized_hand_active_board10,test
1,4,7,2,0,1,3,[3.0],False,B4_trial7_rep2_attempt0.csv,/Users/arthu/Desktop/CTM_Res-Pro/data/reach_to_grasp_dataset/data/participant_1/motion/B4_trial7_rep2_attempt0.csv,3,3,False,,,3,target_object_corrected,7,board_data_7,trial_number,212,271,59,harmonized_hand_active_board10,test
1,4,7,3,0,1,3,[3.0],False,B4_trial7_rep3_attempt0.csv,/Users/arthu/Desktop/CTM_Res-Pro/data/reach_to_grasp_dataset/data/participant_1/motion/B4_trial7_rep3_attempt0.csv,3,3,False,,,3,target_object_corrected,7,board_data_7,trial_number,220,278,58,harmonized_hand_active_board10,test
2,0,0,0,0,1,3,[3.0],False,B0_trial0_rep0_attempt0.csv,/Users/arthu/Desktop/CTM_Res-Pro/data/reach_to_grasp_dataset/data/participant_2/motion/B0_trial0_rep0_attempt0.csv,3,3,False,,,0,trial_number,3,board_data_3,fixed_B0_sensor_3,229,272,43,harmonized_hand_active_board10,train
2,0,0,1,0,1,3,[3.0],False,B0_trial0_rep1_attempt0.csv,/Users/arthu/Desktop/CTM_Res-Pro/data/reach_to_grasp_dataset/data/participant_2/motion/B0_trial0_rep1_attempt0.csv,3,3,False,,,0,trial_number,3,board_data_3,fixed_B0_sensor_3,221,282,61,harmonized_hand_active_board10,train
2,0,0,2,0,1,3,[3.0],False,B0_trial0_rep2_attempt0.csv,/Users/arthu/Desktop/CTM_Res-Pro/data/reach_to_grasp_dataset/data/participant_2/motion/B0_trial0_rep2_attempt0.csv,3,3,False,,,0,trial_number,3,board_data_3,fixed_B0_sensor_3,229,280,51,harmonized_hand_active_board10,train
2,0,0,3,0,1,3,[3.0],False,B0_trial0_rep3_attempt0.csv,/Users/arthu/Desktop/CTM_Res-Pro/data/reach_to_grasp_dataset/data/participant_2/motion/B0_trial0_rep3_attempt0.csv,3,3,False,,,0,trial_number,3,board_data_3,fixed_B0_sensor_3,224,284,60,harmonized_hand_active_board10,train
2,0,0,4,0,1,3,[3.0],False,B0_trial0_rep4_attempt0.csv,/Users/arthu/Desktop/CTM_Res-Pro/data/reach_to_grasp_dataset/data/participant_2/motion/B0_trial0_rep4_attempt0.csv,3,3,False,,,0,trial_number,3,board_data_3,fixed_B0_sensor_3,229,282,53,harmonized_hand_active_board10,train
2,0,0,5,0,1,3,[3.0],False,B0_trial0_rep5_attempt0.csv,/Users/arthu/Desktop/CTM_Res-Pro/data/reach_to_grasp_dataset/data/participant_2/motion/B0_trial0_rep5_attempt0.csv,3,3,False,,,0,trial_number,3,board_data_3,fixed_B0_sensor_3,223,280,57,harmonized_hand_active_board10,train
2,0,0,6,0,1,3,[3.0],False,B0_trial0_rep6_attempt0.csv,/Users/arthu/Desktop/CTM_Res-Pro/data/reach_to_grasp_dataset/data/participant_2/motion/B0_trial0_rep6_attempt0.csv,3,3,False,,,0,trial_number,3,board_data_3,fixed_B0_sensor_3,230,282,52,harmonized_hand_active_board10,train
2,0,0,7,0,1,3,[3.0],False,B0_trial0_rep7_attempt0.csv,/Users/arthu/Desktop/CTM_Res-Pro/data/reach_to_grasp_dataset/data/participant_2/motion/B0_trial0_rep7_attempt0.csv,3,3,False,,,0,trial_number,3,board_data_3,fixed_B0_sensor_3,267,323,56,harmonized_hand_active_board10,train
2,0,1,0,0,1,3,[3.0],False,B0_trial1_rep0_attempt0.csv,/Users/arthu/Desktop/CTM_Res-Pro/data/reach_to_grasp_dataset/data/participant_2/motion/B0_trial1_rep0_attempt0.csv,3,3,False,,,1,trial_number,3,board_data_3,fixed_B0_sensor_3,223,279,56,harmonized_hand_active_board10,train
2,0,1,1,0,1,3,[3.0],False,B0_trial1_rep1_attempt0.csv,/Users/arthu/Desktop/CTM_Res-Pro/data/reach_to_grasp_dataset/data/participant_2/motion/B0_trial1_rep1_attempt0.csv,3,3,False,,,1,trial_number,3,board_data_3,fixed_B0_sensor_3,233,308,75,harmonized_hand_active_board10,train
2,0,1,2,0,1,3,[3.0],False,B0_trial1_rep2_attempt0.csv,/Users/arthu/Desktop/CTM_Res-Pro/data/reach_to_grasp_dataset/data/participant_2/motion/B0_trial1_rep2_attempt0.csv,3,3,False,,,1,trial_number,3,board_data_3,fixed_B0_sensor_3,235,295,60,harmonized_hand_active_board10,train
2,0,1,3,0,1,3,[3.0],False,B0_trial1_rep3_attempt0.csv,/Users/arthu/Desktop/CTM_Res-Pro/data/reach_to_grasp_dataset/data/participant_2/motion/B0_trial1_rep3_attempt0.csv,3,3,False,,,1,trial_number,3,board_data_3,fixed_B0_sensor_3,233,317,84,harmonized_hand_active_board10,train
2,0,1,4,0,1,3,[3.0],False,B0_trial1_rep4_attempt0.csv,/Users/arthu/Desktop/CTM_Res-Pro/data/reach_to_grasp_dataset/data/participant_2/motion/B0_trial1_rep4_attempt0.csv,3,3,False,,,1,trial_number,3,board_data_3,fixed_B0_sensor_3,233,289,56,harmonized_hand_active_board10,train
2,0,1,5,0,1,3,[3.0],False,B0_trial1_rep5_attempt0.csv,/Users/arthu/Desktop/CTM_Res-Pro/data/reach_to_grasp_dataset/data/participant_2/motion/B0_trial1_rep5_attempt0.csv,3,3,False,,,1,trial_number,3,board_data_3,fixed_B0_sensor_3,236,306,70,harmonized_hand_active_board10,train
2,0,1,6,0,1,3,[3.0],False,B0_trial1_rep6_attempt0.csv,/Users/arthu/Desktop/CTM_Res-Pro/data/reach_to_grasp_dataset/data/participant_2/motion/B0_trial1_rep6_attempt0.csv,3,3,False,,,1,trial_number,3,board_data_3,fixed_B0_sensor_3,236,305,69,harmonized_hand_active_board10,train
2,0,1,7,0,1,3,[3.0],False,B0_trial1_rep7_attempt0.csv,/Users/arthu/Desktop/CTM_Res-Pro/data/reach_to_grasp_dataset/data/participant_2/motion/B0_trial1_rep7_attempt0.csv,3,3,False,,,1,trial_number,3,board_data_3,fixed_B0_sensor_3,107,305,198,harmonized_hand_active_board10,train
2,0,2,0,0,1,3,[3.0],False,B0_trial2_rep0_attempt0.csv,/Users/arthu/Desktop/CTM_Res-Pro/data/reach_to_grasp_dataset/data/participant_2/motion/B0_trial2_rep0_attempt0.csv,3,3,False,,,2,trial_number,3,board_data_3,fixed_B0_sensor_3,227,277,50,harmonized_hand_active_board10,train
2,0,2,1,0,1,3,[3.0],False,B0_trial2_rep1_attempt0.csv,/Users/arthu/Desktop/CTM_Res-Pro/data/reach_to_grasp_dataset/data/participant_2/motion/B0_trial2_rep1_attempt0.csv,3,3,False,,,2,trial_number,3,board_data_3,fixed_B0_sensor_3,266,319,53,harmonized_hand_active_board10,train
2,0,2,2,0,1,3,[3.0],False,B0_trial2_rep2_attempt0.csv,/Users/arthu/Desktop/CTM_Res-Pro/data/reach_to_grasp_dataset/data/participant_2/motion/B0_trial2_rep2_attempt0.csv,3,3,False,,,2,trial_number,3,board_data_3,fixed_B0_sensor_3,274,333,59,harmonized_hand_active_board10,train
2,0,2,3,0,1,3,[3.0],False,B0_trial2_rep3_attempt0.csv,/Users/arthu/Desktop/CTM_Res-Pro/data/reach_to_grasp_dataset/data/participant_2/motion/B0_trial2_rep3_attempt0.csv,3,3,False,,,2,trial_number,3,board_data_3,fixed_B0_sensor_3,233,312,79,harmonized_hand_active_board10,train
2,0,2,4,0,1,3,[3.0],False,B0_trial2_rep4_attempt0.csv,/Users/arthu/Desktop/CTM_Res-Pro/data/reach_to_grasp_dataset/data/participant_2/motion/B0_trial2_rep4_attempt0.csv,3,3,False,,,2,trial_number,3,board_data_3,fixed_B0_sensor_3,231,294,63,harmonized_hand_active_board10,train
2,0,2,5,0,1,3,[3.0],False,B0_trial2_rep5_attempt0.csv,/Users/arthu/Desktop/CTM_Res-Pro/data/reach_to_grasp_dataset/data/participant_2/motion/B0_trial2_rep5_attempt0.csv,3,3,False,,,2,trial_number,3,board_data_3,fixed_B0_sensor_3,228,285,57,harmonized_hand_active_board10,train
2,0,2,6,0,1,3,[3.0],False,B0_trial2_rep6_attempt0.csv,/Users/arthu/Desktop/CTM_Res-Pro/data/reach_to_grasp_dataset/data/participant_2/motion/B0_trial2_rep6_attempt0.csv,3,3,False,,,2,trial_number,3,board_data_3,fixed_B0_sensor_3,237,297,60,harmonized_hand_active_board10,train
2,0,2,7,0,1,3,[3.0],False,B0_trial2_rep7_attempt0.csv,/Users/arthu/Desktop/CTM_Res-Pro/data/reach_to_grasp_dataset/data/participant_2/motion/B0_trial2_rep7_attempt0.csv,3,3,False,,,2,trial_number,3,board_data_3,fixed_B0_sensor_3,266,330,64,harmonized_hand_active_board10,train
2,0,3,0,0,1,3,[3.0],False,B0_trial3_rep0_attempt0.csv,/Users/arthu/Desktop/CTM_Res-Pro/data/reach_to_grasp_dataset/data/participant_2/motion/B0_trial3_rep0_attempt0.csv,3,3,False,,,3,trial_number,3,board_data_3,fixed_B0_sensor_3,227,280,53,harmonized_hand_active_board10,train
2,0,3,1,0,1,3,[3.0],False,B0_trial3_rep1_attempt0.csv,/Users/arthu/Desktop/CTM_Res-Pro/data/reach_to_grasp_dataset/data/participant_2/motion/B0_trial3_rep1_attempt0.csv,3,3,False,,,3,trial_number,3,board_data_3,fixed_B0_sensor_3,309,376,67,harmonized_hand_active_board10,train
2,0,3,2,0,1,3,[3.0],False,B0_trial3_rep2_attempt0.csv,/Users/arthu/Desktop/CTM_Res-Pro/data/reach_to_grasp_dataset/data/participant_2/motion/B0_trial3_rep2_attempt0.csv,3,3,False,,,3,trial_number,3,board_data_3,fixed_B0_sensor_3,224,278,54,harmonized_hand_active_board10,train
2,0,3,3,0,1,3,[3.0],False,B0_trial3_rep3_attempt0.csv,/Users/arthu/Desktop/CTM_Res-Pro/data/reach_to_grasp_dataset/data/participant_2/motion/B0_trial3_rep3_attempt0.csv,3,3,False,,,3,trial_number,3,board_data_3,fixed_B0_sensor_3,384,386,2,harmonized_hand_active_board10,train
2,0,3,4,0,1,3,[3.0],False,B0_trial3_rep4_attempt0.csv,/Users/arthu/Desktop/CTM_Res-Pro/data/reach_to_grasp_dataset/data/participant_2/motion/B0_trial3_rep4_attempt0.csv,3,3,False,,,3,trial_number,3,board_data_3,fixed_B0_sensor_3,233,283,50,harmonized_hand_active_board10,train
2,0,3,5,0,1,3,[3.0],False,B0_trial3_rep5_attempt0.csv,/Users/arthu/Desktop/CTM_Res-Pro/data/reach_to_grasp_dataset/data/participant_2/motion/B0_trial3_rep5_attempt0.csv,3,3,False,,,3,trial_number,3,board_data_3,fixed_B0_sensor_3,311,314,3,harmonized_hand_active_board10,train
2,0,3,6,0,1,3,[3.0],False,B0_trial3_rep6_attempt0.csv,/Users/arthu/Desktop/CTM_Res-Pro/data/reach_to_grasp_dataset/data/participant_2/motion/B0_trial3_rep6_attempt0.csv,3,3,False,,,3,trial_number,3,board_data_3,fixed_B0_sensor_3,252,300,48,harmonized_hand_active_board10,train
2,0,3,7,0,1,3,[3.0],False,B0_trial3_rep7_attempt0.csv,/Users/arthu/Desktop/CTM_Res-Pro/data/reach_to_grasp_dataset/data/participant_2/motion/B0_trial3_rep7_attempt0.csv,3,3,False,,,3,trial_number,3,board_data_3,fixed_B0_sensor_3,7,74,67,harmonized_hand_active_board10,train
2,0,4,1,0,1,3,[3.0],False,B0_trial4_rep1_attempt0.csv,/Users/arthu/Desktop/CTM_Res-Pro/data/reach_to_grasp_dataset/data/participant_2/motion/B0_trial4_rep1_attempt0.csv,3,3,False,,,4,trial_number,3,board_data_3,fixed_B0_sensor_3,230,283,53,harmonized_hand_active_board10,train
2,0,4,2,0,1,3,[3.0],False,B0_trial4_rep2_attempt0.csv,/Users/arthu/Desktop/CTM_Res-Pro/data/reach_to_grasp_dataset/data/participant_2/motion/B0_trial4_rep2_attempt0.csv,3,3,False,,,4,trial_number,3,board_data_3,fixed_B0_sensor_3,298,300,2,harmonized_hand_active_board10,train
2,0,4,3,0,1,3,[3.0],False,B0_trial4_rep3_attempt0.csv,/Users/arthu/Desktop/CTM_Res-Pro/data/reach_to_grasp_dataset/data/participant_2/motion/B0_trial4_rep3_attempt0.csv,3,3,False,,,4,trial_number,3,board_data_3,fixed_B0_sensor_3,263,312,49,harmonized_hand_active_board10,train
2,0,4,4,0,1,3,[3.0],False,B0_trial4_rep4_attempt0.csv,/Users/arthu/Desktop/CTM_Res-Pro/data/reach_to_grasp_dataset/data/participant_2/motion/B0_trial4_rep4_attempt0.csv,3,3,False,,,4,trial_number,3,board_data_3,fixed_B0_sensor_3,78,117,39,harmonized_hand_active_board10,train
2,0,4,5,0,1,3,[3.0],False,B0_trial4_rep5_attempt0.csv,/Users/arthu/Desktop/CTM_Res-Pro/data/reach_to_grasp_dataset/data/participant_2/motion/B0_trial4_rep5_attempt0.csv,3,3,False,,,4,trial_number,3,board_data_3,fixed_B0_sensor_3,220,262,42,harmonized_hand_active_board10,train
2,0,4,6,0,1,3,[3.0],False,B0_trial4_rep6_attempt0.csv,/Users/arthu/Desktop/CTM_Res-Pro/data/reach_to_grasp_dataset/data/participant_2/motion/B0_trial4_rep6_attempt0.csv,3,3,False,,,4,trial_number,3,board_data_3,fixed_B0_sensor_3,222,262,40,harmonized_hand_active_board10,train
2,0,4,7,0,1,3,[3.0],False,B0_trial4_rep7_attempt0.csv,/Users/arthu/Desktop/CTM_Res-Pro/data/reach_to_grasp_dataset/data/participant_2/motion/B0_trial4_rep7_attempt0.csv,3,3,False,,,4,trial_number,3,board_data_3,fixed_B0_sensor_3,288,296,8,harmonized_hand_active_board10,train
2,0,5,0,0,1,3,[3.0],False,B0_trial5_rep0_attempt0.csv,/Users/arthu/Desktop/CTM_Res-Pro/data/reach_to_grasp_dataset/data/participant_2/motion/B0_trial5_rep0_attempt0.csv,3,3,False,,,5,trial_number,3,board_data_3,fixed_B0_sensor_3,334,391,57,harmonized_hand_active_board10,train
2,0,5,1,0,1,3,[3.0],False,B0_trial5_rep1_attempt0.csv,/Users/arthu/Desktop/CTM_Res-Pro/data/reach_to_grasp_dataset/data/participant_2/motion/B0_trial5_rep1_attempt0.csv,3,3,False,,,5,trial_number,3,board_data_3,fixed_B0_sensor_3,234,275,41,harmonized_hand_active_board10,train
2,0,5,2,0,1,3,[3.0],False,B0_trial5_rep2_attempt0.csv,/Users/arthu/Desktop/CTM_Res-Pro/data/reach_to_grasp_dataset/data/participant_2/motion/B0_trial5_rep2_attempt0.csv,3,3,False,,,5,trial_number,3,board_data_3,fixed_B0_sensor_3,220,274,54,harmonized_hand_active_board10,train
2,0,5,3,0,1,3,[3.0],False,B0_trial5_rep3_attempt0.csv,/Users/arthu/Desktop/CTM_Res-Pro/data/reach_to_grasp_dataset/data/participant_2/motion/B0_trial5_rep3_attempt0.csv,3,3,False,,,5,trial_number,3,board_data_3,fixed_B0_sensor_3,222,269,47,harmonized_hand_active_board10,train
2,0,5,4,0,1,3,[3.0],False,B0_trial5_rep4_attempt0.csv,/Users/arthu/Desktop/CTM_Res-Pro/data/reach_to_grasp_dataset/data/participant_2/motion/B0_trial5_rep4_attempt0.csv,3,3,False,,,5,trial_number,3,board_data_3,fixed_B0_sensor_3,240,288,48,harmonized_hand_active_board10,train
2,0,5,5,0,1,3,[3.0],False,B0_trial5_rep5_attempt0.csv,/Users/arthu/Desktop/CTM_Res-Pro/data/reach_to_grasp_dataset/data/participant_2/motion/B0_trial5_rep5_attempt0.csv,3,3,False,,,5,trial_number,3,board_data_3,fixed_B0_sensor_3,276,332,56,harmonized_hand_active_board10,train
2,0,5,6,0,1,3,[3.0],False,B0_trial5_rep6_attempt0.csv,/Users/arthu/Desktop/CTM_Res-Pro/data/reach_to_grasp_dataset/data/participant_2/motion/B0_trial5_rep6_attempt0.csv,3,3,False,,,5,trial_number,3,board_data_3,fixed_B0_sensor_3,237,290,53,harmonized_hand_active_board10,train
2,0,5,7,0,1,3,[3.0],False,B0_trial5_rep7_attempt0.csv,/Users/arthu/Desktop/CTM_Res-Pro/data/reach_to_grasp_dataset/data/participant_2/motion/B0_trial5_rep7_attempt0.csv,3,3,False,,,5,trial_number,3,board_data_3,fixed_B0_sensor_3,254,303,49,harmonized_hand_active_board10,train
2,0,6,0,0,1,3,[3.0],False,B0_trial6_rep0_attempt0.csv,/Users/arthu/Desktop/CTM_Res-Pro/data/reach_to_grasp_dataset/data/participant_2/motion/B0_trial6_rep0_attempt0.csv,3,3,False,,,6,trial_number,3,board_data_3,fixed_B0_sensor_3,280,289,9,harmonized_hand_active_board10,train
2,0,6,1,0,1,3,[3.0],False,B0_trial6_rep1_attempt0.csv,/Users/arthu/Desktop/CTM_Res-Pro/data/reach_to_grasp_dataset/data/participant_2/motion/B0_trial6_rep1_attempt0.csv,3,3,False,,,6,trial_number,3,board_data_3,fixed_B0_sensor_3,287,344,57,harmonized_hand_active_board10,train
2,0,6,2,0,1,3,[3.0],False,B0_trial6_rep2_attempt0.csv,/Users/arthu/Desktop/CTM_Res-Pro/data/reach_to_grasp_dataset/data/participant_2/motion/B0_trial6_rep2_attempt0.csv,3,3,False,,,6,trial_number,3,board_data_3,fixed_B0_sensor_3,247,295,48,harmonized_hand_active_board10,train
2,0,6,3,0,1,3,[3.0],False,B0_trial6_rep3_attempt0.csv,/Users/arthu/Desktop/CTM_Res-Pro/data/reach_to_grasp_dataset/data/participant_2/motion/B0_trial6_rep3_attempt0.csv,3,3,False,,,6,trial_number,3,board_data_3,fixed_B0_sensor_3,229,265,36,harmonized_hand_active_board10,train
2,0,6,4,0,1,3,[3.0],False,B0_trial6_rep4_attempt0.csv,/Users/arthu/Desktop/CTM_Res-Pro/data/reach_to_grasp_dataset/data/participant_2/motion/B0_trial6_rep4_attempt0.csv,3,3,False,,,6,trial_number,3,board_data_3,fixed_B0_sensor_3,248,297,49,harmonized_hand_active_board10,train
2,0,6,5,0,1,3,[3.0],False,B0_trial6_rep5_attempt0.csv,/Users/arthu/Desktop/CTM_Res-Pro/data/reach_to_grasp_dataset/data/participant_2/motion/B0_trial6_rep5_attempt0.csv,3,3,False,,,6,trial_number,3,board_data_3,fixed_B0_sensor_3,219,256,37,harmonized_hand_active_board10,train
2,0,6,6,0,1,3,[3.0],False,B0_trial6_rep6_attempt0.csv,/Users/arthu/Desktop/CTM_Res-Pro/data/reach_to_grasp_dataset/data/participant_2/motion/B0_trial6_rep6_attempt0.csv,3,3,False,,,6,trial_number,3,board_data_3,fixed_B0_sensor_3,251,304,53,harmonized_hand_active_board10,train
2,0,6,7,0,1,3,[3.0],False,B0_trial6_rep7_attempt0.csv,/Users/arthu/Desktop/CTM_Res-Pro/data/reach_to_grasp_dataset/data/participant_2/motion/B0_trial6_rep7_attempt0.csv,3,3,False,,,6,trial_number,3,board_data_3,fixed_B0_sensor_3,227,270,43,harmonized_hand_active_board10,train
2,0,7,0,0,1,3,[3.0],False,B0_trial7_rep0_attempt0.csv,/Users/arthu/Desktop/CTM_Res-Pro/data/reach_to_grasp_dataset/data/participant_2/motion/B0_trial7_rep0_attempt0.csv,3,3,False,,,7,trial_number,3,board_data_3,fixed_B0_sensor_3,222,259,37,harmonized_hand_active_board10,train
2,0,7,1,0,1,3,[3.0],False,B0_trial7_rep1_attempt0.csv,/Users/arthu/Desktop/CTM_Res-Pro/data/reach_to_grasp_dataset/data/participant_2/motion/B0_trial7_rep1_attempt0.csv,3,3,False,,,7,trial_number,3,board_data_3,fixed_B0_sensor_3,228,273,45,harmonized_hand_active_board10,train
2,0,7,2,0,1,3,[3.0],False,B0_trial7_rep2_attempt0.csv,/Users/arthu/Desktop/CTM_Res-Pro/data/reach_to_grasp_dataset/data/participant_2/motion/B0_trial7_rep2_attempt0.csv,3,3,False,,,7,trial_number,3,board_data_3,fixed_B0_sensor_3,300,356,56,harmonized_hand_active_board10,train
2,0,7,3,0,1,3,[3.0],False,B0_trial7_rep3_attempt0.csv,/Users/arthu/Desktop/CTM_Res-Pro/data/reach_to_grasp_dataset/data/participant_2/motion/B0_trial7_rep3_attempt0.csv,3,3,False,,,7,trial_number,3,board_data_3,fixed_B0_sensor_3,255,303,48,harmonized_hand_active_board10,train
2,0,7,4,0,1,3,[3.0],False,B0_trial7_rep4_attempt0.csv,/Users/arthu/Desktop/CTM_Res-Pro/data/reach_to_grasp_dataset/data/participant_2/motion/B0_trial7_rep4_attempt0.csv,3,3,False,,,7,trial_number,3,board_data_3,fixed_B0_sensor_3,274,317,43,harmonized_hand_active_board10,train
2,0,7,5,0,1,3,[3.0],False,B0_trial7_rep5_attempt0.csv,/Users/arthu/Desktop/CTM_Res-Pro/data/reach_to_grasp_dataset/data/participant_2/motion/B0_trial7_rep5_attempt0.csv,3,3,False,,,7,trial_number,3,board_data_3,fixed_B0_sensor_3,227,287,60,harmonized_hand_active_board10,train
2,0,7,6,0,1,3,[3.0],False,B0_trial7_rep6_attempt0.csv,/Users/arthu/Desktop/CTM_Res-Pro/data/reach_to_grasp_dataset/data/participant_2/motion/B0_trial7_rep6_attempt0.csv,3,3,False,,,7,trial_number,3,board_data_3,fixed_B0_sensor_3,349,363,14,harmonized_hand_active_board10,train
2,0,7,7,0,1,3,[3.0],False,B0_trial7_rep7_attempt0.csv,/Users/arthu/Desktop/CTM_Res-Pro/data/reach_to_grasp_dataset/data/participant_2/motion/B0_trial7_rep7_attempt0.csv,3,3,False,,,7,trial_number,3,board_data_3,fixed_B0_sensor_3,221,274,53,harmonized_hand_active_board10,train
2,1,0,0,0,1,0,"[3.0, 0.0]",True,B1_trial0_rep0_attempt0.csv,/Users/arthu/Desktop/CTM_Res-Pro/data/reach_to_grasp_dataset/data/participant_2/motion/B1_trial0_rep0_attempt0.csv,0,0,True,1.0,B1_trial0_rep1_attempt0.csv,0,target_object_corrected,0,board_data_0,trial_number,214,270,56,harmonized_hand_active_board10,test
2,1,0,1,0,1,0,[0.0],False,B1_trial0_rep1_attempt0.csv,/Users/arthu/Desktop/CTM_Res-Pro/data/reach_to_grasp_dataset/data/participant_2/motion/B1_trial0_rep1_attempt0.csv,0,0,False,,,0,target_object_corrected,0,board_data_0,trial_number,207,253,46,harmonized_hand_active_board10,test
2,1,0,2,0,1,0,[0.0],False,B1_trial0_rep2_attempt0.csv,/Users/arthu/Desktop/CTM_Res-Pro/data/reach_to_grasp_dataset/data/participant_2/motion/B1_trial0_rep2_attempt0.csv,0,0,False,,,0,target_object_corrected,0,board_data_0,trial_number,214,253,39,harmonized_hand_active_board10,test
2,1,0,3,0,1,0,[0.0],False,B1_trial0_rep3_attempt0.csv,/Users/arthu/Desktop/CTM_Res-Pro/data/reach_to_grasp_dataset/data/participant_2/motion/B1_trial0_rep3_attempt0.csv,0,0,False,,,0,target_object_corrected,0,board_data_0,trial_number,217,257,40,harmonized_hand_active_board10,test
2,1,1,0,0,1,1,"[0.0, 1.0]",True,B1_trial1_rep0_attempt0.csv,/Users/arthu/Desktop/CTM_Res-Pro/data/reach_to_grasp_dataset/data/participant_2/motion/B1_trial1_rep0_attempt0.csv,1,1,True,1.0,B1_trial1_rep1_attempt0.csv,1,target_object_corrected,1,board_data_1,trial_number,392,451,59,harmonized_hand_active_board10,test
2,1,1,1,0,1,1,[1.0],False,B1_trial1_rep1_attempt0.csv,/Users/arthu/Desktop/CTM_Res-Pro/data/reach_to_grasp_dataset/data/participant_2/motion/B1_trial1_rep1_attempt0.csv,1,1,False,,,1,target_object_corrected,1,board_data_1,trial_number,222,279,57,harmonized_hand_active_board10,test
2,1,1,2,0,1,1,[1.0],False,B1_trial1_rep2_attempt0.csv,/Users/arthu/Desktop/CTM_Res-Pro/data/reach_to_grasp_dataset/data/participant_2/motion/B1_trial1_rep2_attempt0.csv,1,1,False,,,1,target_object_corrected,1,board_data_1,trial_number,208,270,62,harmonized_hand_active_board10,test
2,1,1,3,0,1,1,[1.0],False,B1_trial1_rep3_attempt0.csv,/Users/arthu/Desktop/CTM_Res-Pro/data/reach_to_grasp_dataset/data/participant_2/motion/B1_trial1_rep3_attempt0.csv,1,1,False,,,1,target_object_corrected,1,board_data_1,trial_number,223,290,67,harmonized_hand_active_board10,test
2,1,2,0,1,1,2,[2.0],False,B1_trial2_rep0_attempt1.csv,/Users/arthu/Desktop/CTM_Res-Pro/data/reach_to_grasp_dataset/data/participant_2/motion/B1_trial2_rep0_attempt1.csv,2,2,True,1.0,B1_trial2_rep1_attempt0.csv,2,target_object_corrected,2,board_data_2,trial_number,164,230,66,harmonized_hand_active_board10,test
2,1,2,1,0,1,2,[2.0],False,B1_trial2_rep1_attempt0.csv,/Users/arthu/Desktop/CTM_Res-Pro/data/reach_to_grasp_dataset/data/participant_2/motion/B1_trial2_rep1_attempt0.csv,2,2,False,,,2,target_object_corrected,2,board_data_2,trial_number,213,265,52,harmonized_hand_active_board10,test
2,1,2,2,0,1,2,[2.0],False,B1_trial2_rep2_attempt0.csv,/Users/arthu/Desktop/CTM_Res-Pro/data/reach_to_grasp_dataset/data/participant_2/motion/B1_trial2_rep2_attempt0.csv,2,2,False,,,2,target_object_corrected,2,board_data_2,trial_number,230,268,38,harmonized_hand_active_board10,test
2,1,2,3,0,1,2,[2.0],False,B1_trial2_rep3_attempt0.csv,/Users/arthu/Desktop/CTM_Res-Pro/data/reach_to_grasp_dataset/data/participant_2/motion/B1_trial2_rep3_attempt0.csv,2,2,False,,,2,target_object_corrected,2,board_data_2,trial_number,237,322,85,harmonized_hand_active_board10,test
2,1,3,0,0,1,3,"[2.0, 3.0]",True,B1_trial3_rep0_attempt0.csv,/Users/arthu/Desktop/CTM_Res-Pro/data/reach_to_grasp_dataset/data/participant_2/motion/B1_trial3_rep0_attempt0.csv,3,3,True,1.0,B1_trial3_rep1_attempt0.csv,3,target_object_corrected,3,board_data_3,trial_number,185,261,76,harmonized_hand_active_board10,test
2,1,3,1,0,1,3,[3.0],False,B1_trial3_rep1_attempt0.csv,/Users/arthu/Desktop/CTM_Res-Pro/data/reach_to_grasp_dataset/data/participant_2/motion/B1_trial3_rep1_attempt0.csv,3,3,False,,,3,target_object_corrected,3,board_data_3,trial_number,19,127,108,harmonized_hand_active_board10,test
2,1,3,2,1,1,3,[3.0],False,B1_trial3_rep2_attempt1.csv,/Users/arthu/Desktop/CTM_Res-Pro/data/reach_to_grasp_dataset/data/participant_2/motion/B1_trial3_rep2_attempt1.csv,3,3,False,,,3,target_object_corrected,3,board_data_3,trial_number,270,298,28,harmonized_hand_active_board10,test
2,1,3,3,0,1,3,[3.0],False,B1_trial3_rep3_attempt0.csv,/Users/arthu/Desktop/CTM_Res-Pro/data/reach_to_grasp_dataset/data/participant_2/motion/B1_trial3_rep3_attempt0.csv,3,3,False,,,3,target_object_corrected,3,board_data_3,trial_number,250,310,60,harmonized_hand_active_board10,test
2,1,4,0,0,1,4,"[3.0, 4.0]",True,B1_trial4_rep0_attempt0.csv,/Users/arthu/Desktop/CTM_Res-Pro/data/reach_to_grasp_dataset/data/participant_2/motion/B1_trial4_rep0_attempt0.csv,4,4,True,1.0,B1_trial4_rep1_attempt0.csv,4,target_object_corrected,4,board_data_4,trial_number,231,297,66,harmonized_hand_active_board10,test
2,1,4,1,0,1,4,[4.0],False,B1_trial4_rep1_attempt0.csv,/Users/arthu/Desktop/CTM_Res-Pro/data/reach_to_grasp_dataset/data/participant_2/motion/B1_trial4_rep1_attempt0.csv,4,4,False,,,4,target_object_corrected,4,board_data_4,trial_number,247,316,69,harmonized_hand_active_board10,test
2,1,4,2,0,1,4,[4.0],False,B1_trial4_rep2_attempt0.csv,/Users/arthu/Desktop/CTM_Res-Pro/data/reach_to_grasp_dataset/data/participant_2/motion/B1_trial4_rep2_attempt0.csv,4,4,False,,,4,target_object_corrected,4,board_data_4,trial_number,326,376,50,harmonized_hand_active_board10,test
2,1,4,3,0,1,4,[4.0],False,B1_trial4_rep3_attempt0.csv,/Users/arthu/Desktop/CTM_Res-Pro/data/reach_to_grasp_dataset/data/participant_2/motion/B1_trial4_rep3_attempt0.csv,4,4,False,,,4,target_object_corrected,4,board_data_4,trial_number,231,321,90,harmonized_hand_active_board10,test
2,1,5,0,0,1,5,"[4.0, 5.0]",True,B1_trial5_rep0_attempt0.csv,/Users/arthu/Desktop/CTM_Res-Pro/data/reach_to_grasp_dataset/data/participant_2/motion/B1_trial5_rep0_attempt0.csv,5,5,True,1.0,B1_trial5_rep1_attempt0.csv,5,target_object_corrected,5,board_data_5,trial_number,221,292,71,harmonized_hand_active_board10,test
2,1,5,1,0,1,5,[5.0],False,B1_trial5_rep1_attempt0.csv,/Users/arthu/Desktop/CTM_Res-Pro/data/reach_to_grasp_dataset/data/participant_2/motion/B1_trial5_rep1_attempt0.csv,5,5,False,,,5,target_object_corrected,5,board_data_5,trial_number,109,206,97,harmonized_hand_active_board10,test
2,1,5,2,0,1,5,[5.0],False,B1_trial5_rep2_attempt0.csv,/Users/arthu/Desktop/CTM_Res-Pro/data/reach_to_grasp_dataset/data/participant_2/motion/B1_trial5_rep2_attempt0.csv,5,5,False,,,5,target_object_corrected,5,board_data_5,trial_number,256,317,61,harmonized_hand_active_board10,test
2,1,5,3,0,1,5,[5.0],False,B1_trial5_rep3_attempt0.csv,/Users/arthu/Desktop/CTM_Res-Pro/data/reach_to_grasp_dataset/data/participant_2/motion/B1_trial5_rep3_attempt0.csv,5,5,False,,,5,target_object_corrected,5,board_data_5,trial_number,221,284,63,harmonized_hand_active_board10,test
2,1,6,0,0,1,6,"[5.0, 6.0]",True,B1_trial6_rep0_attempt0.csv,/Users/arthu/Desktop/CTM_Res-Pro/data/reach_to_grasp_dataset/data/participant_2/motion/B1_trial6_rep0_attempt0.csv,6,6,True,1.0,B1_trial6_rep1_attempt0.csv,6,target_object_corrected,6,board_data_6,trial_number,250,349,99,harmonized_hand_active_board10,test
2,1,6,1,0,1,6,[6.0],False,B1_trial6_rep1_attempt0.csv,/Users/arthu/Desktop/CTM_Res-Pro/data/reach_to_grasp_dataset/data/participant_2/motion/B1_trial6_rep1_attempt0.csv,6,6,False,,,6,target_object_corrected,6,board_data_6,trial_number,223,298,75,harmonized_hand_active_board10,test
2,1,6,2,0,1,6,[6.0],False,B1_trial6_rep2_attempt0.csv,/Users/arthu/Desktop/CTM_Res-Pro/data/reach_to_grasp_dataset/data/participant_2/motion/B1_trial6_rep2_attempt0.csv,6,6,False,,,6,target_object_corrected,6,board_data_6,trial_number,251,314,63,harmonized_hand_active_board10,test
2,1,6,3,0,1,6,[6.0],False,B1_trial6_rep3_attempt0.csv,/Users/arthu/Desktop/CTM_Res-Pro/data/reach_to_grasp_dataset/data/participant_2/motion/B1_trial6_rep3_attempt0.csv,6,6,False,,,6,target_object_corrected,6,board_data_6,trial_number,233,288,55,harmonized_hand_active_board10,test
2,1,7,0,0,1,7,"[6.0, 7.0]",True,B1_trial7_rep0_attempt0.csv,/Users/arthu/Desktop/CTM_Res-Pro/data/reach_to_grasp_dataset/data/participant_2/motion/B1_trial7_rep0_attempt0.csv,7,7,True,1.0,B1_trial7_rep1_attempt0.csv,7,target_object_corrected,7,board_data_7,trial_number,280,352,72,harmonized_hand_active_board10,test
2,1,7,1,0,1,7,[7.0],False,B1_trial7_rep1_attempt0.csv,/Users/arthu/Desktop/CTM_Res-Pro/data/reach_to_grasp_dataset/data/participant_2/motion/B1_trial7_rep1_attempt0.csv,7,7,False,,,7,target_object_corrected,7,board_data_7,trial_number,99,197,98,harmonized_hand_active_board10,test
2,1,7,2,0,1,7,[7.0],False,B1_trial7_rep2_attempt0.csv,/Users/arthu/Desktop/CTM_Res-Pro/data/reach_to_grasp_dataset/data/participant_2/motion/B1_trial7_rep2_attempt0.csv,7,7,False,,,7,target_object_corrected,7,board_data_7,trial_number,207,279,72,harmonized_hand_active_board10,test
2,1,7,3,0,1,7,[7.0],False,B1_trial7_rep3_attempt0.csv,/Users/arthu/Desktop/CTM_Res-Pro/data/reach_to_grasp_dataset/data/participant_2/motion/B1_trial7_rep3_attempt0.csv,7,7,False,,,7,target_object_corrected,7,board_data_7,trial_number,226,292,66,harmonized_hand_active_board10,test
2,2,0,0,0,1,7,[7.0],False,B2_trial0_rep0_attempt0.csv,/Users/arthu/Desktop/CTM_Res-Pro/data/reach_to_grasp_dataset/data/participant_2/motion/B2_trial0_rep0_attempt0.csv,7,7,True,1.0,B2_trial0_rep1_attempt0.csv,7,target_object_corrected,0,board_data_0,trial_number,213,276,63,harmonized_hand_active_board10,test
2,2,0,1,0,1,7,[7.0],False,B2_trial0_rep1_attempt0.csv,/Users/arthu/Desktop/CTM_Res-Pro/data/reach_to_grasp_dataset/data/participant_2/motion/B2_trial0_rep1_attempt0.csv,7,7,False,,,7,target_object_corrected,0,board_data_0,trial_number,219,277,58,harmonized_hand_active_board10,test
2,2,0,2,0,1,7,[7.0],False,B2_trial0_rep2_attempt0.csv,/Users/arthu/Desktop/CTM_Res-Pro/data/reach_to_grasp_dataset/data/participant_2/motion/B2_trial0_rep2_attempt0.csv,7,7,False,,,7,target_object_corrected,0,board_data_0,trial_number,213,272,59,harmonized_hand_active_board10,test
2,2,0,3,0,1,7,[7.0],False,B2_trial0_rep3_attempt0.csv,/Users/arthu/Desktop/CTM_Res-Pro/data/reach_to_grasp_dataset/data/participant_2/motion/B2_trial0_rep3_attempt0.csv,7,7,False,,,7,target_object_corrected,0,board_data_0,trial_number,227,297,70,harmonized_hand_active_board10,test
2,2,1,0,0,1,6,"[0.0, 6.0]",True,B2_trial1_rep0_attempt0.csv,/Users/arthu/Desktop/CTM_Res-Pro/data/reach_to_grasp_dataset/data/participant_2/motion/B2_trial1_rep0_attempt0.csv,6,6,True,1.0,B2_trial1_rep1_attempt0.csv,6,target_object_corrected,1,board_data_1,trial_number,225,297,72,harmonized_hand_active_board10,test
2,2,1,1,0,1,6,[6.0],False,B2_trial1_rep1_attempt0.csv,/Users/arthu/Desktop/CTM_Res-Pro/data/reach_to_grasp_dataset/data/participant_2/motion/B2_trial1_rep1_attempt0.csv,6,6,False,,,6,target_object_corrected,1,board_data_1,trial_number,213,272,59,harmonized_hand_active_board10,test
2,2,1,2,0,1,6,[6.0],False,B2_trial1_rep2_attempt0.csv,/Users/arthu/Desktop/CTM_Res-Pro/data/reach_to_grasp_dataset/data/participant_2/motion/B2_trial1_rep2_attempt0.csv,6,6,False,,,6,target_object_corrected,1,board_data_1,trial_number,204,258,54,harmonized_hand_active_board10,test
2,2,1,3,0,1,6,[6.0],False,B2_trial1_rep3_attempt0.csv,/Users/arthu/Desktop/CTM_Res-Pro/data/reach_to_grasp_dataset/data/participant_2/motion/B2_trial1_rep3_attempt0.csv,6,6,False,,,6,target_object_corrected,1,board_data_1,trial_number,294,348,54,harmonized_hand_active_board10,test
2,2,2,0,0,1,5,"[1.0, 5.0]",True,B2_trial2_rep0_attempt0.csv,/Users/arthu/Desktop/CTM_Res-Pro/data/reach_to_grasp_dataset/data/participant_2/motion/B2_trial2_rep0_attempt0.csv,5,5,True,1.0,B2_trial2_rep1_attempt0.csv,5,target_object_corrected,2,board_data_2,trial_number,223,284,61,harmonized_hand_active_board10,test
2,2,2,1,0,1,5,[5.0],False,B2_trial2_rep1_attempt0.csv,/Users/arthu/Desktop/CTM_Res-Pro/data/reach_to_grasp_dataset/data/participant_2/motion/B2_trial2_rep1_attempt0.csv,5,5,False,,,5,target_object_corrected,2,board_data_2,trial_number,246,302,56,harmonized_hand_active_board10,test
2,2,2,2,0,1,5,[5.0],False,B2_trial2_rep2_attempt0.csv,/Users/arthu/Desktop/CTM_Res-Pro/data/reach_to_grasp_dataset/data/participant_2/motion/B2_trial2_rep2_attempt0.csv,5,5,False,,,5,target_object_corrected,2,board_data_2,trial_number,220,278,58,harmonized_hand_active_board10,test
2,2,2,3,0,1,5,[5.0],False,B2_trial2_rep3_attempt0.csv,/Users/arthu/Desktop/CTM_Res-Pro/data/reach_to_grasp_dataset/data/participant_2/motion/B2_trial2_rep3_attempt0.csv,5,5,False,,,5,target_object_corrected,2,board_data_2,trial_number,227,289,62,harmonized_hand_active_board10,test
2,2,3,0,0,1,4,"[2.0, 4.0]",True,B2_trial3_rep0_attempt0.csv,/Users/arthu/Desktop/CTM_Res-Pro/data/reach_to_grasp_dataset/data/participant_2/motion/B2_trial3_rep0_attempt0.csv,4,4,True,1.0,B2_trial3_rep1_attempt0.csv,4,target_object_corrected,3,board_data_3,trial_number,177,180,3,harmonized_hand_active_board10,test
2,2,3,1,0,1,4,[4.0],False,B2_trial3_rep1_attempt0.csv,/Users/arthu/Desktop/CTM_Res-Pro/data/reach_to_grasp_dataset/data/participant_2/motion/B2_trial3_rep1_attempt0.csv,4,4,False,,,4,target_object_corrected,3,board_data_3,trial_number,321,324,3,harmonized_hand_active_board10,test
2,2,3,2,0,1,4,[4.0],False,B2_trial3_rep2_attempt0.csv,/Users/arthu/Desktop/CTM_Res-Pro/data/reach_to_grasp_dataset/data/participant_2/motion/B2_trial3_rep2_attempt0.csv,4,4,False,,,4,target_object_corrected,3,board_data_3,trial_number,417,420,3,harmonized_hand_active_board10,test
2,2,3,3,0,1,4,[4.0],False,B2_trial3_rep3_attempt0.csv,/Users/arthu/Desktop/CTM_Res-Pro/data/reach_to_grasp_dataset/data/participant_2/motion/B2_trial3_rep3_attempt0.csv,4,4,False,,,4,target_object_corrected,3,board_data_3,trial_number,361,363,2,harmonized_hand_active_board10,test
2,2,4,0,1,1,3,[3.0],False,B2_trial4_rep0_attempt1.csv,/Users/arthu/Desktop/CTM_Res-Pro/data/reach_to_grasp_dataset/data/participant_2/motion/B2_trial4_rep0_attempt1.csv,3,3,True,1.0,B2_trial4_rep1_attempt0.csv,3,target_object_corrected,4,board_data_4,trial_number,107,229,122,harmonized_hand_active_board10,test
2,2,4,1,0,1,3,[3.0],False,B2_trial4_rep1_attempt0.csv,/Users/arthu/Desktop/CTM_Res-Pro/data/reach_to_grasp_dataset/data/participant_2/motion/B2_trial4_rep1_attempt0.csv,3,3,False,,,3,target_object_corrected,4,board_data_4,trial_number,235,296,61,harmonized_hand_active_board10,test
2,2,4,2,0,1,3,[3.0],False,B2_trial4_rep2_attempt0.csv,/Users/arthu/Desktop/CTM_Res-Pro/data/reach_to_grasp_dataset/data/participant_2/motion/B2_trial4_rep2_attempt0.csv,3,3,False,,,3,target_object_corrected,4,board_data_4,trial_number,260,333,73,harmonized_hand_active_board10,test
2,2,4,3,0,1,3,[3.0],False,B2_trial4_rep3_attempt0.csv,/Users/arthu/Desktop/CTM_Res-Pro/data/reach_to_grasp_dataset/data/participant_2/motion/B2_trial4_rep3_attempt0.csv,3,3,False,,,3,target_object_corrected,4,board_data_4,trial_number,247,351,104,harmonized_hand_active_board10,test
2,2,5,0,0,1,2,"[4.0, 2.0]",True,B2_trial5_rep0_attempt0.csv,/Users/arthu/Desktop/CTM_Res-Pro/data/reach_to_grasp_dataset/data/participant_2/motion/B2_trial5_rep0_attempt0.csv,2,2,True,1.0,B2_trial5_rep1_attempt0.csv,2,target_object_corrected,5,board_data_5,trial_number,241,315,74,harmonized_hand_active_board10,test
2,2,5,1,0,1,2,[2.0],False,B2_trial5_rep1_attempt0.csv,/Users/arthu/Desktop/CTM_Res-Pro/data/reach_to_grasp_dataset/data/participant_2/motion/B2_trial5_rep1_attempt0.csv,2,2,False,,,2,target_object_corrected,5,board_data_5,trial_number,794,842,48,harmonized_hand_active_board10,test
2,2,5,2,0,1,2,[2.0],False,B2_trial5_rep2_attempt0.csv,/Users/arthu/Desktop/CTM_Res-Pro/data/reach_to_grasp_dataset/data/participant_2/motion/B2_trial5_rep2_attempt0.csv,2,2,False,,,2,target_object_corrected,5,board_data_5,trial_number,333,405,72,harmonized_hand_active_board10,test
2,2,5,3,0,1,2,[2.0],False,B2_trial5_rep3_attempt0.csv,/Users/arthu/Desktop/CTM_Res-Pro/data/reach_to_grasp_dataset/data/participant_2/motion/B2_trial5_rep3_attempt0.csv,2,2,False,,,2,target_object_corrected,5,board_data_5,trial_number,205,272,67,harmonized_hand_active_board10,test
2,2,6,0,0,1,1,"[5.0, 1.0]",True,B2_trial6_rep0_attempt0.csv,/Users/arthu/Desktop/CTM_Res-Pro/data/reach_to_grasp_dataset/data/participant_2/motion/B2_trial6_rep0_attempt0.csv,1,1,True,1.0,B2_trial6_rep1_attempt0.csv,1,target_object_corrected,6,board_data_6,trial_number,219,281,62,harmonized_hand_active_board10,test
2,2,6,1,0,1,1,[1.0],False,B2_trial6_rep1_attempt0.csv,/Users/arthu/Desktop/CTM_Res-Pro/data/reach_to_grasp_dataset/data/participant_2/motion/B2_trial6_rep1_attempt0.csv,1,1,False,,,1,target_object_corrected,6,board_data_6,trial_number,219,275,56,harmonized_hand_active_board10,test
2,2,6,2,0,1,1,[1.0],False,B2_trial6_rep2_attempt0.csv,/Users/arthu/Desktop/CTM_Res-Pro/data/reach_to_grasp_dataset/data/participant_2/motion/B2_trial6_rep2_attempt0.csv,1,1,False,,,1,target_object_corrected,6,board_data_6,trial_number,294,350,56,harmonized_hand_active_board10,test
2,2,6,3,0,1,1,[1.0],False,B2_trial6_rep3_attempt0.csv,/Users/arthu/Desktop/CTM_Res-Pro/data/reach_to_grasp_dataset/data/participant_2/motion/B2_trial6_rep3_attempt0.csv,1,1,False,,,1,target_object_corrected,6,board_data_6,trial_number,227,306,79,harmonized_hand_active_board10,test
2,2,7,0,0,1,0,"[6.0, 0.0]",True,B2_trial7_rep0_attempt0.csv,/Users/arthu/Desktop/CTM_Res-Pro/data/reach_to_grasp_dataset/data/participant_2/motion/B2_trial7_rep0_attempt0.csv,0,0,True,1.0,B2_trial7_rep1_attempt0.csv,0,target_object_corrected,7,board_data_7,trial_number,264,329,65,harmonized_hand_active_board10,test
2,2,7,1,0,1,0,[0.0],False,B2_trial7_rep1_attempt0.csv,/Users/arthu/Desktop/CTM_Res-Pro/data/reach_to_grasp_dataset/data/participant_2/motion/B2_trial7_rep1_attempt0.csv,0,0,False,,,0,target_object_corrected,7,board_data_7,trial_number,211,269,58,harmonized_hand_active_board10,test
2,2,7,2,0,1,0,[0.0],False,B2_trial7_rep2_attempt0.csv,/Users/arthu/Desktop/CTM_Res-Pro/data/reach_to_grasp_dataset/data/participant_2/motion/B2_trial7_rep2_attempt0.csv,0,0,False,,,0,target_object_corrected,7,board_data_7,trial_number,218,275,57,harmonized_hand_active_board10,test
2,2,7,3,0,1,0,[0.0],False,B2_trial7_rep3_attempt0.csv,/Users/arthu/Desktop/CTM_Res-Pro/data/reach_to_grasp_dataset/data/participant_2/motion/B2_trial7_rep3_attempt0.csv,0,0,False,,,0,target_object_corrected,7,board_data_7,trial_number,238,297,59,harmonized_hand_active_board10,test
2,3,0,0,0,1,3,"[7.0, 3.0]",True,B3_trial0_rep0_attempt0.csv,/Users/arthu/Desktop/CTM_Res-Pro/data/reach_to_grasp_dataset/data/participant_2/motion/B3_trial0_rep0_attempt0.csv,3,3,True,1.0,B3_trial0_rep1_attempt0.csv,3,target_object_corrected,0,board_data_0,trial_number,207,258,51,harmonized_hand_active_board10,test
2,3,0,1,0,1,3,[3.0],False,B3_trial0_rep1_attempt0.csv,/Users/arthu/Desktop/CTM_Res-Pro/data/reach_to_grasp_dataset/data/participant_2/motion/B3_trial0_rep1_attempt0.csv,3,3,False,,,3,target_object_corrected,0,board_data_0,trial_number,228,291,63,harmonized_hand_active_board10,test
2,3,0,2,0,1,3,[3.0],False,B3_trial0_rep2_attempt0.csv,/Users/arthu/Desktop/CTM_Res-Pro/data/reach_to_grasp_dataset/data/participant_2/motion/B3_trial0_rep2_attempt0.csv,3,3,False,,,3,target_object_corrected,0,board_data_0,trial_number,228,284,56,harmonized_hand_active_board10,test
2,3,0,3,0,1,3,[3.0],False,B3_trial0_rep3_attempt0.csv,/Users/arthu/Desktop/CTM_Res-Pro/data/reach_to_grasp_dataset/data/participant_2/motion/B3_trial0_rep3_attempt0.csv,3,3,False,,,3,target_object_corrected,0,board_data_0,trial_number,245,294,49,harmonized_hand_active_board10,test
2,3,1,0,1,1,2,[2.0],False,B3_trial1_rep0_attempt1.csv,/Users/arthu/Desktop/CTM_Res-Pro/data/reach_to_grasp_dataset/data/participant_2/motion/B3_trial1_rep0_attempt1.csv,2,2,True,1.0,B3_trial1_rep1_attempt0.csv,2,target_object_corrected,1,board_data_1,trial_number,74,122,48,harmonized_hand_active_board10,test
2,3,1,1,0,1,2,[2.0],False,B3_trial1_rep1_attempt0.csv,/Users/arthu/Desktop/CTM_Res-Pro/data/reach_to_grasp_dataset/data/participant_2/motion/B3_trial1_rep1_attempt0.csv,2,2,False,,,2,target_object_corrected,1,board_data_1,trial_number,73,207,134,harmonized_hand_active_board10,test
2,3,1,2,0,1,2,[2.0],False,B3_trial1_rep2_attempt0.csv,/Users/arthu/Desktop/CTM_Res-Pro/data/reach_to_grasp_dataset/data/participant_2/motion/B3_trial1_rep2_attempt0.csv,2,2,False,,,2,target_object_corrected,1,board_data_1,trial_number,270,317,47,harmonized_hand_active_board10,test
2,3,1,3,0,1,2,[2.0],False,B3_trial1_rep3_attempt0.csv,/Users/arthu/Desktop/CTM_Res-Pro/data/reach_to_grasp_dataset/data/participant_2/motion/B3_trial1_rep3_attempt0.csv,2,2,False,,,2,target_object_corrected,1,board_data_1,trial_number,224,273,49,harmonized_hand_active_board10,test
2,3,2,0,1,1,1,[1.0],False,B3_trial2_rep0_attempt1.csv,/Users/arthu/Desktop/CTM_Res-Pro/data/reach_to_grasp_dataset/data/participant_2/motion/B3_trial2_rep0_attempt1.csv,1,1,True,1.0,B3_trial2_rep1_attempt0.csv,1,target_object_corrected,2,board_data_2,trial_number,64,273,209,harmonized_hand_active_board10,test
2,3,2,1,0,1,1,[1.0],False,B3_trial2_rep1_attempt0.csv,/Users/arthu/Desktop/CTM_Res-Pro/data/reach_to_grasp_dataset/data/participant_2/motion/B3_trial2_rep1_attempt0.csv,1,1,False,,,1,target_object_corrected,2,board_data_2,trial_number,226,275,49,harmonized_hand_active_board10,test
2,3,2,2,0,1,1,[1.0],False,B3_trial2_rep2_attempt0.csv,/Users/arthu/Desktop/CTM_Res-Pro/data/reach_to_grasp_dataset/data/participant_2/motion/B3_trial2_rep2_attempt0.csv,1,1,False,,,1,target_object_corrected,2,board_data_2,trial_number,227,280,53,harmonized_hand_active_board10,test
2,3,2,3,0,1,1,[1.0],False,B3_trial2_rep3_attempt0.csv,/Users/arthu/Desktop/CTM_Res-Pro/data/reach_to_grasp_dataset/data/participant_2/motion/B3_trial2_rep3_attempt0.csv,1,1,False,,,1,target_object_corrected,2,board_data_2,trial_number,291,349,58,harmonized_hand_active_board10,test
2,3,3,0,0,1,0,"[2.0, 0.0]",True,B3_trial3_rep0_attempt0.csv,/Users/arthu/Desktop/CTM_Res-Pro/data/reach_to_grasp_dataset/data/participant_2/motion/B3_trial3_rep0_attempt0.csv,0,0,True,1.0,B3_trial3_rep1_attempt0.csv,0,target_object_corrected,3,board_data_3,trial_number,245,334,89,harmonized_hand_active_board10,test
2,3,3,1,0,1,0,[0.0],False,B3_trial3_rep1_attempt0.csv,/Users/arthu/Desktop/CTM_Res-Pro/data/reach_to_grasp_dataset/data/participant_2/motion/B3_trial3_rep1_attempt0.csv,0,0,False,,,0,target_object_corrected,3,board_data_3,trial_number,246,284,38,harmonized_hand_active_board10,test
2,3,3,2,0,1,0,[0.0],False,B3_trial3_rep2_attempt0.csv,/Users/arthu/Desktop/CTM_Res-Pro/data/reach_to_grasp_dataset/data/participant_2/motion/B3_trial3_rep2_attempt0.csv,0,0,False,,,0,target_object_corrected,3,board_data_3,trial_number,229,266,37,harmonized_hand_active_board10,test
2,3,3,3,0,1,0,[0.0],False,B3_trial3_rep3_attempt0.csv,/Users/arthu/Desktop/CTM_Res-Pro/data/reach_to_grasp_dataset/data/participant_2/motion/B3_trial3_rep3_attempt0.csv,0,0,False,,,0,target_object_corrected,3,board_data_3,trial_number,245,294,49,harmonized_hand_active_board10,test
2,3,4,0,0,1,7,"[3.0, 7.0]",True,B3_trial4_rep0_attempt0.csv,/Users/arthu/Desktop/CTM_Res-Pro/data/reach_to_grasp_dataset/data/participant_2/motion/B3_trial4_rep0_attempt0.csv,7,7,True,1.0,B3_trial4_rep1_attempt0.csv,7,target_object_corrected,4,board_data_4,trial_number,213,269,56,harmonized_hand_active_board10,test
2,3,4,1,0,1,7,[7.0],False,B3_trial4_rep1_attempt0.csv,/Users/arthu/Desktop/CTM_Res-Pro/data/reach_to_grasp_dataset/data/participant_2/motion/B3_trial4_rep1_attempt0.csv,7,7,False,,,7,target_object_corrected,4,board_data_4,trial_number,213,258,45,harmonized_hand_active_board10,test
2,3,4,2,0,1,7,[7.0],False,B3_trial4_rep2_attempt0.csv,/Users/arthu/Desktop/CTM_Res-Pro/data/reach_to_grasp_dataset/data/participant_2/motion/B3_trial4_rep2_attempt0.csv,7,7,False,,,7,target_object_corrected,4,board_data_4,trial_number,208,264,56,harmonized_hand_active_board10,test
2,3,4,3,0,1,7,[7.0],False,B3_trial4_rep3_attempt0.csv,/Users/arthu/Desktop/CTM_Res-Pro/data/reach_to_grasp_dataset/data/participant_2/motion/B3_trial4_rep3_attempt0.csv,7,7,False,,,7,target_object_corrected,4,board_data_4,trial_number,462,535,73,harmonized_hand_active_board10,test
2,3,5,0,0,1,6,"[4.0, 6.0]",True,B3_trial5_rep0_attempt0.csv,/Users/arthu/Desktop/CTM_Res-Pro/data/reach_to_grasp_dataset/data/participant_2/motion/B3_trial5_rep0_attempt0.csv,6,6,True,1.0,B3_trial5_rep1_attempt0.csv,6,target_object_corrected,5,board_data_5,trial_number,238,319,81,harmonized_hand_active_board10,test
2,3,5,1,0,1,6,[6.0],False,B3_trial5_rep1_attempt0.csv,/Users/arthu/Desktop/CTM_Res-Pro/data/reach_to_grasp_dataset/data/participant_2/motion/B3_trial5_rep1_attempt0.csv,6,6,False,,,6,target_object_corrected,5,board_data_5,trial_number,138,235,97,harmonized_hand_active_board10,test
2,3,5,2,0,1,6,[6.0],False,B3_trial5_rep2_attempt0.csv,/Users/arthu/Desktop/CTM_Res-Pro/data/reach_to_grasp_dataset/data/participant_2/motion/B3_trial5_rep2_attempt0.csv,6,6,False,,,6,target_object_corrected,5,board_data_5,trial_number,256,310,54,harmonized_hand_active_board10,test
2,3,5,3,0,1,6,[6.0],False,B3_trial5_rep3_attempt0.csv,/Users/arthu/Desktop/CTM_Res-Pro/data/reach_to_grasp_dataset/data/participant_2/motion/B3_trial5_rep3_attempt0.csv,6,6,False,,,6,target_object_corrected,5,board_data_5,trial_number,246,307,61,harmonized_hand_active_board10,test
2,3,6,0,1,1,5,[5.0],False,B3_trial6_rep0_attempt1.csv,/Users/arthu/Desktop/CTM_Res-Pro/data/reach_to_grasp_dataset/data/participant_2/motion/B3_trial6_rep0_attempt1.csv,5,5,True,1.0,B3_trial6_rep1_attempt0.csv,5,target_object_corrected,6,board_data_6,trial_number,207,288,81,harmonized_hand_active_board10,test
2,3,6,1,0,1,5,[5.0],False,B3_trial6_rep1_attempt0.csv,/Users/arthu/Desktop/CTM_Res-Pro/data/reach_to_grasp_dataset/data/participant_2/motion/B3_trial6_rep1_attempt0.csv,5,5,False,,,5,target_object_corrected,6,board_data_6,trial_number,208,284,76,harmonized_hand_active_board10,test
2,3,6,2,0,1,5,[5.0],False,B3_trial6_rep2_attempt0.csv,/Users/arthu/Desktop/CTM_Res-Pro/data/reach_to_grasp_dataset/data/participant_2/motion/B3_trial6_rep2_attempt0.csv,5,5,False,,,5,target_object_corrected,6,board_data_6,trial_number,251,322,71,harmonized_hand_active_board10,test
2,3,6,3,0,1,5,[5.0],False,B3_trial6_rep3_attempt0.csv,/Users/arthu/Desktop/CTM_Res-Pro/data/reach_to_grasp_dataset/data/participant_2/motion/B3_trial6_rep3_attempt0.csv,5,5,False,,,5,target_object_corrected,6,board_data_6,trial_number,226,294,68,harmonized_hand_active_board10,test
2,3,7,0,1,1,4,[4.0],False,B3_trial7_rep0_attempt1.csv,/Users/arthu/Desktop/CTM_Res-Pro/data/reach_to_grasp_dataset/data/participant_2/motion/B3_trial7_rep0_attempt1.csv,4,4,True,1.0,B3_trial7_rep1_attempt0.csv,4,target_object_corrected,7,board_data_7,trial_number,76,333,257,harmonized_hand_active_board10,test
2,3,7,1,0,1,4,[4.0],False,B3_trial7_rep1_attempt0.csv,/Users/arthu/Desktop/CTM_Res-Pro/data/reach_to_grasp_dataset/data/participant_2/motion/B3_trial7_rep1_attempt0.csv,4,4,False,,,4,target_object_corrected,7,board_data_7,trial_number,243,313,70,harmonized_hand_active_board10,test
2,3,7,2,0,1,4,[4.0],False,B3_trial7_rep2_attempt0.csv,/Users/arthu/Desktop/CTM_Res-Pro/data/reach_to_grasp_dataset/data/participant_2/motion/B3_trial7_rep2_attempt0.csv,4,4,False,,,4,target_object_corrected,7,board_data_7,trial_number,262,328,66,harmonized_hand_active_board10,test
2,3,7,3,0,1,4,[4.0],False,B3_trial7_rep3_attempt0.csv,/Users/arthu/Desktop/CTM_Res-Pro/data/reach_to_grasp_dataset/data/participant_2/motion/B3_trial7_rep3_attempt0.csv,4,4,False,,,4,target_object_corrected,7,board_data_7,trial_number,260,343,83,harmonized_hand_active_board10,test
2,4,0,0,0,1,4,"[7.0, 4.0]",True,B4_trial0_rep0_attempt0.csv,/Users/arthu/Desktop/CTM_Res-Pro/data/reach_to_grasp_dataset/data/participant_2/motion/B4_trial0_rep0_attempt0.csv,4,4,True,1.0,B4_trial0_rep1_attempt0.csv,4,target_object_corrected,0,board_data_0,trial_number,232,289,57,harmonized_hand_active_board10,test
2,4,0,1,0,1,4,[4.0],False,B4_trial0_rep1_attempt0.csv,/Users/arthu/Desktop/CTM_Res-Pro/data/reach_to_grasp_dataset/data/participant_2/motion/B4_trial0_rep1_attempt0.csv,4,4,False,,,4,target_object_corrected,0,board_data_0,trial_number,225,280,55,harmonized_hand_active_board10,test
2,4,0,2,0,1,4,[4.0],False,B4_trial0_rep2_attempt0.csv,/Users/arthu/Desktop/CTM_Res-Pro/data/reach_to_grasp_dataset/data/participant_2/motion/B4_trial0_rep2_attempt0.csv,4,4,False,,,4,target_object_corrected,0,board_data_0,trial_number,240,309,69,harmonized_hand_active_board10,test
2,4,0,3,0,1,4,[4.0],False,B4_trial0_rep3_attempt0.csv,/Users/arthu/Desktop/CTM_Res-Pro/data/reach_to_grasp_dataset/data/participant_2/motion/B4_trial0_rep3_attempt0.csv,4,4,False,,,4,target_object_corrected,0,board_data_0,trial_number,215,271,56,harmonized_hand_active_board10,test
2,4,1,0,0,1,5,"[0.0, 5.0]",True,B4_trial1_rep0_attempt0.csv,/Users/arthu/Desktop/CTM_Res-Pro/data/reach_to_grasp_dataset/data/participant_2/motion/B4_trial1_rep0_attempt0.csv,5,5,True,1.0,B4_trial1_rep1_attempt0.csv,5,target_object_corrected,1,board_data_1,trial_number,208,266,58,harmonized_hand_active_board10,test
2,4,1,1,0,1,5,[5.0],False,B4_trial1_rep1_attempt0.csv,/Users/arthu/Desktop/CTM_Res-Pro/data/reach_to_grasp_dataset/data/participant_2/motion/B4_trial1_rep1_attempt0.csv,5,5,False,,,5,target_object_corrected,1,board_data_1,trial_number,226,290,64,harmonized_hand_active_board10,test
2,4,1,2,0,1,5,[5.0],False,B4_trial1_rep2_attempt0.csv,/Users/arthu/Desktop/CTM_Res-Pro/data/reach_to_grasp_dataset/data/participant_2/motion/B4_trial1_rep2_attempt0.csv,5,5,False,,,5,target_object_corrected,1,board_data_1,trial_number,381,465,84,harmonized_hand_active_board10,test
2,4,1,3,0,1,5,[5.0],False,B4_trial1_rep3_attempt0.csv,/Users/arthu/Desktop/CTM_Res-Pro/data/reach_to_grasp_dataset/data/participant_2/motion/B4_trial1_rep3_attempt0.csv,5,5,False,,,5,target_object_corrected,1,board_data_1,trial_number,215,283,68,harmonized_hand_active_board10,test
2,4,2,0,0,1,6,"[1.0, 6.0]",True,B4_trial2_rep0_attempt0.csv,/Users/arthu/Desktop/CTM_Res-Pro/data/reach_to_grasp_dataset/data/participant_2/motion/B4_trial2_rep0_attempt0.csv,6,6,True,1.0,B4_trial2_rep1_attempt0.csv,6,target_object_corrected,2,board_data_2,trial_number,291,352,61,harmonized_hand_active_board10,test
2,4,2,1,0,1,6,[6.0],False,B4_trial2_rep1_attempt0.csv,/Users/arthu/Desktop/CTM_Res-Pro/data/reach_to_grasp_dataset/data/participant_2/motion/B4_trial2_rep1_attempt0.csv,6,6,False,,,6,target_object_corrected,2,board_data_2,trial_number,309,366,57,harmonized_hand_active_board10,test
2,4,2,2,0,1,6,[6.0],False,B4_trial2_rep2_attempt0.csv,/Users/arthu/Desktop/CTM_Res-Pro/data/reach_to_grasp_dataset/data/participant_2/motion/B4_trial2_rep2_attempt0.csv,6,6,False,,,6,target_object_corrected,2,board_data_2,trial_number,338,382,44,harmonized_hand_active_board10,test
2,4,2,3,0,1,6,[6.0],False,B4_trial2_rep3_attempt0.csv,/Users/arthu/Desktop/CTM_Res-Pro/data/reach_to_grasp_dataset/data/participant_2/motion/B4_trial2_rep3_attempt0.csv,6,6,False,,,6,target_object_corrected,2,board_data_2,trial_number,285,364,79,harmonized_hand_active_board10,test
2,4,3,0,0,1,7,"[2.0, 7.0]",True,B4_trial3_rep0_attempt0.csv,/Users/arthu/Desktop/CTM_Res-Pro/data/reach_to_grasp_dataset/data/participant_2/motion/B4_trial3_rep0_attempt0.csv,7,7,True,1.0,B4_trial3_rep1_attempt0.csv,7,target_object_corrected,3,board_data_3,trial_number,277,300,23,harmonized_hand_active_board10,test
2,4,3,1,0,1,7,[7.0],False,B4_trial3_rep1_attempt0.csv,/Users/arthu/Desktop/CTM_Res-Pro/data/reach_to_grasp_dataset/data/participant_2/motion/B4_trial3_rep1_attempt0.csv,7,7,False,,,7,target_object_corrected,3,board_data_3,trial_number,262,266,4,harmonized_hand_active_board10,test
2,4,3,2,0,1,7,[7.0],False,B4_trial3_rep2_attempt0.csv,/Users/arthu/Desktop/CTM_Res-Pro/data/reach_to_grasp_dataset/data/participant_2/motion/B4_trial3_rep2_attempt0.csv,7,7,False,,,7,target_object_corrected,3,board_data_3,trial_number,232,273,41,harmonized_hand_active_board10,test
2,4,3,3,0,1,7,[7.0],False,B4_trial3_rep3_attempt0.csv,/Users/arthu/Desktop/CTM_Res-Pro/data/reach_to_grasp_dataset/data/participant_2/motion/B4_trial3_rep3_attempt0.csv,7,7,False,,,7,target_object_corrected,3,board_data_3,trial_number,305,352,47,harmonized_hand_active_board10,test
2,4,4,0,1,1,0,[0.0],False,B4_trial4_rep0_attempt1.csv,/Users/arthu/Desktop/CTM_Res-Pro/data/reach_to_grasp_dataset/data/participant_2/motion/B4_trial4_rep0_attempt1.csv,0,0,True,1.0,B4_trial4_rep1_attempt0.csv,0,target_object_corrected,4,board_data_4,trial_number,209,260,51,harmonized_hand_active_board10,test
2,4,4,1,0,1,0,[0.0],False,B4_trial4_rep1_attempt0.csv,/Users/arthu/Desktop/CTM_Res-Pro/data/reach_to_grasp_dataset/data/participant_2/motion/B4_trial4_rep1_attempt0.csv,0,0,False,,,0,target_object_corrected,4,board_data_4,trial_number,275,322,47,harmonized_hand_active_board10,test
2,4,4,2,0,1,0,[0.0],False,B4_trial4_rep2_attempt0.csv,/Users/arthu/Desktop/CTM_Res-Pro/data/reach_to_grasp_dataset/data/participant_2/motion/B4_trial4_rep2_attempt0.csv,0,0,False,,,0,target_object_corrected,4,board_data_4,trial_number,224,271,47,harmonized_hand_active_board10,test
2,4,4,3,0,1,0,[0.0],False,B4_trial4_rep3_attempt0.csv,/Users/arthu/Desktop/CTM_Res-Pro/data/reach_to_grasp_dataset/data/participant_2/motion/B4_trial4_rep3_attempt0.csv,0,0,False,,,0,target_object_corrected,4,board_data_4,trial_number,308,358,50,harmonized_hand_active_board10,test
2,4,5,0,0,1,1,"[4.0, 1.0]",True,B4_trial5_rep0_attempt0.csv,/Users/arthu/Desktop/CTM_Res-Pro/data/reach_to_grasp_dataset/data/participant_2/motion/B4_trial5_rep0_attempt0.csv,1,1,True,1.0,B4_trial5_rep1_attempt0.csv,1,target_object_corrected,5,board_data_5,trial_number,228,289,61,harmonized_hand_active_board10,test
2,4,5,1,0,1,1,[1.0],False,B4_trial5_rep1_attempt0.csv,/Users/arthu/Desktop/CTM_Res-Pro/data/reach_to_grasp_dataset/data/participant_2/motion/B4_trial5_rep1_attempt0.csv,1,1,False,,,1,target_object_corrected,5,board_data_5,trial_number,245,300,55,harmonized_hand_active_board10,test
2,4,5,2,0,1,1,[1.0],False,B4_trial5_rep2_attempt0.csv,/Users/arthu/Desktop/CTM_Res-Pro/data/reach_to_grasp_dataset/data/participant_2/motion/B4_trial5_rep2_attempt0.csv,1,1,False,,,1,target_object_corrected,5,board_data_5,trial_number,241,314,73,harmonized_hand_active_board10,test
2,4,5,3,0,1,1,[1.0],False,B4_trial5_rep3_attempt0.csv,/Users/arthu/Desktop/CTM_Res-Pro/data/reach_to_grasp_dataset/data/participant_2/motion/B4_trial5_rep3_attempt0.csv,1,1,False,,,1,target_object_corrected,5,board_data_5,trial_number,76,209,133,harmonized_hand_active_board10,test
2,4,6,0,0,1,2,"[5.0, 2.0]",True,B4_trial6_rep0_attempt0.csv,/Users/arthu/Desktop/CTM_Res-Pro/data/reach_to_grasp_dataset/data/participant_2/motion/B4_trial6_rep0_attempt0.csv,2,2,True,1.0,B4_trial6_rep1_attempt0.csv,2,target_object_corrected,6,board_data_6,trial_number,222,285,63,harmonized_hand_active_board10,test
2,4,6,1,0,1,2,[2.0],False,B4_trial6_rep1_attempt0.csv,/Users/arthu/Desktop/CTM_Res-Pro/data/reach_to_grasp_dataset/data/participant_2/motion/B4_trial6_rep1_attempt0.csv,2,2,False,,,2,target_object_corrected,6,board_data_6,trial_number,262,336,74,harmonized_hand_active_board10,test
2,4,6,2,0,1,2,[2.0],False,B4_trial6_rep2_attempt0.csv,/Users/arthu/Desktop/CTM_Res-Pro/data/reach_to_grasp_dataset/data/participant_2/motion/B4_trial6_rep2_attempt0.csv,2,2,False,,,2,target_object_corrected,6,board_data_6,trial_number,409,459,50,harmonized_hand_active_board10,test
2,4,6,3,0,1,2,[2.0],False,B4_trial6_rep3_attempt0.csv,/Users/arthu/Desktop/CTM_Res-Pro/data/reach_to_grasp_dataset/data/participant_2/motion/B4_trial6_rep3_attempt0.csv,2,2,False,,,2,target_object_corrected,6,board_data_6,trial_number,416,465,49,harmonized_hand_active_board10,test
2,4,7,0,0,1,3,"[6.0, 3.0]",True,B4_trial7_rep0_attempt0.csv,/Users/arthu/Desktop/CTM_Res-Pro/data/reach_to_grasp_dataset/data/participant_2/motion/B4_trial7_rep0_attempt0.csv,3,3,True,1.0,B4_trial7_rep1_attempt0.csv,3,target_object_corrected,7,board_data_7,trial_number,204,255,51,harmonized_hand_active_board10,test
2,4,7,1,0,1,3,[3.0],False,B4_trial7_rep1_attempt0.csv,/Users/arthu/Desktop/CTM_Res-Pro/data/reach_to_grasp_dataset/data/participant_2/motion/B4_trial7_rep1_attempt0.csv,3,3,False,,,3,target_object_corrected,7,board_data_7,trial_number,213,260,47,harmonized_hand_active_board10,test
2,4,7,2,0,1,3,[3.0],False,B4_trial7_rep2_attempt0.csv,/Users/arthu/Desktop/CTM_Res-Pro/data/reach_to_grasp_dataset/data/participant_2/motion/B4_trial7_rep2_attempt0.csv,3,3,False,,,3,target_object_corrected,7,board_data_7,trial_number,217,272,55,harmonized_hand_active_board10,test
2,4,7,3,0,1,3,[3.0],False,B4_trial7_rep3_attempt0.csv,/Users/arthu/Desktop/CTM_Res-Pro/data/reach_to_grasp_dataset/data/participant_2/motion/B4_trial7_rep3_attempt0.csv,3,3,False,,,3,target_object_corrected,7,board_data_7,trial_number,217,291,74,harmonized_hand_active_board10,test
3,0,0,0,0,1,3,[3.0],False,B0_trial0_rep0_attempt0.csv,/Users/arthu/Desktop/CTM_Res-Pro/data/reach_to_grasp_dataset/data/participant_3/motion/B0_trial0_rep0_attempt0.csv,3,3,False,,,0,trial_number,3,board_data_3,fixed_B0_sensor_3,111,161,50,harmonized_hand_active_board10,train
3,0,0,1,0,1,3,[3.0],False,B0_trial0_rep1_attempt0.csv,/Users/arthu/Desktop/CTM_Res-Pro/data/reach_to_grasp_dataset/data/participant_3/motion/B0_trial0_rep1_attempt0.csv,3,3,False,,,0,trial_number,3,board_data_3,fixed_B0_sensor_3,222,266,44,harmonized_hand_active_board10,train
3,0,0,2,0,1,3,[3.0],False,B0_trial0_rep2_attempt0.csv,/Users/arthu/Desktop/CTM_Res-Pro/data/reach_to_grasp_dataset/data/participant_3/motion/B0_trial0_rep2_attempt0.csv,3,3,False,,,0,trial_number,3,board_data_3,fixed_B0_sensor_3,225,270,45,harmonized_hand_active_board10,train
3,0,0,3,0,1,3,[3.0],False,B0_trial0_rep3_attempt0.csv,/Users/arthu/Desktop/CTM_Res-Pro/data/reach_to_grasp_dataset/data/participant_3/motion/B0_trial0_rep3_attempt0.csv,3,3,False,,,0,trial_number,3,board_data_3,fixed_B0_sensor_3,229,272,43,harmonized_hand_active_board10,train
3,0,0,4,0,1,3,[3.0],False,B0_trial0_rep4_attempt0.csv,/Users/arthu/Desktop/CTM_Res-Pro/data/reach_to_grasp_dataset/data/participant_3/motion/B0_trial0_rep4_attempt0.csv,3,3,False,,,0,trial_number,3,board_data_3,fixed_B0_sensor_3,224,276,52,harmonized_hand_active_board10,train
3,0,0,5,0,1,3,[3.0],False,B0_trial0_rep5_attempt0.csv,/Users/arthu/Desktop/CTM_Res-Pro/data/reach_to_grasp_dataset/data/participant_3/motion/B0_trial0_rep5_attempt0.csv,3,3,False,,,0,trial_number,3,board_data_3,fixed_B0_sensor_3,226,274,48,harmonized_hand_active_board10,train
3,0,0,6,0,1,3,[3.0],False,B0_trial0_rep6_attempt0.csv,/Users/arthu/Desktop/CTM_Res-Pro/data/reach_to_grasp_dataset/data/participant_3/motion/B0_trial0_rep6_attempt0.csv,3,3,False,,,0,trial_number,3,board_data_3,fixed_B0_sensor_3,244,298,54,harmonized_hand_active_board10,train
3,0,0,7,0,1,3,[3.0],False,B0_trial0_rep7_attempt0.csv,/Users/arthu/Desktop/CTM_Res-Pro/data/reach_to_grasp_dataset/data/participant_3/motion/B0_trial0_rep7_attempt0.csv,3,3,False,,,0,trial_number,3,board_data_3,fixed_B0_sensor_3,235,265,30,harmonized_hand_active_board10,train
3,0,1,0,0,1,3,[3.0],False,B0_trial1_rep0_attempt0.csv,/Users/arthu/Desktop/CTM_Res-Pro/data/reach_to_grasp_dataset/data/participant_3/motion/B0_trial1_rep0_attempt0.csv,3,3,False,,,1,trial_number,3,board_data_3,fixed_B0_sensor_3,222,272,50,harmonized_hand_active_board10,train
3,0,1,1,0,1,3,[3.0],False,B0_trial1_rep1_attempt0.csv,/Users/arthu/Desktop/CTM_Res-Pro/data/reach_to_grasp_dataset/data/participant_3/motion/B0_trial1_rep1_attempt0.csv,3,3,False,,,1,trial_number,3,board_data_3,fixed_B0_sensor_3,231,284,53,harmonized_hand_active_board10,train
3,0,1,2,0,1,3,[3.0],False,B0_trial1_rep2_attempt0.csv,/Users/arthu/Desktop/CTM_Res-Pro/data/reach_to_grasp_dataset/data/participant_3/motion/B0_trial1_rep2_attempt0.csv,3,3,False,,,1,trial_number,3,board_data_3,fixed_B0_sensor_3,228,284,56,harmonized_hand_active_board10,train
3,0,1,3,0,1,3,[3.0],False,B0_trial1_rep3_attempt0.csv,/Users/arthu/Desktop/CTM_Res-Pro/data/reach_to_grasp_dataset/data/participant_3/motion/B0_trial1_rep3_attempt0.csv,3,3,False,,,1,trial_number,3,board_data_3,fixed_B0_sensor_3,232,287,55,harmonized_hand_active_board10,train
3,0,1,4,0,1,3,[3.0],False,B0_trial1_rep4_attempt0.csv,/Users/arthu/Desktop/CTM_Res-Pro/data/reach_to_grasp_dataset/data/participant_3/motion/B0_trial1_rep4_attempt0.csv,3,3,False,,,1,trial_number,3,board_data_3,fixed_B0_sensor_3,228,285,57,harmonized_hand_active_board10,train
3,0,1,5,0,1,3,[3.0],False,B0_trial1_rep5_attempt0.csv,/Users/arthu/Desktop/CTM_Res-Pro/data/reach_to_grasp_dataset/data/participant_3/motion/B0_trial1_rep5_attempt0.csv,3,3,False,,,1,trial_number,3,board_data_3,fixed_B0_sensor_3,235,281,46,harmonized_hand_active_board10,train
3,0,1,6,0,1,3,[3.0],False,B0_trial1_rep6_attempt0.csv,/Users/arthu/Desktop/CTM_Res-Pro/data/reach_to_grasp_dataset/data/participant_3/motion/B0_trial1_rep6_attempt0.csv,3,3,False,,,1,trial_number,3,board_data_3,fixed_B0_sensor_3,231,276,45,harmonized_hand_active_board10,train
3,0,1,7,0,1,3,[3.0],False,B0_trial1_rep7_attempt0.csv,/Users/arthu/Desktop/CTM_Res-Pro/data/reach_to_grasp_dataset/data/participant_3/motion/B0_trial1_rep7_attempt0.csv,3,3,False,,,1,trial_number,3,board_data_3,fixed_B0_sensor_3,235,283,48,harmonized_hand_active_board10,train
3,0,2,0,0,1,3,[3.0],False,B0_trial2_rep0_attempt0.csv,/Users/arthu/Desktop/CTM_Res-Pro/data/reach_to_grasp_dataset/data/participant_3/motion/B0_trial2_rep0_attempt0.csv,3,3,False,,,2,trial_number,3,board_data_3,fixed_B0_sensor_3,256,273,17,harmonized_hand_active_board10,train
3,0,2,1,0,1,3,[3.0],False,B0_trial2_rep1_attempt0.csv,/Users/arthu/Desktop/CTM_Res-Pro/data/reach_to_grasp_dataset/data/participant_3/motion/B0_trial2_rep1_attempt0.csv,3,3,False,,,2,trial_number,3,board_data_3,fixed_B0_sensor_3,296,299,3,harmonized_hand_active_board10,train
3,0,2,2,0,1,3,[3.0],False,B0_trial2_rep2_attempt0.csv,/Users/arthu/Desktop/CTM_Res-Pro/data/reach_to_grasp_dataset/data/participant_3/motion/B0_trial2_rep2_attempt0.csv,3,3,False,,,2,trial_number,3,board_data_3,fixed_B0_sensor_3,249,282,33,harmonized_hand_active_board10,train
3,0,2,3,0,1,3,[3.0],False,B0_trial2_rep3_attempt0.csv,/Users/arthu/Desktop/CTM_Res-Pro/data/reach_to_grasp_dataset/data/participant_3/motion/B0_trial2_rep3_attempt0.csv,3,3,False,,,2,trial_number,3,board_data_3,fixed_B0_sensor_3,249,290,41,harmonized_hand_active_board10,train
3,0,2,4,0,1,3,[3.0],False,B0_trial2_rep4_attempt0.csv,/Users/arthu/Desktop/CTM_Res-Pro/data/reach_to_grasp_dataset/data/participant_3/motion/B0_trial2_rep4_attempt0.csv,3,3,False,,,2,trial_number,3,board_data_3,fixed_B0_sensor_3,240,270,30,harmonized_hand_active_board10,train
3,0,2,5,0,1,3,[3.0],False,B0_trial2_rep5_attempt0.csv,/Users/arthu/Desktop/CTM_Res-Pro/data/reach_to_grasp_dataset/data/participant_3/motion/B0_trial2_rep5_attempt0.csv,3,3,False,,,2,trial_number,3,board_data_3,fixed_B0_sensor_3,239,273,34,harmonized_hand_active_board10,train
3,0,2,6,0,1,3,[3.0],False,B0_trial2_rep6_attempt0.csv,/Users/arthu/Desktop/CTM_Res-Pro/data/reach_to_grasp_dataset/data/participant_3/motion/B0_trial2_rep6_attempt0.csv,3,3,False,,,2,trial_number,3,board_data_3,fixed_B0_sensor_3,248,287,39,harmonized_hand_active_board10,train
3,0,2,7,0,1,3,[3.0],False,B0_trial2_rep7_attempt0.csv,/Users/arthu/Desktop/CTM_Res-Pro/data/reach_to_grasp_dataset/data/participant_3/motion/B0_trial2_rep7_attempt0.csv,3,3,False,,,2,trial_number,3,board_data_3,fixed_B0_sensor_3,231,285,54,harmonized_hand_active_board10,train
3,0,3,0,0,1,3,[3.0],False,B0_trial3_rep0_attempt0.csv,/Users/arthu/Desktop/CTM_Res-Pro/data/reach_to_grasp_dataset/data/participant_3/motion/B0_trial3_rep0_attempt0.csv,3,3,False,,,3,trial_number,3,board_data_3,fixed_B0_sensor_3,225,285,60,harmonized_hand_active_board10,train
3,0,3,2,0,1,3,[3.0],False,B0_trial3_rep2_attempt0.csv,/Users/arthu/Desktop/CTM_Res-Pro/data/reach_to_grasp_dataset/data/participant_3/motion/B0_trial3_rep2_attempt0.csv,3,3,False,,,3,trial_number,3,board_data_3,fixed_B0_sensor_3,230,297,67,harmonized_hand_active_board10,train
3,0,3,3,0,1,3,[3.0],False,B0_trial3_rep3_attempt0.csv,/Users/arthu/Desktop/CTM_Res-Pro/data/reach_to_grasp_dataset/data/participant_3/motion/B0_trial3_rep3_attempt0.csv,3,3,False,,,3,trial_number,3,board_data_3,fixed_B0_sensor_3,238,305,67,harmonized_hand_active_board10,train
3,0,3,4,0,1,3,[3.0],False,B0_trial3_rep4_attempt0.csv,/Users/arthu/Desktop/CTM_Res-Pro/data/reach_to_grasp_dataset/data/participant_3/motion/B0_trial3_rep4_attempt0.csv,3,3,False,,,3,trial_number,3,board_data_3,fixed_B0_sensor_3,234,297,63,harmonized_hand_active_board10,train
3,0,3,5,0,1,3,[3.0],False,B0_trial3_rep5_attempt0.csv,/Users/arthu/Desktop/CTM_Res-Pro/data/reach_to_grasp_dataset/data/participant_3/motion/B0_trial3_rep5_attempt0.csv,3,3,False,,,3,trial_number,3,board_data_3,fixed_B0_sensor_3,232,285,53,harmonized_hand_active_board10,train
3,0,3,6,0,1,3,[3.0],False,B0_trial3_rep6_attempt0.csv,/Users/arthu/Desktop/CTM_Res-Pro/data/reach_to_grasp_dataset/data/participant_3/motion/B0_trial3_rep6_attempt0.csv,3,3,False,,,3,trial_number,3,board_data_3,fixed_B0_sensor_3,285,287,2,harmonized_hand_active_board10,train
3,0,3,7,0,1,3,[3.0],False,B0_trial3_rep7_attempt0.csv,/Users/arthu/Desktop/CTM_Res-Pro/data/reach_to_grasp_dataset/data/participant_3/motion/B0_trial3_rep7_attempt0.csv,3,3,False,,,3,trial_number,3,board_data_3,fixed_B0_sensor_3,233,288,55,harmonized_hand_active_board10,train
3,0,4,0,0,1,3,[3.0],False,B0_trial4_rep0_attempt0.csv,/Users/arthu/Desktop/CTM_Res-Pro/data/reach_to_grasp_dataset/data/participant_3/motion/B0_trial4_rep0_attempt0.csv,3,3,False,,,4,trial_number,3,board_data_3,fixed_B0_sensor_3,312,315,3,harmonized_hand_active_board10,train
3,0,4,1,0,1,3,[3.0],False,B0_trial4_rep1_attempt0.csv,/Users/arthu/Desktop/CTM_Res-Pro/data/reach_to_grasp_dataset/data/participant_3/motion/B0_trial4_rep1_attempt0.csv,3,3,False,,,4,trial_number,3,board_data_3,fixed_B0_sensor_3,227,301,74,harmonized_hand_active_board10,train
3,0,4,2,0,1,3,[3.0],False,B0_trial4_rep2_attempt0.csv,/Users/arthu/Desktop/CTM_Res-Pro/data/reach_to_grasp_dataset/data/participant_3/motion/B0_trial4_rep2_attempt0.csv,3,3,False,,,4,trial_number,3,board_data_3,fixed_B0_sensor_3,231,311,80,harmonized_hand_active_board10,train
3,0,4,3,0,1,3,[3.0],False,B0_trial4_rep3_attempt0.csv,/Users/arthu/Desktop/CTM_Res-Pro/data/reach_to_grasp_dataset/data/participant_3/motion/B0_trial4_rep3_attempt0.csv,3,3,False,,,4,trial_number,3,board_data_3,fixed_B0_sensor_3,221,290,69,harmonized_hand_active_board10,train
3,0,4,4,0,1,3,[3.0],False,B0_trial4_rep4_attempt0.csv,/Users/arthu/Desktop/CTM_Res-Pro/data/reach_to_grasp_dataset/data/participant_3/motion/B0_trial4_rep4_attempt0.csv,3,3,False,,,4,trial_number,3,board_data_3,fixed_B0_sensor_3,226,292,66,harmonized_hand_active_board10,train
3,0,4,5,0,1,3,[3.0],False,B0_trial4_rep5_attempt0.csv,/Users/arthu/Desktop/CTM_Res-Pro/data/reach_to_grasp_dataset/data/participant_3/motion/B0_trial4_rep5_attempt0.csv,3,3,False,,,4,trial_number,3,board_data_3,fixed_B0_sensor_3,223,282,59,harmonized_hand_active_board10,train
3,0,4,6,0,1,3,[3.0],False,B0_trial4_rep6_attempt0.csv,/Users/arthu/Desktop/CTM_Res-Pro/data/reach_to_grasp_dataset/data/participant_3/motion/B0_trial4_rep6_attempt0.csv,3,3,False,,,4,trial_number,3,board_data_3,fixed_B0_sensor_3,224,283,59,harmonized_hand_active_board10,train
3,0,4,7,0,1,3,[3.0],False,B0_trial4_rep7_attempt0.csv,/Users/arthu/Desktop/CTM_Res-Pro/data/reach_to_grasp_dataset/data/participant_3/motion/B0_trial4_rep7_attempt0.csv,3,3,False,,,4,trial_number,3,board_data_3,fixed_B0_sensor_3,212,292,80,harmonized_hand_active_board10,train
3,0,5,0,0,1,3,[3.0],False,B0_trial5_rep0_attempt0.csv,/Users/arthu/Desktop/CTM_Res-Pro/data/reach_to_grasp_dataset/data/participant_3/motion/B0_trial5_rep0_attempt0.csv,3,3,False,,,5,trial_number,3,board_data_3,fixed_B0_sensor_3,213,281,68,harmonized_hand_active_board10,train
3,0,5,1,0,1,3,[3.0],False,B0_trial5_rep1_attempt0.csv,/Users/arthu/Desktop/CTM_Res-Pro/data/reach_to_grasp_dataset/data/participant_3/motion/B0_trial5_rep1_attempt0.csv,3,3,False,,,5,trial_number,3,board_data_3,fixed_B0_sensor_3,240,283,43,harmonized_hand_active_board10,train
3,0,5,2,0,1,3,[3.0],False,B0_trial5_rep2_attempt0.csv,/Users/arthu/Desktop/CTM_Res-Pro/data/reach_to_grasp_dataset/data/participant_3/motion/B0_trial5_rep2_attempt0.csv,3,3,False,,,5,trial_number,3,board_data_3,fixed_B0_sensor_3,20,23,3,harmonized_hand_active_board10,train
3,0,5,3,0,1,3,[3.0],False,B0_trial5_rep3_attempt0.csv,/Users/arthu/Desktop/CTM_Res-Pro/data/reach_to_grasp_dataset/data/participant_3/motion/B0_trial5_rep3_attempt0.csv,3,3,False,,,5,trial_number,3,board_data_3,fixed_B0_sensor_3,227,284,57,harmonized_hand_active_board10,train
3,0,5,4,0,1,3,[3.0],False,B0_trial5_rep4_attempt0.csv,/Users/arthu/Desktop/CTM_Res-Pro/data/reach_to_grasp_dataset/data/participant_3/motion/B0_trial5_rep4_attempt0.csv,3,3,False,,,5,trial_number,3,board_data_3,fixed_B0_sensor_3,233,290,57,harmonized_hand_active_board10,train
3,0,5,5,0,1,3,[3.0],False,B0_trial5_rep5_attempt0.csv,/Users/arthu/Desktop/CTM_Res-Pro/data/reach_to_grasp_dataset/data/participant_3/motion/B0_trial5_rep5_attempt0.csv,3,3,False,,,5,trial_number,3,board_data_3,fixed_B0_sensor_3,250,286,36,harmonized_hand_active_board10,train
3,0,5,6,0,1,3,[3.0],False,B0_trial5_rep6_attempt0.csv,/Users/arthu/Desktop/CTM_Res-Pro/data/reach_to_grasp_dataset/data/participant_3/motion/B0_trial5_rep6_attempt0.csv,3,3,False,,,5,trial_number,3,board_data_3,fixed_B0_sensor_3,257,286,29,harmonized_hand_active_board10,train
3,0,5,7,0,1,3,[3.0],False,B0_trial5_rep7_attempt0.csv,/Users/arthu/Desktop/CTM_Res-Pro/data/reach_to_grasp_dataset/data/participant_3/motion/B0_trial5_rep7_attempt0.csv,3,3,False,,,5,trial_number,3,board_data_3,fixed_B0_sensor_3,250,285,35,harmonized_hand_active_board10,train
3,0,6,0,0,1,3,[3.0],False,B0_trial6_rep0_attempt0.csv,/Users/arthu/Desktop/CTM_Res-Pro/data/reach_to_grasp_dataset/data/participant_3/motion/B0_trial6_rep0_attempt0.csv,3,3,False,,,6,trial_number,3,board_data_3,fixed_B0_sensor_3,213,260,47,harmonized_hand_active_board10,train
3,0,6,1,0,1,3,[3.0],False,B0_trial6_rep1_attempt0.csv,/Users/arthu/Desktop/CTM_Res-Pro/data/reach_to_grasp_dataset/data/participant_3/motion/B0_trial6_rep1_attempt0.csv,3,3,False,,,6,trial_number,3,board_data_3,fixed_B0_sensor_3,239,269,30,harmonized_hand_active_board10,train
3,0,6,2,0,1,3,[3.0],False,B0_trial6_rep2_attempt0.csv,/Users/arthu/Desktop/CTM_Res-Pro/data/reach_to_grasp_dataset/data/participant_3/motion/B0_trial6_rep2_attempt0.csv,3,3,False,,,6,trial_number,3,board_data_3,fixed_B0_sensor_3,276,285,9,harmonized_hand_active_board10,train
3,0,6,3,0,1,3,[3.0],False,B0_trial6_rep3_attempt0.csv,/Users/arthu/Desktop/CTM_Res-Pro/data/reach_to_grasp_dataset/data/participant_3/motion/B0_trial6_rep3_attempt0.csv,3,3,False,,,6,trial_number,3,board_data_3,fixed_B0_sensor_3,238,269,31,harmonized_hand_active_board10,train
3,0,6,4,0,1,3,[3.0],False,B0_trial6_rep4_attempt0.csv,/Users/arthu/Desktop/CTM_Res-Pro/data/reach_to_grasp_dataset/data/participant_3/motion/B0_trial6_rep4_attempt0.csv,3,3,False,,,6,trial_number,3,board_data_3,fixed_B0_sensor_3,238,274,36,harmonized_hand_active_board10,train
3,0,6,5,0,1,3,[3.0],False,B0_trial6_rep5_attempt0.csv,/Users/arthu/Desktop/CTM_Res-Pro/data/reach_to_grasp_dataset/data/participant_3/motion/B0_trial6_rep5_attempt0.csv,3,3,False,,,6,trial_number,3,board_data_3,fixed_B0_sensor_3,228,282,54,harmonized_hand_active_board10,train
3,0,6,6,0,1,3,[3.0],False,B0_trial6_rep6_attempt0.csv,/Users/arthu/Desktop/CTM_Res-Pro/data/reach_to_grasp_dataset/data/participant_3/motion/B0_trial6_rep6_attempt0.csv,3,3,False,,,6,trial_number,3,board_data_3,fixed_B0_sensor_3,209,272,63,harmonized_hand_active_board10,train
3,0,6,7,0,1,3,[3.0],False,B0_trial6_rep7_attempt0.csv,/Users/arthu/Desktop/CTM_Res-Pro/data/reach_to_grasp_dataset/data/participant_3/motion/B0_trial6_rep7_attempt0.csv,3,3,False,,,6,trial_number,3,board_data_3,fixed_B0_sensor_3,221,274,53,harmonized_hand_active_board10,train
3,0,7,0,0,1,3,[3.0],False,B0_trial7_rep0_attempt0.csv,/Users/arthu/Desktop/CTM_Res-Pro/data/reach_to_grasp_dataset/data/participant_3/motion/B0_trial7_rep0_attempt0.csv,3,3,False,,,7,trial_number,3,board_data_3,fixed_B0_sensor_3,215,272,57,harmonized_hand_active_board10,train
3,0,7,1,0,1,3,[3.0],False,B0_trial7_rep1_attempt0.csv,/Users/arthu/Desktop/CTM_Res-Pro/data/reach_to_grasp_dataset/data/participant_3/motion/B0_trial7_rep1_attempt0.csv,3,3,False,,,7,trial_number,3,board_data_3,fixed_B0_sensor_3,212,245,33,harmonized_hand_active_board10,train
3,0,7,2,0,1,3,[3.0],False,B0_trial7_rep2_attempt0.csv,/Users/arthu/Desktop/CTM_Res-Pro/data/reach_to_grasp_dataset/data/participant_3/motion/B0_trial7_rep2_attempt0.csv,3,3,False,,,7,trial_number,3,board_data_3,fixed_B0_sensor_3,252,278,26,harmonized_hand_active_board10,train
3,0,7,3,0,1,3,[3.0],False,B0_trial7_rep3_attempt0.csv,/Users/arthu/Desktop/CTM_Res-Pro/data/reach_to_grasp_dataset/data/participant_3/motion/B0_trial7_rep3_attempt0.csv,3,3,False,,,7,trial_number,3,board_data_3,fixed_B0_sensor_3,230,262,32,harmonized_hand_active_board10,train
3,0,7,4,0,1,3,[3.0],False,B0_trial7_rep4_attempt0.csv,/Users/arthu/Desktop/CTM_Res-Pro/data/reach_to_grasp_dataset/data/participant_3/motion/B0_trial7_rep4_attempt0.csv,3,3,False,,,7,trial_number,3,board_data_3,fixed_B0_sensor_3,219,263,44,harmonized_hand_active_board10,train
3,0,7,5,0,1,3,[3.0],False,B0_trial7_rep5_attempt0.csv,/Users/arthu/Desktop/CTM_Res-Pro/data/reach_to_grasp_dataset/data/participant_3/motion/B0_trial7_rep5_attempt0.csv,3,3,False,,,7,trial_number,3,board_data_3,fixed_B0_sensor_3,220,258,38,harmonized_hand_active_board10,train
3,0,7,6,0,1,3,[3.0],False,B0_trial7_rep6_attempt0.csv,/Users/arthu/Desktop/CTM_Res-Pro/data/reach_to_grasp_dataset/data/participant_3/motion/B0_trial7_rep6_attempt0.csv,3,3,False,,,7,trial_number,3,board_data_3,fixed_B0_sensor_3,211,247,36,harmonized_hand_active_board10,train
3,0,7,7,0,1,3,[3.0],False,B0_trial7_rep7_attempt0.csv,/Users/arthu/Desktop/CTM_Res-Pro/data/reach_to_grasp_dataset/data/participant_3/motion/B0_trial7_rep7_attempt0.csv,3,3,False,,,7,trial_number,3,board_data_3,fixed_B0_sensor_3,226,285,59,harmonized_hand_active_board10,train
3,1,0,0,0,1,0,[0.0],False,B1_trial0_rep0_attempt0.csv,/Users/arthu/Desktop/CTM_Res-Pro/data/reach_to_grasp_dataset/data/participant_3/motion/B1_trial0_rep0_attempt0.csv,0,0,True,1.0,B1_trial0_rep1_attempt0.csv,0,target_object_corrected,0,board_data_0,trial_number,226,282,56,harmonized_hand_active_board10,test
3,1,0,1,0,1,0,[0.0],False,B1_trial0_rep1_attempt0.csv,/Users/arthu/Desktop/CTM_Res-Pro/data/reach_to_grasp_dataset/data/participant_3/motion/B1_trial0_rep1_attempt0.csv,0,0,False,,,0,target_object_corrected,0,board_data_0,trial_number,229,287,58,harmonized_hand_active_board10,test
3,1,0,2,0,1,0,[0.0],False,B1_trial0_rep2_attempt0.csv,/Users/arthu/Desktop/CTM_Res-Pro/data/reach_to_grasp_dataset/data/participant_3/motion/B1_trial0_rep2_attempt0.csv,0,0,False,,,0,target_object_corrected,0,board_data_0,trial_number,243,304,61,harmonized_hand_active_board10,test
3,1,0,3,0,1,0,[0.0],False,B1_trial0_rep3_attempt0.csv,/Users/arthu/Desktop/CTM_Res-Pro/data/reach_to_grasp_dataset/data/participant_3/motion/B1_trial0_rep3_attempt0.csv,0,0,False,,,0,target_object_corrected,0,board_data_0,trial_number,230,283,53,harmonized_hand_active_board10,test
3,1,1,0,0,1,1,"[0.0, 1.0]",True,B1_trial1_rep0_attempt0.csv,/Users/arthu/Desktop/CTM_Res-Pro/data/reach_to_grasp_dataset/data/participant_3/motion/B1_trial1_rep0_attempt0.csv,1,1,True,1.0,B1_trial1_rep1_attempt0.csv,1,target_object_corrected,1,board_data_1,trial_number,225,260,35,harmonized_hand_active_board10,test
3,1,1,1,0,1,1,[1.0],False,B1_trial1_rep1_attempt0.csv,/Users/arthu/Desktop/CTM_Res-Pro/data/reach_to_grasp_dataset/data/participant_3/motion/B1_trial1_rep1_attempt0.csv,1,1,False,,,1,target_object_corrected,1,board_data_1,trial_number,226,285,59,harmonized_hand_active_board10,test
3,1,1,2,0,1,1,[1.0],False,B1_trial1_rep2_attempt0.csv,/Users/arthu/Desktop/CTM_Res-Pro/data/reach_to_grasp_dataset/data/participant_3/motion/B1_trial1_rep2_attempt0.csv,1,1,False,,,1,target_object_corrected,1,board_data_1,trial_number,254,314,60,harmonized_hand_active_board10,test
3,1,1,3,0,1,1,[1.0],False,B1_trial1_rep3_attempt0.csv,/Users/arthu/Desktop/CTM_Res-Pro/data/reach_to_grasp_dataset/data/participant_3/motion/B1_trial1_rep3_attempt0.csv,1,1,False,,,1,target_object_corrected,1,board_data_1,trial_number,223,282,59,harmonized_hand_active_board10,test
3,1,2,0,0,1,2,"[1.0, 2.0]",True,B1_trial2_rep0_attempt0.csv,/Users/arthu/Desktop/CTM_Res-Pro/data/reach_to_grasp_dataset/data/participant_3/motion/B1_trial2_rep0_attempt0.csv,2,2,True,1.0,B1_trial2_rep1_attempt0.csv,2,target_object_corrected,2,board_data_2,trial_number,212,267,55,harmonized_hand_active_board10,test
3,1,2,1,0,1,2,[2.0],False,B1_trial2_rep1_attempt0.csv,/Users/arthu/Desktop/CTM_Res-Pro/data/reach_to_grasp_dataset/data/participant_3/motion/B1_trial2_rep1_attempt0.csv,2,2,False,,,2,target_object_corrected,2,board_data_2,trial_number,223,275,52,harmonized_hand_active_board10,test
3,1,2,2,0,1,2,[2.0],False,B1_trial2_rep2_attempt0.csv,/Users/arthu/Desktop/CTM_Res-Pro/data/reach_to_grasp_dataset/data/participant_3/motion/B1_trial2_rep2_attempt0.csv,2,2,False,,,2,target_object_corrected,2,board_data_2,trial_number,232,281,49,harmonized_hand_active_board10,test
3,1,2,3,0,1,2,[2.0],False,B1_trial2_rep3_attempt0.csv,/Users/arthu/Desktop/CTM_Res-Pro/data/reach_to_grasp_dataset/data/participant_3/motion/B1_trial2_rep3_attempt0.csv,2,2,False,,,2,target_object_corrected,2,board_data_2,trial_number,218,275,57,harmonized_hand_active_board10,test
3,1,3,0,0,1,3,"[2.0, 3.0]",True,B1_trial3_rep0_attempt0.csv,/Users/arthu/Desktop/CTM_Res-Pro/data/reach_to_grasp_dataset/data/participant_3/motion/B1_trial3_rep0_attempt0.csv,3,3,True,1.0,B1_trial3_rep1_attempt0.csv,3,target_object_corrected,3,board_data_3,trial_number,221,276,55,harmonized_hand_active_board10,test
3,1,3,1,0,1,3,[3.0],False,B1_trial3_rep1_attempt0.csv,/Users/arthu/Desktop/CTM_Res-Pro/data/reach_to_grasp_dataset/data/participant_3/motion/B1_trial3_rep1_attempt0.csv,3,3,False,,,3,target_object_corrected,3,board_data_3,trial_number,227,295,68,harmonized_hand_active_board10,test
3,1,3,2,0,1,3,[3.0],False,B1_trial3_rep2_attempt0.csv,/Users/arthu/Desktop/CTM_Res-Pro/data/reach_to_grasp_dataset/data/participant_3/motion/B1_trial3_rep2_attempt0.csv,3,3,False,,,3,target_object_corrected,3,board_data_3,trial_number,225,288,63,harmonized_hand_active_board10,test
3,1,3,3,0,1,3,[3.0],False,B1_trial3_rep3_attempt0.csv,/Users/arthu/Desktop/CTM_Res-Pro/data/reach_to_grasp_dataset/data/participant_3/motion/B1_trial3_rep3_attempt0.csv,3,3,False,,,3,target_object_corrected,3,board_data_3,trial_number,232,290,58,harmonized_hand_active_board10,test
3,1,4,0,0,1,4,"[3.0, 4.0]",True,B1_trial4_rep0_attempt0.csv,/Users/arthu/Desktop/CTM_Res-Pro/data/reach_to_grasp_dataset/data/participant_3/motion/B1_trial4_rep0_attempt0.csv,4,4,True,1.0,B1_trial4_rep1_attempt0.csv,4,target_object_corrected,4,board_data_4,trial_number,232,289,57,harmonized_hand_active_board10,test
3,1,4,1,0,1,4,[4.0],False,B1_trial4_rep1_attempt0.csv,/Users/arthu/Desktop/CTM_Res-Pro/data/reach_to_grasp_dataset/data/participant_3/motion/B1_trial4_rep1_attempt0.csv,4,4,False,,,4,target_object_corrected,4,board_data_4,trial_number,230,296,66,harmonized_hand_active_board10,test
3,1,4,2,0,1,4,[4.0],False,B1_trial4_rep2_attempt0.csv,/Users/arthu/Desktop/CTM_Res-Pro/data/reach_to_grasp_dataset/data/participant_3/motion/B1_trial4_rep2_attempt0.csv,4,4,False,,,4,target_object_corrected,4,board_data_4,trial_number,224,258,34,harmonized_hand_active_board10,test
3,1,4,3,0,1,4,[4.0],False,B1_trial4_rep3_attempt0.csv,/Users/arthu/Desktop/CTM_Res-Pro/data/reach_to_grasp_dataset/data/participant_3/motion/B1_trial4_rep3_attempt0.csv,4,4,False,,,4,target_object_corrected,4,board_data_4,trial_number,245,293,48,harmonized_hand_active_board10,test
3,1,5,0,0,1,5,"[4.0, 5.0]",True,B1_trial5_rep0_attempt0.csv,/Users/arthu/Desktop/CTM_Res-Pro/data/reach_to_grasp_dataset/data/participant_3/motion/B1_trial5_rep0_attempt0.csv,5,5,True,1.0,B1_trial5_rep1_attempt0.csv,5,target_object_corrected,5,board_data_5,trial_number,221,294,73,harmonized_hand_active_board10,test
3,1,5,1,0,1,5,[5.0],False,B1_trial5_rep1_attempt0.csv,/Users/arthu/Desktop/CTM_Res-Pro/data/reach_to_grasp_dataset/data/participant_3/motion/B1_trial5_rep1_attempt0.csv,5,5,False,,,5,target_object_corrected,5,board_data_5,trial_number,224,292,68,harmonized_hand_active_board10,test
3,1,5,2,0,1,5,[5.0],False,B1_trial5_rep2_attempt0.csv,/Users/arthu/Desktop/CTM_Res-Pro/data/reach_to_grasp_dataset/data/participant_3/motion/B1_trial5_rep2_attempt0.csv,5,5,False,,,5,target_object_corrected,5,board_data_5,trial_number,226,302,76,harmonized_hand_active_board10,test
3,1,5,3,0,1,5,[5.0],False,B1_trial5_rep3_attempt0.csv,/Users/arthu/Desktop/CTM_Res-Pro/data/reach_to_grasp_dataset/data/participant_3/motion/B1_trial5_rep3_attempt0.csv,5,5,False,,,5,target_object_corrected,5,board_data_5,trial_number,221,293,72,harmonized_hand_active_board10,test
3,1,6,0,0,1,6,"[5.0, 6.0]",True,B1_trial6_rep0_attempt0.csv,/Users/arthu/Desktop/CTM_Res-Pro/data/reach_to_grasp_dataset/data/participant_3/motion/B1_trial6_rep0_attempt0.csv,6,6,True,1.0,B1_trial6_rep1_attempt0.csv,6,target_object_corrected,6,board_data_6,trial_number,215,304,89,harmonized_hand_active_board10,test
3,1,6,1,0,1,6,[6.0],False,B1_trial6_rep1_attempt0.csv,/Users/arthu/Desktop/CTM_Res-Pro/data/reach_to_grasp_dataset/data/participant_3/motion/B1_trial6_rep1_attempt0.csv,6,6,False,,,6,target_object_corrected,6,board_data_6,trial_number,230,275,45,harmonized_hand_active_board10,test
3,1,6,2,0,1,6,[6.0],False,B1_trial6_rep2_attempt0.csv,/Users/arthu/Desktop/CTM_Res-Pro/data/reach_to_grasp_dataset/data/participant_3/motion/B1_trial6_rep2_attempt0.csv,6,6,False,,,6,target_object_corrected,6,board_data_6,trial_number,233,291,58,harmonized_hand_active_board10,test
3,1,6,3,0,1,6,[6.0],False,B1_trial6_rep3_attempt0.csv,/Users/arthu/Desktop/CTM_Res-Pro/data/reach_to_grasp_dataset/data/participant_3/motion/B1_trial6_rep3_attempt0.csv,6,6,False,,,6,target_object_corrected,6,board_data_6,trial_number,231,303,72,harmonized_hand_active_board10,test
3,1,7,0,0,1,7,"[6.0, 7.0]",True,B1_trial7_rep0_attempt0.csv,/Users/arthu/Desktop/CTM_Res-Pro/data/reach_to_grasp_dataset/data/participant_3/motion/B1_trial7_rep0_attempt0.csv,7,7,True,1.0,B1_trial7_rep1_attempt0.csv,7,target_object_corrected,7,board_data_7,trial_number,224,290,66,harmonized_hand_active_board10,test
3,1,7,1,0,1,7,[7.0],False,B1_trial7_rep1_attempt0.csv,/Users/arthu/Desktop/CTM_Res-Pro/data/reach_to_grasp_dataset/data/participant_3/motion/B1_trial7_rep1_attempt0.csv,7,7,False,,,7,target_object_corrected,7,board_data_7,trial_number,220,289,69,harmonized_hand_active_board10,test
3,1,7,2,0,1,7,[7.0],False,B1_trial7_rep2_attempt0.csv,/Users/arthu/Desktop/CTM_Res-Pro/data/reach_to_grasp_dataset/data/participant_3/motion/B1_trial7_rep2_attempt0.csv,7,7,False,,,7,target_object_corrected,7,board_data_7,trial_number,239,310,71,harmonized_hand_active_board10,test
3,1,7,3,0,1,7,[7.0],False,B1_trial7_rep3_attempt0.csv,/Users/arthu/Desktop/CTM_Res-Pro/data/reach_to_grasp_dataset/data/participant_3/motion/B1_trial7_rep3_attempt0.csv,7,7,False,,,7,target_object_corrected,7,board_data_7,trial_number,214,258,44,harmonized_hand_active_board10,test
3,2,0,0,0,1,7,[7.0],False,B2_trial0_rep0_attempt0.csv,/Users/arthu/Desktop/CTM_Res-Pro/data/reach_to_grasp_dataset/data/participant_3/motion/B2_trial0_rep0_attempt0.csv,7,7,True,1.0,B2_trial0_rep1_attempt0.csv,7,target_object_corrected,0,board_data_0,trial_number,210,271,61,harmonized_hand_active_board10,test
3,2,0,1,0,1,7,[7.0],False,B2_trial0_rep1_attempt0.csv,/Users/arthu/Desktop/CTM_Res-Pro/data/reach_to_grasp_dataset/data/participant_3/motion/B2_trial0_rep1_attempt0.csv,7,7,False,,,7,target_object_corrected,0,board_data_0,trial_number,230,281,51,harmonized_hand_active_board10,test
3,2,0,2,0,1,7,[7.0],False,B2_trial0_rep2_attempt0.csv,/Users/arthu/Desktop/CTM_Res-Pro/data/reach_to_grasp_dataset/data/participant_3/motion/B2_trial0_rep2_attempt0.csv,7,7,False,,,7,target_object_corrected,0,board_data_0,trial_number,229,277,48,harmonized_hand_active_board10,test
3,2,0,3,0,1,7,[7.0],False,B2_trial0_rep3_attempt0.csv,/Users/arthu/Desktop/CTM_Res-Pro/data/reach_to_grasp_dataset/data/participant_3/motion/B2_trial0_rep3_attempt0.csv,7,7,False,,,7,target_object_corrected,0,board_data_0,trial_number,241,284,43,harmonized_hand_active_board10,test
3,2,1,0,0,1,6,"[0.0, 6.0]",True,B2_trial1_rep0_attempt0.csv,/Users/arthu/Desktop/CTM_Res-Pro/data/reach_to_grasp_dataset/data/participant_3/motion/B2_trial1_rep0_attempt0.csv,6,6,True,1.0,B2_trial1_rep1_attempt0.csv,6,target_object_corrected,1,board_data_1,trial_number,224,293,69,harmonized_hand_active_board10,test
3,2,1,1,0,1,6,[6.0],False,B2_trial1_rep1_attempt0.csv,/Users/arthu/Desktop/CTM_Res-Pro/data/reach_to_grasp_dataset/data/participant_3/motion/B2_trial1_rep1_attempt0.csv,6,6,False,,,6,target_object_corrected,1,board_data_1,trial_number,232,239,7,harmonized_hand_active_board10,test
3,2,1,2,0,1,6,[6.0],False,B2_trial1_rep2_attempt0.csv,/Users/arthu/Desktop/CTM_Res-Pro/data/reach_to_grasp_dataset/data/participant_3/motion/B2_trial1_rep2_attempt0.csv,6,6,False,,,6,target_object_corrected,1,board_data_1,trial_number,226,310,84,harmonized_hand_active_board10,test
3,2,1,3,0,1,6,[6.0],False,B2_trial1_rep3_attempt0.csv,/Users/arthu/Desktop/CTM_Res-Pro/data/reach_to_grasp_dataset/data/participant_3/motion/B2_trial1_rep3_attempt0.csv,6,6,False,,,6,target_object_corrected,1,board_data_1,trial_number,240,298,58,harmonized_hand_active_board10,test
3,2,2,0,0,1,5,"[1.0, 5.0]",True,B2_trial2_rep0_attempt0.csv,/Users/arthu/Desktop/CTM_Res-Pro/data/reach_to_grasp_dataset/data/participant_3/motion/B2_trial2_rep0_attempt0.csv,5,5,True,1.0,B2_trial2_rep1_attempt0.csv,5,target_object_corrected,2,board_data_2,trial_number,241,299,58,harmonized_hand_active_board10,test
3,2,2,1,0,1,5,[5.0],False,B2_trial2_rep1_attempt0.csv,/Users/arthu/Desktop/CTM_Res-Pro/data/reach_to_grasp_dataset/data/participant_3/motion/B2_trial2_rep1_attempt0.csv,5,5,False,,,5,target_object_corrected,2,board_data_2,trial_number,243,304,61,harmonized_hand_active_board10,test
3,2,2,2,0,1,5,[5.0],False,B2_trial2_rep2_attempt0.csv,/Users/arthu/Desktop/CTM_Res-Pro/data/reach_to_grasp_dataset/data/participant_3/motion/B2_trial2_rep2_attempt0.csv,5,5,False,,,5,target_object_corrected,2,board_data_2,trial_number,225,285,60,harmonized_hand_active_board10,test
3,2,2,3,0,1,5,[5.0],False,B2_trial2_rep3_attempt0.csv,/Users/arthu/Desktop/CTM_Res-Pro/data/reach_to_grasp_dataset/data/participant_3/motion/B2_trial2_rep3_attempt0.csv,5,5,False,,,5,target_object_corrected,2,board_data_2,trial_number,209,268,59,harmonized_hand_active_board10,test
3,2,3,0,0,1,4,"[2.0, 4.0]",True,B2_trial3_rep0_attempt0.csv,/Users/arthu/Desktop/CTM_Res-Pro/data/reach_to_grasp_dataset/data/participant_3/motion/B2_trial3_rep0_attempt0.csv,4,4,True,1.0,B2_trial3_rep1_attempt0.csv,4,target_object_corrected,3,board_data_3,trial_number,294,296,2,harmonized_hand_active_board10,test
3,2,3,1,0,1,4,[4.0],False,B2_trial3_rep1_attempt0.csv,/Users/arthu/Desktop/CTM_Res-Pro/data/reach_to_grasp_dataset/data/participant_3/motion/B2_trial3_rep1_attempt0.csv,4,4,False,,,4,target_object_corrected,3,board_data_3,trial_number,233,286,53,harmonized_hand_active_board10,test
3,2,3,2,0,1,4,[4.0],False,B2_trial3_rep2_attempt0.csv,/Users/arthu/Desktop/CTM_Res-Pro/data/reach_to_grasp_dataset/data/participant_3/motion/B2_trial3_rep2_attempt0.csv,4,4,False,,,4,target_object_corrected,3,board_data_3,trial_number,227,287,60,harmonized_hand_active_board10,test
3,2,3,3,0,1,4,[4.0],False,B2_trial3_rep3_attempt0.csv,/Users/arthu/Desktop/CTM_Res-Pro/data/reach_to_grasp_dataset/data/participant_3/motion/B2_trial3_rep3_attempt0.csv,4,4,False,,,4,target_object_corrected,3,board_data_3,trial_number,233,290,57,harmonized_hand_active_board10,test
3,2,4,0,0,1,3,[3.0],False,B2_trial4_rep0_attempt0.csv,/Users/arthu/Desktop/CTM_Res-Pro/data/reach_to_grasp_dataset/data/participant_3/motion/B2_trial4_rep0_attempt0.csv,3,3,True,1.0,B2_trial4_rep1_attempt0.csv,3,target_object_corrected,4,board_data_4,trial_number,207,279,72,harmonized_hand_active_board10,test
3,2,4,1,0,1,3,[3.0],False,B2_trial4_rep1_attempt0.csv,/Users/arthu/Desktop/CTM_Res-Pro/data/reach_to_grasp_dataset/data/participant_3/motion/B2_trial4_rep1_attempt0.csv,3,3,False,,,3,target_object_corrected,4,board_data_4,trial_number,220,282,62,harmonized_hand_active_board10,test
3,2,4,2,0,1,3,[3.0],False,B2_trial4_rep2_attempt0.csv,/Users/arthu/Desktop/CTM_Res-Pro/data/reach_to_grasp_dataset/data/participant_3/motion/B2_trial4_rep2_attempt0.csv,3,3,False,,,3,target_object_corrected,4,board_data_4,trial_number,213,271,58,harmonized_hand_active_board10,test
3,2,4,3,0,1,3,[3.0],False,B2_trial4_rep3_attempt0.csv,/Users/arthu/Desktop/CTM_Res-Pro/data/reach_to_grasp_dataset/data/participant_3/motion/B2_trial4_rep3_attempt0.csv,3,3,False,,,3,target_object_corrected,4,board_data_4,trial_number,215,272,57,harmonized_hand_active_board10,test
3,2,5,0,0,1,2,"[4.0, 2.0]",True,B2_trial5_rep0_attempt0.csv,/Users/arthu/Desktop/CTM_Res-Pro/data/reach_to_grasp_dataset/data/participant_3/motion/B2_trial5_rep0_attempt0.csv,2,2,True,1.0,B2_trial5_rep1_attempt0.csv,2,target_object_corrected,5,board_data_5,trial_number,215,272,57,harmonized_hand_active_board10,test
3,2,5,1,0,1,2,[2.0],False,B2_trial5_rep1_attempt0.csv,/Users/arthu/Desktop/CTM_Res-Pro/data/reach_to_grasp_dataset/data/participant_3/motion/B2_trial5_rep1_attempt0.csv,2,2,False,,,2,target_object_corrected,5,board_data_5,trial_number,234,304,70,harmonized_hand_active_board10,test
3,2,5,2,0,1,2,[2.0],False,B2_trial5_rep2_attempt0.csv,/Users/arthu/Desktop/CTM_Res-Pro/data/reach_to_grasp_dataset/data/participant_3/motion/B2_trial5_rep2_attempt0.csv,2,2,False,,,2,target_object_corrected,5,board_data_5,trial_number,224,278,54,harmonized_hand_active_board10,test
3,2,5,3,0,1,2,[2.0],False,B2_trial5_rep3_attempt0.csv,/Users/arthu/Desktop/CTM_Res-Pro/data/reach_to_grasp_dataset/data/participant_3/motion/B2_trial5_rep3_attempt0.csv,2,2,False,,,2,target_object_corrected,5,board_data_5,trial_number,225,281,56,harmonized_hand_active_board10,test
3,2,6,0,0,1,1,"[5.0, 1.0]",True,B2_trial6_rep0_attempt0.csv,/Users/arthu/Desktop/CTM_Res-Pro/data/reach_to_grasp_dataset/data/participant_3/motion/B2_trial6_rep0_attempt0.csv,1,1,True,1.0,B2_trial6_rep1_attempt0.csv,1,target_object_corrected,6,board_data_6,trial_number,220,279,59,harmonized_hand_active_board10,test
3,2,6,1,0,1,1,[1.0],False,B2_trial6_rep1_attempt0.csv,/Users/arthu/Desktop/CTM_Res-Pro/data/reach_to_grasp_dataset/data/participant_3/motion/B2_trial6_rep1_attempt0.csv,1,1,False,,,1,target_object_corrected,6,board_data_6,trial_number,218,287,69,harmonized_hand_active_board10,test
3,2,6,2,0,1,1,[1.0],False,B2_trial6_rep2_attempt0.csv,/Users/arthu/Desktop/CTM_Res-Pro/data/reach_to_grasp_dataset/data/participant_3/motion/B2_trial6_rep2_attempt0.csv,1,1,False,,,1,target_object_corrected,6,board_data_6,trial_number,213,251,38,harmonized_hand_active_board10,test
3,2,6,3,0,1,1,[1.0],False,B2_trial6_rep3_attempt0.csv,/Users/arthu/Desktop/CTM_Res-Pro/data/reach_to_grasp_dataset/data/participant_3/motion/B2_trial6_rep3_attempt0.csv,1,1,False,,,1,target_object_corrected,6,board_data_6,trial_number,223,285,62,harmonized_hand_active_board10,test
3,2,7,0,0,1,0,"[6.0, 0.0]",True,B2_trial7_rep0_attempt0.csv,/Users/arthu/Desktop/CTM_Res-Pro/data/reach_to_grasp_dataset/data/participant_3/motion/B2_trial7_rep0_attempt0.csv,0,0,True,1.0,B2_trial7_rep1_attempt0.csv,0,target_object_corrected,7,board_data_7,trial_number,214,267,53,harmonized_hand_active_board10,test
3,2,7,1,0,1,0,[0.0],False,B2_trial7_rep1_attempt0.csv,/Users/arthu/Desktop/CTM_Res-Pro/data/reach_to_grasp_dataset/data/participant_3/motion/B2_trial7_rep1_attempt0.csv,0,0,False,,,0,target_object_corrected,7,board_data_7,trial_number,226,282,56,harmonized_hand_active_board10,test
3,2,7,2,0,1,0,[0.0],False,B2_trial7_rep2_attempt0.csv,/Users/arthu/Desktop/CTM_Res-Pro/data/reach_to_grasp_dataset/data/participant_3/motion/B2_trial7_rep2_attempt0.csv,0,0,False,,,0,target_object_corrected,7,board_data_7,trial_number,225,287,62,harmonized_hand_active_board10,test
3,2,7,3,0,1,0,[0.0],False,B2_trial7_rep3_attempt0.csv,/Users/arthu/Desktop/CTM_Res-Pro/data/reach_to_grasp_dataset/data/participant_3/motion/B2_trial7_rep3_attempt0.csv,0,0,False,,,0,target_object_corrected,7,board_data_7,trial_number,226,285,59,harmonized_hand_active_board10,test
3,3,0,0,0,1,3,"[7.0, 3.0]",True,B3_trial0_rep0_attempt0.csv,/Users/arthu/Desktop/CTM_Res-Pro/data/reach_to_grasp_dataset/data/participant_3/motion/B3_trial0_rep0_attempt0.csv,3,3,True,1.0,B3_trial0_rep1_attempt0.csv,3,target_object_corrected,0,board_data_0,trial_number,219,277,58,harmonized_hand_active_board10,test
3,3,0,1,0,1,3,[3.0],False,B3_trial0_rep1_attempt0.csv,/Users/arthu/Desktop/CTM_Res-Pro/data/reach_to_grasp_dataset/data/participant_3/motion/B3_trial0_rep1_attempt0.csv,3,3,False,,,3,target_object_corrected,0,board_data_0,trial_number,219,281,62,harmonized_hand_active_board10,test
3,3,0,2,0,1,3,[3.0],False,B3_trial0_rep2_attempt0.csv,/Users/arthu/Desktop/CTM_Res-Pro/data/reach_to_grasp_dataset/data/participant_3/motion/B3_trial0_rep2_attempt0.csv,3,3,False,,,3,target_object_corrected,0,board_data_0,trial_number,229,279,50,harmonized_hand_active_board10,test
3,3,0,3,0,1,3,[3.0],False,B3_trial0_rep3_attempt0.csv,/Users/arthu/Desktop/CTM_Res-Pro/data/reach_to_grasp_dataset/data/participant_3/motion/B3_trial0_rep3_attempt0.csv,3,3,False,,,3,target_object_corrected,0,board_data_0,trial_number,223,278,55,harmonized_hand_active_board10,test
3,3,1,0,0,1,2,"[0.0, 2.0]",True,B3_trial1_rep0_attempt0.csv,/Users/arthu/Desktop/CTM_Res-Pro/data/reach_to_grasp_dataset/data/participant_3/motion/B3_trial1_rep0_attempt0.csv,2,2,True,1.0,B3_trial1_rep1_attempt0.csv,2,target_object_corrected,1,board_data_1,trial_number,222,278,56,harmonized_hand_active_board10,test
3,3,1,1,0,1,2,[2.0],False,B3_trial1_rep1_attempt0.csv,/Users/arthu/Desktop/CTM_Res-Pro/data/reach_to_grasp_dataset/data/participant_3/motion/B3_trial1_rep1_attempt0.csv,2,2,False,,,2,target_object_corrected,1,board_data_1,trial_number,220,278,58,harmonized_hand_active_board10,test
3,3,1,2,0,1,2,[2.0],False,B3_trial1_rep2_attempt0.csv,/Users/arthu/Desktop/CTM_Res-Pro/data/reach_to_grasp_dataset/data/participant_3/motion/B3_trial1_rep2_attempt0.csv,2,2,False,,,2,target_object_corrected,1,board_data_1,trial_number,226,278,52,harmonized_hand_active_board10,test
3,3,1,3,0,1,2,[2.0],False,B3_trial1_rep3_attempt0.csv,/Users/arthu/Desktop/CTM_Res-Pro/data/reach_to_grasp_dataset/data/participant_3/motion/B3_trial1_rep3_attempt0.csv,2,2,False,,,2,target_object_corrected,1,board_data_1,trial_number,216,245,29,harmonized_hand_active_board10,test
3,3,2,0,0,1,1,[1.0],False,B3_trial2_rep0_attempt0.csv,/Users/arthu/Desktop/CTM_Res-Pro/data/reach_to_grasp_dataset/data/participant_3/motion/B3_trial2_rep0_attempt0.csv,1,1,True,1.0,B3_trial2_rep1_attempt0.csv,1,target_object_corrected,2,board_data_2,trial_number,219,280,61,harmonized_hand_active_board10,test
3,3,2,1,0,1,1,[1.0],False,B3_trial2_rep1_attempt0.csv,/Users/arthu/Desktop/CTM_Res-Pro/data/reach_to_grasp_dataset/data/participant_3/motion/B3_trial2_rep1_attempt0.csv,1,1,False,,,1,target_object_corrected,2,board_data_2,trial_number,214,256,42,harmonized_hand_active_board10,test
3,3,2,2,0,1,1,[1.0],False,B3_trial2_rep2_attempt0.csv,/Users/arthu/Desktop/CTM_Res-Pro/data/reach_to_grasp_dataset/data/participant_3/motion/B3_trial2_rep2_attempt0.csv,1,1,False,,,1,target_object_corrected,2,board_data_2,trial_number,233,284,51,harmonized_hand_active_board10,test
3,3,2,3,0,1,1,[1.0],False,B3_trial2_rep3_attempt0.csv,/Users/arthu/Desktop/CTM_Res-Pro/data/reach_to_grasp_dataset/data/participant_3/motion/B3_trial2_rep3_attempt0.csv,1,1,False,,,1,target_object_corrected,2,board_data_2,trial_number,228,284,56,harmonized_hand_active_board10,test
3,3,3,0,0,1,0,"[2.0, 0.0]",True,B3_trial3_rep0_attempt0.csv,/Users/arthu/Desktop/CTM_Res-Pro/data/reach_to_grasp_dataset/data/participant_3/motion/B3_trial3_rep0_attempt0.csv,0,0,True,1.0,B3_trial3_rep1_attempt0.csv,0,target_object_corrected,3,board_data_3,trial_number,223,257,34,harmonized_hand_active_board10,test
3,3,3,1,0,1,0,[0.0],False,B3_trial3_rep1_attempt0.csv,/Users/arthu/Desktop/CTM_Res-Pro/data/reach_to_grasp_dataset/data/participant_3/motion/B3_trial3_rep1_attempt0.csv,0,0,False,,,0,target_object_corrected,3,board_data_3,trial_number,214,257,43,harmonized_hand_active_board10,test
3,3,3,2,0,1,0,[0.0],False,B3_trial3_rep2_attempt0.csv,/Users/arthu/Desktop/CTM_Res-Pro/data/reach_to_grasp_dataset/data/participant_3/motion/B3_trial3_rep2_attempt0.csv,0,0,False,,,0,target_object_corrected,3,board_data_3,trial_number,241,269,28,harmonized_hand_active_board10,test
3,3,3,3,0,1,0,[0.0],False,B3_trial3_rep3_attempt0.csv,/Users/arthu/Desktop/CTM_Res-Pro/data/reach_to_grasp_dataset/data/participant_3/motion/B3_trial3_rep3_attempt0.csv,0,0,False,,,0,target_object_corrected,3,board_data_3,trial_number,235,286,51,harmonized_hand_active_board10,test
3,3,4,0,0,1,7,"[3.0, 7.0]",True,B3_trial4_rep0_attempt0.csv,/Users/arthu/Desktop/CTM_Res-Pro/data/reach_to_grasp_dataset/data/participant_3/motion/B3_trial4_rep0_attempt0.csv,7,7,True,1.0,B3_trial4_rep1_attempt0.csv,7,target_object_corrected,4,board_data_4,trial_number,209,271,62,harmonized_hand_active_board10,test
3,3,4,1,0,1,7,[7.0],False,B3_trial4_rep1_attempt0.csv,/Users/arthu/Desktop/CTM_Res-Pro/data/reach_to_grasp_dataset/data/participant_3/motion/B3_trial4_rep1_attempt0.csv,7,7,False,,,7,target_object_corrected,4,board_data_4,trial_number,226,275,49,harmonized_hand_active_board10,test
3,3,4,2,0,1,7,[7.0],False,B3_trial4_rep2_attempt0.csv,/Users/arthu/Desktop/CTM_Res-Pro/data/reach_to_grasp_dataset/data/participant_3/motion/B3_trial4_rep2_attempt0.csv,7,7,False,,,7,target_object_corrected,4,board_data_4,trial_number,223,273,50,harmonized_hand_active_board10,test
3,3,4,3,0,1,7,[7.0],False,B3_trial4_rep3_attempt0.csv,/Users/arthu/Desktop/CTM_Res-Pro/data/reach_to_grasp_dataset/data/participant_3/motion/B3_trial4_rep3_attempt0.csv,7,7,False,,,7,target_object_corrected,4,board_data_4,trial_number,238,304,66,harmonized_hand_active_board10,test
3,3,5,0,0,1,6,"[4.0, 6.0]",True,B3_trial5_rep0_attempt0.csv,/Users/arthu/Desktop/CTM_Res-Pro/data/reach_to_grasp_dataset/data/participant_3/motion/B3_trial5_rep0_attempt0.csv,6,6,True,1.0,B3_trial5_rep1_attempt0.csv,6,target_object_corrected,5,board_data_5,trial_number,212,246,34,harmonized_hand_active_board10,test
3,3,5,1,0,1,6,[6.0],False,B3_trial5_rep1_attempt0.csv,/Users/arthu/Desktop/CTM_Res-Pro/data/reach_to_grasp_dataset/data/participant_3/motion/B3_trial5_rep1_attempt0.csv,6,6,False,,,6,target_object_corrected,5,board_data_5,trial_number,215,280,65,harmonized_hand_active_board10,test
3,3,5,2,0,1,6,[6.0],False,B3_trial5_rep2_attempt0.csv,/Users/arthu/Desktop/CTM_Res-Pro/data/reach_to_grasp_dataset/data/participant_3/motion/B3_trial5_rep2_attempt0.csv,6,6,False,,,6,target_object_corrected,5,board_data_5,trial_number,220,268,48,harmonized_hand_active_board10,test
3,3,5,3,0,1,6,[6.0],False,B3_trial5_rep3_attempt0.csv,/Users/arthu/Desktop/CTM_Res-Pro/data/reach_to_grasp_dataset/data/participant_3/motion/B3_trial5_rep3_attempt0.csv,6,6,False,,,6,target_object_corrected,5,board_data_5,trial_number,231,311,80,harmonized_hand_active_board10,test
3,3,6,0,0,1,5,[5.0],False,B3_trial6_rep0_attempt0.csv,/Users/arthu/Desktop/CTM_Res-Pro/data/reach_to_grasp_dataset/data/participant_3/motion/B3_trial6_rep0_attempt0.csv,5,5,True,1.0,B3_trial6_rep1_attempt0.csv,5,target_object_corrected,6,board_data_6,trial_number,219,319,100,harmonized_hand_active_board10,test
3,3,6,1,0,1,5,[5.0],False,B3_trial6_rep1_attempt0.csv,/Users/arthu/Desktop/CTM_Res-Pro/data/reach_to_grasp_dataset/data/participant_3/motion/B3_trial6_rep1_attempt0.csv,5,5,False,,,5,target_object_corrected,6,board_data_6,trial_number,224,252,28,harmonized_hand_active_board10,test
3,3,6,2,0,1,5,[5.0],False,B3_trial6_rep2_attempt0.csv,/Users/arthu/Desktop/CTM_Res-Pro/data/reach_to_grasp_dataset/data/participant_3/motion/B3_trial6_rep2_attempt0.csv,5,5,False,,,5,target_object_corrected,6,board_data_6,trial_number,215,274,59,harmonized_hand_active_board10,test
3,3,6,3,0,1,5,[5.0],False,B3_trial6_rep3_attempt0.csv,/Users/arthu/Desktop/CTM_Res-Pro/data/reach_to_grasp_dataset/data/participant_3/motion/B3_trial6_rep3_attempt0.csv,5,5,False,,,5,target_object_corrected,6,board_data_6,trial_number,226,301,75,harmonized_hand_active_board10,test
3,3,7,0,0,1,4,"[6.0, 4.0]",True,B3_trial7_rep0_attempt0.csv,/Users/arthu/Desktop/CTM_Res-Pro/data/reach_to_grasp_dataset/data/participant_3/motion/B3_trial7_rep0_attempt0.csv,4,4,True,1.0,B3_trial7_rep1_attempt0.csv,4,target_object_corrected,7,board_data_7,trial_number,218,279,61,harmonized_hand_active_board10,test
3,3,7,1,0,1,4,[4.0],False,B3_trial7_rep1_attempt0.csv,/Users/arthu/Desktop/CTM_Res-Pro/data/reach_to_grasp_dataset/data/participant_3/motion/B3_trial7_rep1_attempt0.csv,4,4,False,,,4,target_object_corrected,7,board_data_7,trial_number,235,313,78,harmonized_hand_active_board10,test
3,3,7,2,0,1,4,[4.0],False,B3_trial7_rep2_attempt0.csv,/Users/arthu/Desktop/CTM_Res-Pro/data/reach_to_grasp_dataset/data/participant_3/motion/B3_trial7_rep2_attempt0.csv,4,4,False,,,4,target_object_corrected,7,board_data_7,trial_number,216,276,60,harmonized_hand_active_board10,test
3,3,7,3,0,1,4,[4.0],False,B3_trial7_rep3_attempt0.csv,/Users/arthu/Desktop/CTM_Res-Pro/data/reach_to_grasp_dataset/data/participant_3/motion/B3_trial7_rep3_attempt0.csv,4,4,False,,,4,target_object_corrected,7,board_data_7,trial_number,216,280,64,harmonized_hand_active_board10,test
3,4,0,0,0,1,4,"[7.0, 4.0]",True,B4_trial0_rep0_attempt0.csv,/Users/arthu/Desktop/CTM_Res-Pro/data/reach_to_grasp_dataset/data/participant_3/motion/B4_trial0_rep0_attempt0.csv,4,4,True,1.0,B4_trial0_rep1_attempt0.csv,4,target_object_corrected,0,board_data_0,trial_number,227,280,53,harmonized_hand_active_board10,test
3,4,0,1,0,1,4,[4.0],False,B4_trial0_rep1_attempt0.csv,/Users/arthu/Desktop/CTM_Res-Pro/data/reach_to_grasp_dataset/data/participant_3/motion/B4_trial0_rep1_attempt0.csv,4,4,False,,,4,target_object_corrected,0,board_data_0,trial_number,234,302,68,harmonized_hand_active_board10,test
3,4,0,2,0,1,4,[4.0],False,B4_trial0_rep2_attempt0.csv,/Users/arthu/Desktop/CTM_Res-Pro/data/reach_to_grasp_dataset/data/participant_3/motion/B4_trial0_rep2_attempt0.csv,4,4,False,,,4,target_object_corrected,0,board_data_0,trial_number,237,313,76,harmonized_hand_active_board10,test
3,4,0,3,0,1,4,[4.0],False,B4_trial0_rep3_attempt0.csv,/Users/arthu/Desktop/CTM_Res-Pro/data/reach_to_grasp_dataset/data/participant_3/motion/B4_trial0_rep3_attempt0.csv,4,4,False,,,4,target_object_corrected,0,board_data_0,trial_number,235,297,62,harmonized_hand_active_board10,test
3,4,1,0,0,1,5,"[0.0, 5.0]",True,B4_trial1_rep0_attempt0.csv,/Users/arthu/Desktop/CTM_Res-Pro/data/reach_to_grasp_dataset/data/participant_3/motion/B4_trial1_rep0_attempt0.csv,5,5,True,1.0,B4_trial1_rep1_attempt0.csv,5,target_object_corrected,1,board_data_1,trial_number,209,267,58,harmonized_hand_active_board10,test
3,4,1,1,0,1,5,[5.0],False,B4_trial1_rep1_attempt0.csv,/Users/arthu/Desktop/CTM_Res-Pro/data/reach_to_grasp_dataset/data/participant_3/motion/B4_trial1_rep1_attempt0.csv,5,5,False,,,5,target_object_corrected,1,board_data_1,trial_number,249,302,53,harmonized_hand_active_board10,test
3,4,1,2,0,1,5,[5.0],False,B4_trial1_rep2_attempt0.csv,/Users/arthu/Desktop/CTM_Res-Pro/data/reach_to_grasp_dataset/data/participant_3/motion/B4_trial1_rep2_attempt0.csv,5,5,False,,,5,target_object_corrected,1,board_data_1,trial_number,231,282,51,harmonized_hand_active_board10,test
3,4,1,3,0,1,5,[5.0],False,B4_trial1_rep3_attempt0.csv,/Users/arthu/Desktop/CTM_Res-Pro/data/reach_to_grasp_dataset/data/participant_3/motion/B4_trial1_rep3_attempt0.csv,5,5,False,,,5,target_object_corrected,1,board_data_1,trial_number,228,294,66,harmonized_hand_active_board10,test
3,4,2,0,0,1,6,"[1.0, 6.0]",True,B4_trial2_rep0_attempt0.csv,/Users/arthu/Desktop/CTM_Res-Pro/data/reach_to_grasp_dataset/data/participant_3/motion/B4_trial2_rep0_attempt0.csv,6,6,True,1.0,B4_trial2_rep1_attempt0.csv,6,target_object_corrected,2,board_data_2,trial_number,213,304,91,harmonized_hand_active_board10,test
3,4,2,1,0,1,6,[6.0],False,B4_trial2_rep1_attempt0.csv,/Users/arthu/Desktop/CTM_Res-Pro/data/reach_to_grasp_dataset/data/participant_3/motion/B4_trial2_rep1_attempt0.csv,6,6,False,,,6,target_object_corrected,2,board_data_2,trial_number,236,298,62,harmonized_hand_active_board10,test
3,4,2,2,0,1,6,[6.0],False,B4_trial2_rep2_attempt0.csv,/Users/arthu/Desktop/CTM_Res-Pro/data/reach_to_grasp_dataset/data/participant_3/motion/B4_trial2_rep2_attempt0.csv,6,6,False,,,6,target_object_corrected,2,board_data_2,trial_number,230,291,61,harmonized_hand_active_board10,test
3,4,2,3,0,1,6,[6.0],False,B4_trial2_rep3_attempt0.csv,/Users/arthu/Desktop/CTM_Res-Pro/data/reach_to_grasp_dataset/data/participant_3/motion/B4_trial2_rep3_attempt0.csv,6,6,False,,,6,target_object_corrected,2,board_data_2,trial_number,220,255,35,harmonized_hand_active_board10,test
3,4,3,0,0,1,7,"[2.0, 7.0]",True,B4_trial3_rep0_attempt0.csv,/Users/arthu/Desktop/CTM_Res-Pro/data/reach_to_grasp_dataset/data/participant_3/motion/B4_trial3_rep0_attempt0.csv,7,7,True,1.0,B4_trial3_rep1_attempt0.csv,7,target_object_corrected,3,board_data_3,trial_number,226,281,55,harmonized_hand_active_board10,test
3,4,3,1,0,1,7,[7.0],False,B4_trial3_rep1_attempt0.csv,/Users/arthu/Desktop/CTM_Res-Pro/data/reach_to_grasp_dataset/data/participant_3/motion/B4_trial3_rep1_attempt0.csv,7,7,False,,,7,target_object_corrected,3,board_data_3,trial_number,223,278,55,harmonized_hand_active_board10,test
3,4,3,2,0,1,7,[7.0],False,B4_trial3_rep2_attempt0.csv,/Users/arthu/Desktop/CTM_Res-Pro/data/reach_to_grasp_dataset/data/participant_3/motion/B4_trial3_rep2_attempt0.csv,7,7,False,,,7,target_object_corrected,3,board_data_3,trial_number,240,264,24,harmonized_hand_active_board10,test
3,4,3,3,0,1,7,[7.0],False,B4_trial3_rep3_attempt0.csv,/Users/arthu/Desktop/CTM_Res-Pro/data/reach_to_grasp_dataset/data/participant_3/motion/B4_trial3_rep3_attempt0.csv,7,7,False,,,7,target_object_corrected,3,board_data_3,trial_number,225,270,45,harmonized_hand_active_board10,test
3,4,4,0,0,1,0,"[3.0, 0.0]",True,B4_trial4_rep0_attempt0.csv,/Users/arthu/Desktop/CTM_Res-Pro/data/reach_to_grasp_dataset/data/participant_3/motion/B4_trial4_rep0_attempt0.csv,0,0,True,1.0,B4_trial4_rep1_attempt0.csv,0,target_object_corrected,4,board_data_4,trial_number,225,270,45,harmonized_hand_active_board10,test
3,4,4,1,0,1,0,[0.0],False,B4_trial4_rep1_attempt0.csv,/Users/arthu/Desktop/CTM_Res-Pro/data/reach_to_grasp_dataset/data/participant_3/motion/B4_trial4_rep1_attempt0.csv,0,0,False,,,0,target_object_corrected,4,board_data_4,trial_number,230,264,34,harmonized_hand_active_board10,test
3,4,4,2,0,1,0,[0.0],False,B4_trial4_rep2_attempt0.csv,/Users/arthu/Desktop/CTM_Res-Pro/data/reach_to_grasp_dataset/data/participant_3/motion/B4_trial4_rep2_attempt0.csv,0,0,False,,,0,target_object_corrected,4,board_data_4,trial_number,215,257,42,harmonized_hand_active_board10,test
3,4,4,3,0,1,0,[0.0],False,B4_trial4_rep3_attempt0.csv,/Users/arthu/Desktop/CTM_Res-Pro/data/reach_to_grasp_dataset/data/participant_3/motion/B4_trial4_rep3_attempt0.csv,0,0,False,,,0,target_object_corrected,4,board_data_4,trial_number,231,265,34,harmonized_hand_active_board10,test
3,4,5,0,0,1,1,"[4.0, 1.0]",True,B4_trial5_rep0_attempt0.csv,/Users/arthu/Desktop/CTM_Res-Pro/data/reach_to_grasp_dataset/data/participant_3/motion/B4_trial5_rep0_attempt0.csv,1,1,True,1.0,B4_trial5_rep1_attempt0.csv,1,target_object_corrected,5,board_data_5,trial_number,221,287,66,harmonized_hand_active_board10,test
3,4,5,1,0,1,1,[1.0],False,B4_trial5_rep1_attempt0.csv,/Users/arthu/Desktop/CTM_Res-Pro/data/reach_to_grasp_dataset/data/participant_3/motion/B4_trial5_rep1_attempt0.csv,1,1,False,,,1,target_object_corrected,5,board_data_5,trial_number,207,268,61,harmonized_hand_active_board10,test
3,4,5,2,0,1,1,[1.0],False,B4_trial5_rep2_attempt0.csv,/Users/arthu/Desktop/CTM_Res-Pro/data/reach_to_grasp_dataset/data/participant_3/motion/B4_trial5_rep2_attempt0.csv,1,1,False,,,1,target_object_corrected,5,board_data_5,trial_number,219,276,57,harmonized_hand_active_board10,test
3,4,5,3,0,1,1,[1.0],False,B4_trial5_rep3_attempt0.csv,/Users/arthu/Desktop/CTM_Res-Pro/data/reach_to_grasp_dataset/data/participant_3/motion/B4_trial5_rep3_attempt0.csv,1,1,False,,,1,target_object_corrected,5,board_data_5,trial_number,233,280,47,harmonized_hand_active_board10,test
3,4,6,0,0,1,2,"[5.0, 2.0]",True,B4_trial6_rep0_attempt0.csv,/Users/arthu/Desktop/CTM_Res-Pro/data/reach_to_grasp_dataset/data/participant_3/motion/B4_trial6_rep0_attempt0.csv,2,2,True,1.0,B4_trial6_rep1_attempt0.csv,2,target_object_corrected,6,board_data_6,trial_number,211,294,83,harmonized_hand_active_board10,test
3,4,6,1,0,1,2,[2.0],False,B4_trial6_rep1_attempt0.csv,/Users/arthu/Desktop/CTM_Res-Pro/data/reach_to_grasp_dataset/data/participant_3/motion/B4_trial6_rep1_attempt0.csv,2,2,False,,,2,target_object_corrected,6,board_data_6,trial_number,216,280,64,harmonized_hand_active_board10,test
3,4,6,2,0,1,2,[2.0],False,B4_trial6_rep2_attempt0.csv,/Users/arthu/Desktop/CTM_Res-Pro/data/reach_to_grasp_dataset/data/participant_3/motion/B4_trial6_rep2_attempt0.csv,2,2,False,,,2,target_object_corrected,6,board_data_6,trial_number,209,266,57,harmonized_hand_active_board10,test
3,4,6,3,0,1,2,[2.0],False,B4_trial6_rep3_attempt0.csv,/Users/arthu/Desktop/CTM_Res-Pro/data/reach_to_grasp_dataset/data/participant_3/motion/B4_trial6_rep3_attempt0.csv,2,2,False,,,2,target_object_corrected,6,board_data_6,trial_number,214,285,71,harmonized_hand_active_board10,test
3,4,7,0,0,1,3,"[6.0, 3.0]",True,B4_trial7_rep0_attempt0.csv,/Users/arthu/Desktop/CTM_Res-Pro/data/reach_to_grasp_dataset/data/participant_3/motion/B4_trial7_rep0_attempt0.csv,3,3,True,1.0,B4_trial7_rep1_attempt0.csv,3,target_object_corrected,7,board_data_7,trial_number,207,265,58,harmonized_hand_active_board10,test
3,4,7,1,0,1,3,[3.0],False,B4_trial7_rep1_attempt0.csv,/Users/arthu/Desktop/CTM_Res-Pro/data/reach_to_grasp_dataset/data/participant_3/motion/B4_trial7_rep1_attempt0.csv,3,3,False,,,3,target_object_corrected,7,board_data_7,trial_number,226,279,53,harmonized_hand_active_board10,test
3,4,7,2,0,1,3,[3.0],False,B4_trial7_rep2_attempt0.csv,/Users/arthu/Desktop/CTM_Res-Pro/data/reach_to_grasp_dataset/data/participant_3/motion/B4_trial7_rep2_attempt0.csv,3,3,False,,,3,target_object_corrected,7,board_data_7,trial_number,216,280,64,harmonized_hand_active_board10,test
3,4,7,3,0,1,3,[3.0],False,B4_trial7_rep3_attempt0.csv,/Users/arthu/Desktop/CTM_Res-Pro/data/reach_to_grasp_dataset/data/participant_3/motion/B4_trial7_rep3_attempt0.csv,3,3,False,,,3,target_object_corrected,7,board_data_7,trial_number,223,273,50,harmonized_hand_active_board10,test
4,0,0,0,0,1,3,[3.0],False,B0_trial0_rep0_attempt0.csv,/Users/arthu/Desktop/CTM_Res-Pro/data/reach_to_grasp_dataset/data/participant_4/motion/B0_trial0_rep0_attempt0.csv,3,3,False,,,0,trial_number,3,board_data_3,fixed_B0_sensor_3,249,307,58,harmonized_hand_active_board10,train
4,0,0,1,0,1,3,[3.0],False,B0_trial0_rep1_attempt0.csv,/Users/arthu/Desktop/CTM_Res-Pro/data/reach_to_grasp_dataset/data/participant_4/motion/B0_trial0_rep1_attempt0.csv,3,3,False,,,0,trial_number,3,board_data_3,fixed_B0_sensor_3,288,352,64,harmonized_hand_active_board10,train
4,0,0,2,0,1,3,[3.0],False,B0_trial0_rep2_attempt0.csv,/Users/arthu/Desktop/CTM_Res-Pro/data/reach_to_grasp_dataset/data/participant_4/motion/B0_trial0_rep2_attempt0.csv,3,3,False,,,0,trial_number,3,board_data_3,fixed_B0_sensor_3,245,299,54,harmonized_hand_active_board10,train
4,0,0,3,0,1,3,[3.0],False,B0_trial0_rep3_attempt0.csv,/Users/arthu/Desktop/CTM_Res-Pro/data/reach_to_grasp_dataset/data/participant_4/motion/B0_trial0_rep3_attempt0.csv,3,3,False,,,0,trial_number,3,board_data_3,fixed_B0_sensor_3,247,324,77,harmonized_hand_active_board10,train
4,0,0,4,0,1,3,[3.0],False,B0_trial0_rep4_attempt0.csv,/Users/arthu/Desktop/CTM_Res-Pro/data/reach_to_grasp_dataset/data/participant_4/motion/B0_trial0_rep4_attempt0.csv,3,3,False,,,0,trial_number,3,board_data_3,fixed_B0_sensor_3,279,349,70,harmonized_hand_active_board10,train
4,0,0,5,0,1,3,[3.0],False,B0_trial0_rep5_attempt0.csv,/Users/arthu/Desktop/CTM_Res-Pro/data/reach_to_grasp_dataset/data/participant_4/motion/B0_trial0_rep5_attempt0.csv,3,3,False,,,0,trial_number,3,board_data_3,fixed_B0_sensor_3,242,316,74,harmonized_hand_active_board10,train
4,0,0,6,0,1,3,[3.0],False,B0_trial0_rep6_attempt0.csv,/Users/arthu/Desktop/CTM_Res-Pro/data/reach_to_grasp_dataset/data/participant_4/motion/B0_trial0_rep6_attempt0.csv,3,3,False,,,0,trial_number,3,board_data_3,fixed_B0_sensor_3,240,290,50,harmonized_hand_active_board10,train
4,0,0,7,0,1,3,[3.0],False,B0_trial0_rep7_attempt0.csv,/Users/arthu/Desktop/CTM_Res-Pro/data/reach_to_grasp_dataset/data/participant_4/motion/B0_trial0_rep7_attempt0.csv,3,3,False,,,0,trial_number,3,board_data_3,fixed_B0_sensor_3,232,285,53,harmonized_hand_active_board10,train
4,0,1,0,0,1,3,[3.0],False,B0_trial1_rep0_attempt0.csv,/Users/arthu/Desktop/CTM_Res-Pro/data/reach_to_grasp_dataset/data/participant_4/motion/B0_trial1_rep0_attempt0.csv,3,3,False,,,1,trial_number,3,board_data_3,fixed_B0_sensor_3,248,309,61,harmonized_hand_active_board10,train
4,0,1,1,0,1,3,[3.0],False,B0_trial1_rep1_attempt0.csv,/Users/arthu/Desktop/CTM_Res-Pro/data/reach_to_grasp_dataset/data/participant_4/motion/B0_trial1_rep1_attempt0.csv,3,3,False,,,1,trial_number,3,board_data_3,fixed_B0_sensor_3,299,361,62,harmonized_hand_active_board10,train
4,0,1,2,0,1,3,[3.0],False,B0_trial1_rep2_attempt0.csv,/Users/arthu/Desktop/CTM_Res-Pro/data/reach_to_grasp_dataset/data/participant_4/motion/B0_trial1_rep2_attempt0.csv,3,3,False,,,1,trial_number,3,board_data_3,fixed_B0_sensor_3,310,351,41,harmonized_hand_active_board10,train
4,0,1,3,0,1,3,[3.0],False,B0_trial1_rep3_attempt0.csv,/Users/arthu/Desktop/CTM_Res-Pro/data/reach_to_grasp_dataset/data/participant_4/motion/B0_trial1_rep3_attempt0.csv,3,3,False,,,1,trial_number,3,board_data_3,fixed_B0_sensor_3,307,374,67,harmonized_hand_active_board10,train
4,0,1,4,0,1,3,[3.0],False,B0_trial1_rep4_attempt0.csv,/Users/arthu/Desktop/CTM_Res-Pro/data/reach_to_grasp_dataset/data/participant_4/motion/B0_trial1_rep4_attempt0.csv,3,3,False,,,1,trial_number,3,board_data_3,fixed_B0_sensor_3,293,394,101,harmonized_hand_active_board10,train
4,0,1,5,0,1,3,[3.0],False,B0_trial1_rep5_attempt0.csv,/Users/arthu/Desktop/CTM_Res-Pro/data/reach_to_grasp_dataset/data/participant_4/motion/B0_trial1_rep5_attempt0.csv,3,3,False,,,1,trial_number,3,board_data_3,fixed_B0_sensor_3,260,336,76,harmonized_hand_active_board10,train
4,0,1,6,0,1,3,[3.0],False,B0_trial1_rep6_attempt0.csv,/Users/arthu/Desktop/CTM_Res-Pro/data/reach_to_grasp_dataset/data/participant_4/motion/B0_trial1_rep6_attempt0.csv,3,3,False,,,1,trial_number,3,board_data_3,fixed_B0_sensor_3,277,361,84,harmonized_hand_active_board10,train
4,0,1,7,0,1,3,[3.0],False,B0_trial1_rep7_attempt0.csv,/Users/arthu/Desktop/CTM_Res-Pro/data/reach_to_grasp_dataset/data/participant_4/motion/B0_trial1_rep7_attempt0.csv,3,3,False,,,1,trial_number,3,board_data_3,fixed_B0_sensor_3,234,311,77,harmonized_hand_active_board10,train
4,0,2,0,0,1,3,[3.0],False,B0_trial2_rep0_attempt0.csv,/Users/arthu/Desktop/CTM_Res-Pro/data/reach_to_grasp_dataset/data/participant_4/motion/B0_trial2_rep0_attempt0.csv,3,3,False,,,2,trial_number,3,board_data_3,fixed_B0_sensor_3,256,320,64,harmonized_hand_active_board10,train
4,0,2,1,0,1,3,[3.0],False,B0_trial2_rep1_attempt0.csv,/Users/arthu/Desktop/CTM_Res-Pro/data/reach_to_grasp_dataset/data/participant_4/motion/B0_trial2_rep1_attempt0.csv,3,3,False,,,2,trial_number,3,board_data_3,fixed_B0_sensor_3,289,364,75,harmonized_hand_active_board10,train
4,0,2,2,0,1,3,[3.0],False,B0_trial2_rep2_attempt0.csv,/Users/arthu/Desktop/CTM_Res-Pro/data/reach_to_grasp_dataset/data/participant_4/motion/B0_trial2_rep2_attempt0.csv,3,3,False,,,2,trial_number,3,board_data_3,fixed_B0_sensor_3,238,298,60,harmonized_hand_active_board10,train
4,0,2,3,0,1,3,[3.0],False,B0_trial2_rep3_attempt0.csv,/Users/arthu/Desktop/CTM_Res-Pro/data/reach_to_grasp_dataset/data/participant_4/motion/B0_trial2_rep3_attempt0.csv,3,3,False,,,2,trial_number,3,board_data_3,fixed_B0_sensor_3,316,401,85,harmonized_hand_active_board10,train
4,0,2,4,0,1,3,[3.0],False,B0_trial2_rep4_attempt0.csv,/Users/arthu/Desktop/CTM_Res-Pro/data/reach_to_grasp_dataset/data/participant_4/motion/B0_trial2_rep4_attempt0.csv,3,3,False,,,2,trial_number,3,board_data_3,fixed_B0_sensor_3,240,319,79,harmonized_hand_active_board10,train
4,0,2,5,0,1,3,[3.0],False,B0_trial2_rep5_attempt0.csv,/Users/arthu/Desktop/CTM_Res-Pro/data/reach_to_grasp_dataset/data/participant_4/motion/B0_trial2_rep5_attempt0.csv,3,3,False,,,2,trial_number,3,board_data_3,fixed_B0_sensor_3,318,381,63,harmonized_hand_active_board10,train
4,0,2,6,0,1,3,[3.0],False,B0_trial2_rep6_attempt0.csv,/Users/arthu/Desktop/CTM_Res-Pro/data/reach_to_grasp_dataset/data/participant_4/motion/B0_trial2_rep6_attempt0.csv,3,3,False,,,2,trial_number,3,board_data_3,fixed_B0_sensor_3,301,376,75,harmonized_hand_active_board10,train
4,0,2,7,0,1,3,[3.0],False,B0_trial2_rep7_attempt0.csv,/Users/arthu/Desktop/CTM_Res-Pro/data/reach_to_grasp_dataset/data/participant_4/motion/B0_trial2_rep7_attempt0.csv,3,3,False,,,2,trial_number,3,board_data_3,fixed_B0_sensor_3,245,313,68,harmonized_hand_active_board10,train
4,0,3,0,0,1,3,[3.0],False,B0_trial3_rep0_attempt0.csv,/Users/arthu/Desktop/CTM_Res-Pro/data/reach_to_grasp_dataset/data/participant_4/motion/B0_trial3_rep0_attempt0.csv,3,3,False,,,3,trial_number,3,board_data_3,fixed_B0_sensor_3,237,295,58,harmonized_hand_active_board10,train
4,0,3,1,0,1,3,[3.0],False,B0_trial3_rep1_attempt0.csv,/Users/arthu/Desktop/CTM_Res-Pro/data/reach_to_grasp_dataset/data/participant_4/motion/B0_trial3_rep1_attempt0.csv,3,3,False,,,3,trial_number,3,board_data_3,fixed_B0_sensor_3,252,324,72,harmonized_hand_active_board10,train
4,0,3,2,0,1,3,[3.0],False,B0_trial3_rep2_attempt0.csv,/Users/arthu/Desktop/CTM_Res-Pro/data/reach_to_grasp_dataset/data/participant_4/motion/B0_trial3_rep2_attempt0.csv,3,3,False,,,3,trial_number,3,board_data_3,fixed_B0_sensor_3,243,303,60,harmonized_hand_active_board10,train
4,0,3,3,0,1,3,[3.0],False,B0_trial3_rep3_attempt0.csv,/Users/arthu/Desktop/CTM_Res-Pro/data/reach_to_grasp_dataset/data/participant_4/motion/B0_trial3_rep3_attempt0.csv,3,3,False,,,3,trial_number,3,board_data_3,fixed_B0_sensor_3,410,469,59,harmonized_hand_active_board10,train
4,0,3,4,0,1,3,[3.0],False,B0_trial3_rep4_attempt0.csv,/Users/arthu/Desktop/CTM_Res-Pro/data/reach_to_grasp_dataset/data/participant_4/motion/B0_trial3_rep4_attempt0.csv,3,3,False,,,3,trial_number,3,board_data_3,fixed_B0_sensor_3,313,384,71,harmonized_hand_active_board10,train
4,0,3,5,0,1,3,[3.0],False,B0_trial3_rep5_attempt0.csv,/Users/arthu/Desktop/CTM_Res-Pro/data/reach_to_grasp_dataset/data/participant_4/motion/B0_trial3_rep5_attempt0.csv,3,3,False,,,3,trial_number,3,board_data_3,fixed_B0_sensor_3,229,287,58,harmonized_hand_active_board10,train
4,0,3,6,0,1,3,[3.0],False,B0_trial3_rep6_attempt0.csv,/Users/arthu/Desktop/CTM_Res-Pro/data/reach_to_grasp_dataset/data/participant_4/motion/B0_trial3_rep6_attempt0.csv,3,3,False,,,3,trial_number,3,board_data_3,fixed_B0_sensor_3,232,298,66,harmonized_hand_active_board10,train
4,0,3,7,0,1,3,[3.0],False,B0_trial3_rep7_attempt0.csv,/Users/arthu/Desktop/CTM_Res-Pro/data/reach_to_grasp_dataset/data/participant_4/motion/B0_trial3_rep7_attempt0.csv,3,3,False,,,3,trial_number,3,board_data_3,fixed_B0_sensor_3,277,337,60,harmonized_hand_active_board10,train
4,0,4,0,0,1,3,[3.0],False,B0_trial4_rep0_attempt0.csv,/Users/arthu/Desktop/CTM_Res-Pro/data/reach_to_grasp_dataset/data/participant_4/motion/B0_trial4_rep0_attempt0.csv,3,3,False,,,4,trial_number,3,board_data_3,fixed_B0_sensor_3,152,290,138,harmonized_hand_active_board10,train
4,0,4,1,0,1,3,[3.0],False,B0_trial4_rep1_attempt0.csv,/Users/arthu/Desktop/CTM_Res-Pro/data/reach_to_grasp_dataset/data/participant_4/motion/B0_trial4_rep1_attempt0.csv,3,3,False,,,4,trial_number,3,board_data_3,fixed_B0_sensor_3,298,346,48,harmonized_hand_active_board10,train
4,0,4,2,0,1,3,[3.0],False,B0_trial4_rep2_attempt0.csv,/Users/arthu/Desktop/CTM_Res-Pro/data/reach_to_grasp_dataset/data/participant_4/motion/B0_trial4_rep2_attempt0.csv,3,3,False,,,4,trial_number,3,board_data_3,fixed_B0_sensor_3,230,287,57,harmonized_hand_active_board10,train
4,0,4,3,0,1,3,[3.0],False,B0_trial4_rep3_attempt0.csv,/Users/arthu/Desktop/CTM_Res-Pro/data/reach_to_grasp_dataset/data/participant_4/motion/B0_trial4_rep3_attempt0.csv,3,3,False,,,4,trial_number,3,board_data_3,fixed_B0_sensor_3,384,386,2,harmonized_hand_active_board10,train
4,0,4,4,0,1,3,[3.0],False,B0_trial4_rep4_attempt0.csv,/Users/arthu/Desktop/CTM_Res-Pro/data/reach_to_grasp_dataset/data/participant_4/motion/B0_trial4_rep4_attempt0.csv,3,3,False,,,4,trial_number,3,board_data_3,fixed_B0_sensor_3,238,293,55,harmonized_hand_active_board10,train
4,0,4,5,0,1,3,[3.0],False,B0_trial4_rep5_attempt0.csv,/Users/arthu/Desktop/CTM_Res-Pro/data/reach_to_grasp_dataset/data/participant_4/motion/B0_trial4_rep5_attempt0.csv,3,3,False,,,4,trial_number,3,board_data_3,fixed_B0_sensor_3,333,374,41,harmonized_hand_active_board10,train
4,0,4,6,0,1,3,[3.0],False,B0_trial4_rep6_attempt0.csv,/Users/arthu/Desktop/CTM_Res-Pro/data/reach_to_grasp_dataset/data/participant_4/motion/B0_trial4_rep6_attempt0.csv,3,3,False,,,4,trial_number,3,board_data_3,fixed_B0_sensor_3,251,310,59,harmonized_hand_active_board10,train
4,0,4,7,0,1,3,[3.0],False,B0_trial4_rep7_attempt0.csv,/Users/arthu/Desktop/CTM_Res-Pro/data/reach_to_grasp_dataset/data/participant_4/motion/B0_trial4_rep7_attempt0.csv,3,3,False,,,4,trial_number,3,board_data_3,fixed_B0_sensor_3,269,319,50,harmonized_hand_active_board10,train
4,0,5,0,0,1,3,[3.0],False,B0_trial5_rep0_attempt0.csv,/Users/arthu/Desktop/CTM_Res-Pro/data/reach_to_grasp_dataset/data/participant_4/motion/B0_trial5_rep0_attempt0.csv,3,3,False,,,5,trial_number,3,board_data_3,fixed_B0_sensor_3,234,296,62,harmonized_hand_active_board10,train
4,0,5,1,0,1,3,[3.0],False,B0_trial5_rep1_attempt0.csv,/Users/arthu/Desktop/CTM_Res-Pro/data/reach_to_grasp_dataset/data/participant_4/motion/B0_trial5_rep1_attempt0.csv,3,3,False,,,5,trial_number,3,board_data_3,fixed_B0_sensor_3,244,300,56,harmonized_hand_active_board10,train
4,0,5,2,0,1,3,[3.0],False,B0_trial5_rep2_attempt0.csv,/Users/arthu/Desktop/CTM_Res-Pro/data/reach_to_grasp_dataset/data/participant_4/motion/B0_trial5_rep2_attempt0.csv,3,3,False,,,5,trial_number,3,board_data_3,fixed_B0_sensor_3,369,445,76,harmonized_hand_active_board10,train
4,0,5,3,0,1,3,[3.0],False,B0_trial5_rep3_attempt0.csv,/Users/arthu/Desktop/CTM_Res-Pro/data/reach_to_grasp_dataset/data/participant_4/motion/B0_trial5_rep3_attempt0.csv,3,3,False,,,5,trial_number,3,board_data_3,fixed_B0_sensor_3,328,389,61,harmonized_hand_active_board10,train
4,0,5,4,0,1,3,[3.0],False,B0_trial5_rep4_attempt0.csv,/Users/arthu/Desktop/CTM_Res-Pro/data/reach_to_grasp_dataset/data/participant_4/motion/B0_trial5_rep4_attempt0.csv,3,3,False,,,5,trial_number,3,board_data_3,fixed_B0_sensor_3,252,320,68,harmonized_hand_active_board10,train
4,0,5,5,0,1,3,[3.0],False,B0_trial5_rep5_attempt0.csv,/Users/arthu/Desktop/CTM_Res-Pro/data/reach_to_grasp_dataset/data/participant_4/motion/B0_trial5_rep5_attempt0.csv,3,3,False,,,5,trial_number,3,board_data_3,fixed_B0_sensor_3,282,338,56,harmonized_hand_active_board10,train
4,0,5,6,0,1,3,[3.0],False,B0_trial5_rep6_attempt0.csv,/Users/arthu/Desktop/CTM_Res-Pro/data/reach_to_grasp_dataset/data/participant_4/motion/B0_trial5_rep6_attempt0.csv,3,3,False,,,5,trial_number,3,board_data_3,fixed_B0_sensor_3,466,527,61,harmonized_hand_active_board10,train
4,0,5,7,0,1,3,[3.0],False,B0_trial5_rep7_attempt0.csv,/Users/arthu/Desktop/CTM_Res-Pro/data/reach_to_grasp_dataset/data/participant_4/motion/B0_trial5_rep7_attempt0.csv,3,3,False,,,5,trial_number,3,board_data_3,fixed_B0_sensor_3,254,319,65,harmonized_hand_active_board10,train
4,0,6,0,0,1,3,[3.0],False,B0_trial6_rep0_attempt0.csv,/Users/arthu/Desktop/CTM_Res-Pro/data/reach_to_grasp_dataset/data/participant_4/motion/B0_trial6_rep0_attempt0.csv,3,3,False,,,6,trial_number,3,board_data_3,fixed_B0_sensor_3,235,303,68,harmonized_hand_active_board10,train
4,0,6,1,0,1,3,[3.0],False,B0_trial6_rep1_attempt0.csv,/Users/arthu/Desktop/CTM_Res-Pro/data/reach_to_grasp_dataset/data/participant_4/motion/B0_trial6_rep1_attempt0.csv,3,3,False,,,6,trial_number,3,board_data_3,fixed_B0_sensor_3,282,323,41,harmonized_hand_active_board10,train
4,0,6,2,0,1,3,[3.0],False,B0_trial6_rep2_attempt0.csv,/Users/arthu/Desktop/CTM_Res-Pro/data/reach_to_grasp_dataset/data/participant_4/motion/B0_trial6_rep2_attempt0.csv,3,3,False,,,6,trial_number,3,board_data_3,fixed_B0_sensor_3,237,305,68,harmonized_hand_active_board10,train
4,0,6,3,0,1,3,[3.0],False,B0_trial6_rep3_attempt0.csv,/Users/arthu/Desktop/CTM_Res-Pro/data/reach_to_grasp_dataset/data/participant_4/motion/B0_trial6_rep3_attempt0.csv,3,3,False,,,6,trial_number,3,board_data_3,fixed_B0_sensor_3,251,319,68,harmonized_hand_active_board10,train
4,0,6,4,0,1,3,[3.0],False,B0_trial6_rep4_attempt0.csv,/Users/arthu/Desktop/CTM_Res-Pro/data/reach_to_grasp_dataset/data/participant_4/motion/B0_trial6_rep4_attempt0.csv,3,3,False,,,6,trial_number,3,board_data_3,fixed_B0_sensor_3,264,329,65,harmonized_hand_active_board10,train
4,0,6,5,0,1,3,[3.0],False,B0_trial6_rep5_attempt0.csv,/Users/arthu/Desktop/CTM_Res-Pro/data/reach_to_grasp_dataset/data/participant_4/motion/B0_trial6_rep5_attempt0.csv,3,3,False,,,6,trial_number,3,board_data_3,fixed_B0_sensor_3,330,394,64,harmonized_hand_active_board10,train
4,0,6,6,0,1,3,[3.0],False,B0_trial6_rep6_attempt0.csv,/Users/arthu/Desktop/CTM_Res-Pro/data/reach_to_grasp_dataset/data/participant_4/motion/B0_trial6_rep6_attempt0.csv,3,3,False,,,6,trial_number,3,board_data_3,fixed_B0_sensor_3,257,307,50,harmonized_hand_active_board10,train
4,0,6,7,0,1,3,[3.0],False,B0_trial6_rep7_attempt0.csv,/Users/arthu/Desktop/CTM_Res-Pro/data/reach_to_grasp_dataset/data/participant_4/motion/B0_trial6_rep7_attempt0.csv,3,3,False,,,6,trial_number,3,board_data_3,fixed_B0_sensor_3,247,301,54,harmonized_hand_active_board10,train
4,0,7,0,0,1,3,[3.0],False,B0_trial7_rep0_attempt0.csv,/Users/arthu/Desktop/CTM_Res-Pro/data/reach_to_grasp_dataset/data/participant_4/motion/B0_trial7_rep0_attempt0.csv,3,3,False,,,7,trial_number,3,board_data_3,fixed_B0_sensor_3,238,280,42,harmonized_hand_active_board10,train
4,0,7,1,0,1,3,[3.0],False,B0_trial7_rep1_attempt0.csv,/Users/arthu/Desktop/CTM_Res-Pro/data/reach_to_grasp_dataset/data/participant_4/motion/B0_trial7_rep1_attempt0.csv,3,3,False,,,7,trial_number,3,board_data_3,fixed_B0_sensor_3,242,335,93,harmonized_hand_active_board10,train
4,0,7,2,0,1,3,[3.0],False,B0_trial7_rep2_attempt0.csv,/Users/arthu/Desktop/CTM_Res-Pro/data/reach_to_grasp_dataset/data/participant_4/motion/B0_trial7_rep2_attempt0.csv,3,3,False,,,7,trial_number,3,board_data_3,fixed_B0_sensor_3,273,323,50,harmonized_hand_active_board10,train
4,0,7,3,0,1,3,[3.0],False,B0_trial7_rep3_attempt0.csv,/Users/arthu/Desktop/CTM_Res-Pro/data/reach_to_grasp_dataset/data/participant_4/motion/B0_trial7_rep3_attempt0.csv,3,3,False,,,7,trial_number,3,board_data_3,fixed_B0_sensor_3,265,306,41,harmonized_hand_active_board10,train
4,0,7,4,0,1,3,[3.0],False,B0_trial7_rep4_attempt0.csv,/Users/arthu/Desktop/CTM_Res-Pro/data/reach_to_grasp_dataset/data/participant_4/motion/B0_trial7_rep4_attempt0.csv,3,3,False,,,7,trial_number,3,board_data_3,fixed_B0_sensor_3,268,339,71,harmonized_hand_active_board10,train
4,0,7,5,0,1,3,[3.0],False,B0_trial7_rep5_attempt0.csv,/Users/arthu/Desktop/CTM_Res-Pro/data/reach_to_grasp_dataset/data/participant_4/motion/B0_trial7_rep5_attempt0.csv,3,3,False,,,7,trial_number,3,board_data_3,fixed_B0_sensor_3,234,303,69,harmonized_hand_active_board10,train
4,0,7,6,0,1,3,[3.0],False,B0_trial7_rep6_attempt0.csv,/Users/arthu/Desktop/CTM_Res-Pro/data/reach_to_grasp_dataset/data/participant_4/motion/B0_trial7_rep6_attempt0.csv,3,3,False,,,7,trial_number,3,board_data_3,fixed_B0_sensor_3,242,316,74,harmonized_hand_active_board10,train
4,0,7,7,0,1,3,[3.0],False,B0_trial7_rep7_attempt0.csv,/Users/arthu/Desktop/CTM_Res-Pro/data/reach_to_grasp_dataset/data/participant_4/motion/B0_trial7_rep7_attempt0.csv,3,3,False,,,7,trial_number,3,board_data_3,fixed_B0_sensor_3,327,372,45,harmonized_hand_active_board10,train
4,1,0,0,0,1,0,"[3.0, 0.0]",True,B1_trial0_rep0_attempt0.csv,/Users/arthu/Desktop/CTM_Res-Pro/data/reach_to_grasp_dataset/data/participant_4/motion/B1_trial0_rep0_attempt0.csv,0,0,True,1.0,B1_trial0_rep1_attempt0.csv,0,target_object_corrected,0,board_data_0,trial_number,225,263,38,harmonized_hand_active_board10,test
4,1,0,1,0,1,0,[0.0],False,B1_trial0_rep1_attempt0.csv,/Users/arthu/Desktop/CTM_Res-Pro/data/reach_to_grasp_dataset/data/participant_4/motion/B1_trial0_rep1_attempt0.csv,0,0,False,,,0,target_object_corrected,0,board_data_0,trial_number,248,310,62,harmonized_hand_active_board10,test
4,1,0,2,0,1,0,[0.0],False,B1_trial0_rep2_attempt0.csv,/Users/arthu/Desktop/CTM_Res-Pro/data/reach_to_grasp_dataset/data/participant_4/motion/B1_trial0_rep2_attempt0.csv,0,0,False,,,0,target_object_corrected,0,board_data_0,trial_number,249,290,41,harmonized_hand_active_board10,test
4,1,0,3,0,1,0,[0.0],False,B1_trial0_rep3_attempt0.csv,/Users/arthu/Desktop/CTM_Res-Pro/data/reach_to_grasp_dataset/data/participant_4/motion/B1_trial0_rep3_attempt0.csv,0,0,False,,,0,target_object_corrected,0,board_data_0,trial_number,273,327,54,harmonized_hand_active_board10,test
4,1,1,0,0,1,1,"[0.0, 1.0]",True,B1_trial1_rep0_attempt0.csv,/Users/arthu/Desktop/CTM_Res-Pro/data/reach_to_grasp_dataset/data/participant_4/motion/B1_trial1_rep0_attempt0.csv,1,1,True,1.0,B1_trial1_rep1_attempt0.csv,1,target_object_corrected,1,board_data_1,trial_number,217,269,52,harmonized_hand_active_board10,test
4,1,1,1,0,1,1,[1.0],False,B1_trial1_rep1_attempt0.csv,/Users/arthu/Desktop/CTM_Res-Pro/data/reach_to_grasp_dataset/data/participant_4/motion/B1_trial1_rep1_attempt0.csv,1,1,False,,,1,target_object_corrected,1,board_data_1,trial_number,226,283,57,harmonized_hand_active_board10,test
4,1,1,2,0,1,1,[1.0],False,B1_trial1_rep2_attempt0.csv,/Users/arthu/Desktop/CTM_Res-Pro/data/reach_to_grasp_dataset/data/participant_4/motion/B1_trial1_rep2_attempt0.csv,1,1,False,,,1,target_object_corrected,1,board_data_1,trial_number,233,301,68,harmonized_hand_active_board10,test
4,1,1,3,0,1,1,[1.0],False,B1_trial1_rep3_attempt0.csv,/Users/arthu/Desktop/CTM_Res-Pro/data/reach_to_grasp_dataset/data/participant_4/motion/B1_trial1_rep3_attempt0.csv,1,1,False,,,1,target_object_corrected,1,board_data_1,trial_number,331,409,78,harmonized_hand_active_board10,test
4,1,2,0,0,1,2,"[1.0, 2.0]",True,B1_trial2_rep0_attempt0.csv,/Users/arthu/Desktop/CTM_Res-Pro/data/reach_to_grasp_dataset/data/participant_4/motion/B1_trial2_rep0_attempt0.csv,2,2,True,1.0,B1_trial2_rep1_attempt0.csv,2,target_object_corrected,2,board_data_2,trial_number,260,352,92,harmonized_hand_active_board10,test
4,1,2,1,0,1,2,[2.0],False,B1_trial2_rep1_attempt0.csv,/Users/arthu/Desktop/CTM_Res-Pro/data/reach_to_grasp_dataset/data/participant_4/motion/B1_trial2_rep1_attempt0.csv,2,2,False,,,2,target_object_corrected,2,board_data_2,trial_number,259,348,89,harmonized_hand_active_board10,test
4,1,2,2,0,1,2,[2.0],False,B1_trial2_rep2_attempt0.csv,/Users/arthu/Desktop/CTM_Res-Pro/data/reach_to_grasp_dataset/data/participant_4/motion/B1_trial2_rep2_attempt0.csv,2,2,False,,,2,target_object_corrected,2,board_data_2,trial_number,234,312,78,harmonized_hand_active_board10,test
4,1,2,3,0,1,2,[2.0],False,B1_trial2_rep3_attempt0.csv,/Users/arthu/Desktop/CTM_Res-Pro/data/reach_to_grasp_dataset/data/participant_4/motion/B1_trial2_rep3_attempt0.csv,2,2,False,,,2,target_object_corrected,2,board_data_2,trial_number,223,301,78,harmonized_hand_active_board10,test
4,1,3,0,0,1,3,"[2.0, 3.0]",True,B1_trial3_rep0_attempt0.csv,/Users/arthu/Desktop/CTM_Res-Pro/data/reach_to_grasp_dataset/data/participant_4/motion/B1_trial3_rep0_attempt0.csv,3,3,True,1.0,B1_trial3_rep1_attempt0.csv,3,target_object_corrected,3,board_data_3,trial_number,228,296,68,harmonized_hand_active_board10,test
4,1,3,1,0,1,3,[3.0],False,B1_trial3_rep1_attempt0.csv,/Users/arthu/Desktop/CTM_Res-Pro/data/reach_to_grasp_dataset/data/participant_4/motion/B1_trial3_rep1_attempt0.csv,3,3,False,,,3,target_object_corrected,3,board_data_3,trial_number,251,322,71,harmonized_hand_active_board10,test
4,1,3,2,0,1,3,[3.0],False,B1_trial3_rep2_attempt0.csv,/Users/arthu/Desktop/CTM_Res-Pro/data/reach_to_grasp_dataset/data/participant_4/motion/B1_trial3_rep2_attempt0.csv,3,3,False,,,3,target_object_corrected,3,board_data_3,trial_number,247,311,64,harmonized_hand_active_board10,test
4,1,3,3,0,1,3,[3.0],False,B1_trial3_rep3_attempt0.csv,/Users/arthu/Desktop/CTM_Res-Pro/data/reach_to_grasp_dataset/data/participant_4/motion/B1_trial3_rep3_attempt0.csv,3,3,False,,,3,target_object_corrected,3,board_data_3,trial_number,254,338,84,harmonized_hand_active_board10,test
4,1,4,0,0,1,4,"[3.0, 4.0]",True,B1_trial4_rep0_attempt0.csv,/Users/arthu/Desktop/CTM_Res-Pro/data/reach_to_grasp_dataset/data/participant_4/motion/B1_trial4_rep0_attempt0.csv,4,4,True,1.0,B1_trial4_rep1_attempt0.csv,4,target_object_corrected,4,board_data_4,trial_number,222,297,75,harmonized_hand_active_board10,test
4,1,4,1,0,1,4,[4.0],False,B1_trial4_rep1_attempt0.csv,/Users/arthu/Desktop/CTM_Res-Pro/data/reach_to_grasp_dataset/data/participant_4/motion/B1_trial4_rep1_attempt0.csv,4,4,False,,,4,target_object_corrected,4,board_data_4,trial_number,248,319,71,harmonized_hand_active_board10,test
4,1,4,2,0,1,4,[4.0],False,B1_trial4_rep2_attempt0.csv,/Users/arthu/Desktop/CTM_Res-Pro/data/reach_to_grasp_dataset/data/participant_4/motion/B1_trial4_rep2_attempt0.csv,4,4,False,,,4,target_object_corrected,4,board_data_4,trial_number,254,324,70,harmonized_hand_active_board10,test
4,1,4,3,0,1,4,[4.0],False,B1_trial4_rep3_attempt0.csv,/Users/arthu/Desktop/CTM_Res-Pro/data/reach_to_grasp_dataset/data/participant_4/motion/B1_trial4_rep3_attempt0.csv,4,4,False,,,4,target_object_corrected,4,board_data_4,trial_number,247,343,96,harmonized_hand_active_board10,test
4,1,5,0,0,1,5,"[4.0, 5.0]",True,B1_trial5_rep0_attempt0.csv,/Users/arthu/Desktop/CTM_Res-Pro/data/reach_to_grasp_dataset/data/participant_4/motion/B1_trial5_rep0_attempt0.csv,5,5,True,1.0,B1_trial5_rep1_attempt0.csv,5,target_object_corrected,5,board_data_5,trial_number,216,287,71,harmonized_hand_active_board10,test
4,1,5,1,0,1,5,[5.0],False,B1_trial5_rep1_attempt0.csv,/Users/arthu/Desktop/CTM_Res-Pro/data/reach_to_grasp_dataset/data/participant_4/motion/B1_trial5_rep1_attempt0.csv,5,5,False,,,5,target_object_corrected,5,board_data_5,trial_number,223,277,54,harmonized_hand_active_board10,test
4,1,5,2,0,1,5,[5.0],False,B1_trial5_rep2_attempt0.csv,/Users/arthu/Desktop/CTM_Res-Pro/data/reach_to_grasp_dataset/data/participant_4/motion/B1_trial5_rep2_attempt0.csv,5,5,False,,,5,target_object_corrected,5,board_data_5,trial_number,365,428,63,harmonized_hand_active_board10,test
4,1,5,3,0,1,5,[5.0],False,B1_trial5_rep3_attempt0.csv,/Users/arthu/Desktop/CTM_Res-Pro/data/reach_to_grasp_dataset/data/participant_4/motion/B1_trial5_rep3_attempt0.csv,5,5,False,,,5,target_object_corrected,5,board_data_5,trial_number,234,309,75,harmonized_hand_active_board10,test
4,1,6,0,1,1,6,[6.0],False,B1_trial6_rep0_attempt1.csv,/Users/arthu/Desktop/CTM_Res-Pro/data/reach_to_grasp_dataset/data/participant_4/motion/B1_trial6_rep0_attempt1.csv,6,6,True,1.0,B1_trial6_rep1_attempt0.csv,6,target_object_corrected,6,board_data_6,trial_number,208,262,54,harmonized_hand_active_board10,test
4,1,6,1,0,1,6,[6.0],False,B1_trial6_rep1_attempt0.csv,/Users/arthu/Desktop/CTM_Res-Pro/data/reach_to_grasp_dataset/data/participant_4/motion/B1_trial6_rep1_attempt0.csv,6,6,False,,,6,target_object_corrected,6,board_data_6,trial_number,208,280,72,harmonized_hand_active_board10,test
4,1,6,2,0,1,6,[6.0],False,B1_trial6_rep2_attempt0.csv,/Users/arthu/Desktop/CTM_Res-Pro/data/reach_to_grasp_dataset/data/participant_4/motion/B1_trial6_rep2_attempt0.csv,6,6,False,,,6,target_object_corrected,6,board_data_6,trial_number,246,344,98,harmonized_hand_active_board10,test
4,1,6,3,0,1,6,[6.0],False,B1_trial6_rep3_attempt0.csv,/Users/arthu/Desktop/CTM_Res-Pro/data/reach_to_grasp_dataset/data/participant_4/motion/B1_trial6_rep3_attempt0.csv,6,6,False,,,6,target_object_corrected,6,board_data_6,trial_number,255,335,80,harmonized_hand_active_board10,test
4,1,7,0,0,1,7,"[6.0, 7.0]",True,B1_trial7_rep0_attempt0.csv,/Users/arthu/Desktop/CTM_Res-Pro/data/reach_to_grasp_dataset/data/participant_4/motion/B1_trial7_rep0_attempt0.csv,7,7,True,1.0,B1_trial7_rep1_attempt0.csv,7,target_object_corrected,7,board_data_7,trial_number,209,284,75,harmonized_hand_active_board10,test
4,1,7,1,0,1,7,[7.0],False,B1_trial7_rep1_attempt0.csv,/Users/arthu/Desktop/CTM_Res-Pro/data/reach_to_grasp_dataset/data/participant_4/motion/B1_trial7_rep1_attempt0.csv,7,7,False,,,7,target_object_corrected,7,board_data_7,trial_number,219,293,74,harmonized_hand_active_board10,test
4,1,7,2,0,1,7,[7.0],False,B1_trial7_rep2_attempt0.csv,/Users/arthu/Desktop/CTM_Res-Pro/data/reach_to_grasp_dataset/data/participant_4/motion/B1_trial7_rep2_attempt0.csv,7,7,False,,,7,target_object_corrected,7,board_data_7,trial_number,224,319,95,harmonized_hand_active_board10,test
4,1,7,3,0,1,7,[7.0],False,B1_trial7_rep3_attempt0.csv,/Users/arthu/Desktop/CTM_Res-Pro/data/reach_to_grasp_dataset/data/participant_4/motion/B1_trial7_rep3_attempt0.csv,7,7,False,,,7,target_object_corrected,7,board_data_7,trial_number,219,270,51,harmonized_hand_active_board10,test
4,2,0,0,0,1,7,[7.0],False,B2_trial0_rep0_attempt0.csv,/Users/arthu/Desktop/CTM_Res-Pro/data/reach_to_grasp_dataset/data/participant_4/motion/B2_trial0_rep0_attempt0.csv,7,7,True,1.0,B2_trial0_rep1_attempt0.csv,7,target_object_corrected,0,board_data_0,trial_number,243,327,84,harmonized_hand_active_board10,test
4,2,0,1,0,1,7,[7.0],False,B2_trial0_rep1_attempt0.csv,/Users/arthu/Desktop/CTM_Res-Pro/data/reach_to_grasp_dataset/data/participant_4/motion/B2_trial0_rep1_attempt0.csv,7,7,False,,,7,target_object_corrected,0,board_data_0,trial_number,233,320,87,harmonized_hand_active_board10,test
4,2,0,2,0,1,7,[7.0],False,B2_trial0_rep2_attempt0.csv,/Users/arthu/Desktop/CTM_Res-Pro/data/reach_to_grasp_dataset/data/participant_4/motion/B2_trial0_rep2_attempt0.csv,7,7,False,,,7,target_object_corrected,0,board_data_0,trial_number,226,292,66,harmonized_hand_active_board10,test
4,2,0,3,0,1,7,[7.0],False,B2_trial0_rep3_attempt0.csv,/Users/arthu/Desktop/CTM_Res-Pro/data/reach_to_grasp_dataset/data/participant_4/motion/B2_trial0_rep3_attempt0.csv,7,7,False,,,7,target_object_corrected,0,board_data_0,trial_number,252,350,98,harmonized_hand_active_board10,test
4,2,1,0,0,1,6,"[0.0, 6.0]",True,B2_trial1_rep0_attempt0.csv,/Users/arthu/Desktop/CTM_Res-Pro/data/reach_to_grasp_dataset/data/participant_4/motion/B2_trial1_rep0_attempt0.csv,6,6,True,1.0,B2_trial1_rep1_attempt0.csv,6,target_object_corrected,1,board_data_1,trial_number,293,364,71,harmonized_hand_active_board10,test
4,2,1,1,0,1,6,[6.0],False,B2_trial1_rep1_attempt0.csv,/Users/arthu/Desktop/CTM_Res-Pro/data/reach_to_grasp_dataset/data/participant_4/motion/B2_trial1_rep1_attempt0.csv,6,6,False,,,6,target_object_corrected,1,board_data_1,trial_number,255,328,73,harmonized_hand_active_board10,test
4,2,1,2,0,1,6,[6.0],False,B2_trial1_rep2_attempt0.csv,/Users/arthu/Desktop/CTM_Res-Pro/data/reach_to_grasp_dataset/data/participant_4/motion/B2_trial1_rep2_attempt0.csv,6,6,False,,,6,target_object_corrected,1,board_data_1,trial_number,253,328,75,harmonized_hand_active_board10,test
4,2,1,3,0,1,6,[6.0],False,B2_trial1_rep3_attempt0.csv,/Users/arthu/Desktop/CTM_Res-Pro/data/reach_to_grasp_dataset/data/participant_4/motion/B2_trial1_rep3_attempt0.csv,6,6,False,,,6,target_object_corrected,1,board_data_1,trial_number,246,300,54,harmonized_hand_active_board10,test
4,2,2,0,0,1,5,"[1.0, 5.0]",True,B2_trial2_rep0_attempt0.csv,/Users/arthu/Desktop/CTM_Res-Pro/data/reach_to_grasp_dataset/data/participant_4/motion/B2_trial2_rep0_attempt0.csv,5,5,True,1.0,B2_trial2_rep1_attempt0.csv,5,target_object_corrected,2,board_data_2,trial_number,228,303,75,harmonized_hand_active_board10,test
4,2,2,1,0,1,5,[5.0],False,B2_trial2_rep1_attempt0.csv,/Users/arthu/Desktop/CTM_Res-Pro/data/reach_to_grasp_dataset/data/participant_4/motion/B2_trial2_rep1_attempt0.csv,5,5,False,,,5,target_object_corrected,2,board_data_2,trial_number,267,332,65,harmonized_hand_active_board10,test
4,2,2,2,0,1,5,[5.0],False,B2_trial2_rep2_attempt0.csv,/Users/arthu/Desktop/CTM_Res-Pro/data/reach_to_grasp_dataset/data/participant_4/motion/B2_trial2_rep2_attempt0.csv,5,5,False,,,5,target_object_corrected,2,board_data_2,trial_number,274,347,73,harmonized_hand_active_board10,test
4,2,2,3,1,1,5,[5.0],False,B2_trial2_rep3_attempt1.csv,/Users/arthu/Desktop/CTM_Res-Pro/data/reach_to_grasp_dataset/data/participant_4/motion/B2_trial2_rep3_attempt1.csv,5,5,False,,,5,target_object_corrected,2,board_data_2,trial_number,220,283,63,harmonized_hand_active_board10,test
4,2,3,0,0,1,4,"[2.0, 4.0]",True,B2_trial3_rep0_attempt0.csv,/Users/arthu/Desktop/CTM_Res-Pro/data/reach_to_grasp_dataset/data/participant_4/motion/B2_trial3_rep0_attempt0.csv,4,4,True,1.0,B2_trial3_rep1_attempt0.csv,4,target_object_corrected,3,board_data_3,trial_number,259,262,3,harmonized_hand_active_board10,test
4,2,3,1,0,1,4,[4.0],False,B2_trial3_rep1_attempt0.csv,/Users/arthu/Desktop/CTM_Res-Pro/data/reach_to_grasp_dataset/data/participant_4/motion/B2_trial3_rep1_attempt0.csv,4,4,False,,,4,target_object_corrected,3,board_data_3,trial_number,241,284,43,harmonized_hand_active_board10,test
4,2,3,2,0,1,4,[4.0],False,B2_trial3_rep2_attempt0.csv,/Users/arthu/Desktop/CTM_Res-Pro/data/reach_to_grasp_dataset/data/participant_4/motion/B2_trial3_rep2_attempt0.csv,4,4,False,,,4,target_object_corrected,3,board_data_3,trial_number,240,281,41,harmonized_hand_active_board10,test
4,2,3,3,0,1,4,[4.0],False,B2_trial3_rep3_attempt0.csv,/Users/arthu/Desktop/CTM_Res-Pro/data/reach_to_grasp_dataset/data/participant_4/motion/B2_trial3_rep3_attempt0.csv,4,4,False,,,4,target_object_corrected,3,board_data_3,trial_number,375,415,40,harmonized_hand_active_board10,test
4,2,4,0,0,1,3,[3.0],False,B2_trial4_rep0_attempt0.csv,/Users/arthu/Desktop/CTM_Res-Pro/data/reach_to_grasp_dataset/data/participant_4/motion/B2_trial4_rep0_attempt0.csv,3,3,True,1.0,B2_trial4_rep1_attempt0.csv,3,target_object_corrected,4,board_data_4,trial_number,223,291,68,harmonized_hand_active_board10,test
4,2,4,1,0,1,3,[3.0],False,B2_trial4_rep1_attempt0.csv,/Users/arthu/Desktop/CTM_Res-Pro/data/reach_to_grasp_dataset/data/participant_4/motion/B2_trial4_rep1_attempt0.csv,3,3,False,,,3,target_object_corrected,4,board_data_4,trial_number,225,281,56,harmonized_hand_active_board10,test
4,2,4,2,0,1,3,[3.0],False,B2_trial4_rep2_attempt0.csv,/Users/arthu/Desktop/CTM_Res-Pro/data/reach_to_grasp_dataset/data/participant_4/motion/B2_trial4_rep2_attempt0.csv,3,3,False,,,3,target_object_corrected,4,board_data_4,trial_number,232,282,50,harmonized_hand_active_board10,test
4,2,4,3,0,1,3,[3.0],False,B2_trial4_rep3_attempt0.csv,/Users/arthu/Desktop/CTM_Res-Pro/data/reach_to_grasp_dataset/data/participant_4/motion/B2_trial4_rep3_attempt0.csv,3,3,False,,,3,target_object_corrected,4,board_data_4,trial_number,220,261,41,harmonized_hand_active_board10,test
4,2,5,0,0,1,2,"[4.0, 2.0]",True,B2_trial5_rep0_attempt0.csv,/Users/arthu/Desktop/CTM_Res-Pro/data/reach_to_grasp_dataset/data/participant_4/motion/B2_trial5_rep0_attempt0.csv,2,2,True,1.0,B2_trial5_rep1_attempt0.csv,2,target_object_corrected,5,board_data_5,trial_number,269,369,100,harmonized_hand_active_board10,test
4,2,5,1,0,1,2,[2.0],False,B2_trial5_rep1_attempt0.csv,/Users/arthu/Desktop/CTM_Res-Pro/data/reach_to_grasp_dataset/data/participant_4/motion/B2_trial5_rep1_attempt0.csv,2,2,False,,,2,target_object_corrected,5,board_data_5,trial_number,229,295,66,harmonized_hand_active_board10,test
4,2,5,2,0,1,2,[2.0],False,B2_trial5_rep2_attempt0.csv,/Users/arthu/Desktop/CTM_Res-Pro/data/reach_to_grasp_dataset/data/participant_4/motion/B2_trial5_rep2_attempt0.csv,2,2,False,,,2,target_object_corrected,5,board_data_5,trial_number,216,292,76,harmonized_hand_active_board10,test
4,2,5,3,0,1,2,[2.0],False,B2_trial5_rep3_attempt0.csv,/Users/arthu/Desktop/CTM_Res-Pro/data/reach_to_grasp_dataset/data/participant_4/motion/B2_trial5_rep3_attempt0.csv,2,2,False,,,2,target_object_corrected,5,board_data_5,trial_number,283,364,81,harmonized_hand_active_board10,test
4,2,6,0,0,1,1,"[5.0, 1.0]",True,B2_trial6_rep0_attempt0.csv,/Users/arthu/Desktop/CTM_Res-Pro/data/reach_to_grasp_dataset/data/participant_4/motion/B2_trial6_rep0_attempt0.csv,1,1,True,1.0,B2_trial6_rep1_attempt0.csv,1,target_object_corrected,6,board_data_6,trial_number,205,249,44,harmonized_hand_active_board10,test
4,2,6,1,0,1,1,[1.0],False,B2_trial6_rep1_attempt0.csv,/Users/arthu/Desktop/CTM_Res-Pro/data/reach_to_grasp_dataset/data/participant_4/motion/B2_trial6_rep1_attempt0.csv,1,1,False,,,1,target_object_corrected,6,board_data_6,trial_number,336,383,47,harmonized_hand_active_board10,test
4,2,6,2,0,1,1,[1.0],False,B2_trial6_rep2_attempt0.csv,/Users/arthu/Desktop/CTM_Res-Pro/data/reach_to_grasp_dataset/data/participant_4/motion/B2_trial6_rep2_attempt0.csv,1,1,False,,,1,target_object_corrected,6,board_data_6,trial_number,236,288,52,harmonized_hand_active_board10,test
4,2,6,3,0,1,1,[1.0],False,B2_trial6_rep3_attempt0.csv,/Users/arthu/Desktop/CTM_Res-Pro/data/reach_to_grasp_dataset/data/participant_4/motion/B2_trial6_rep3_attempt0.csv,1,1,False,,,1,target_object_corrected,6,board_data_6,trial_number,237,286,49,harmonized_hand_active_board10,test
4,2,7,0,1,1,0,[0.0],False,B2_trial7_rep0_attempt1.csv,/Users/arthu/Desktop/CTM_Res-Pro/data/reach_to_grasp_dataset/data/participant_4/motion/B2_trial7_rep0_attempt1.csv,0,0,True,1.0,B2_trial7_rep1_attempt0.csv,0,target_object_corrected,7,board_data_7,trial_number,208,274,66,harmonized_hand_active_board10,test
4,2,7,1,0,1,0,[0.0],False,B2_trial7_rep1_attempt0.csv,/Users/arthu/Desktop/CTM_Res-Pro/data/reach_to_grasp_dataset/data/participant_4/motion/B2_trial7_rep1_attempt0.csv,0,0,False,,,0,target_object_corrected,7,board_data_7,trial_number,257,312,55,harmonized_hand_active_board10,test
4,2,7,2,0,1,0,[0.0],False,B2_trial7_rep2_attempt0.csv,/Users/arthu/Desktop/CTM_Res-Pro/data/reach_to_grasp_dataset/data/participant_4/motion/B2_trial7_rep2_attempt0.csv,0,0,False,,,0,target_object_corrected,7,board_data_7,trial_number,219,275,56,harmonized_hand_active_board10,test
4,2,7,3,0,1,0,[0.0],False,B2_trial7_rep3_attempt0.csv,/Users/arthu/Desktop/CTM_Res-Pro/data/reach_to_grasp_dataset/data/participant_4/motion/B2_trial7_rep3_attempt0.csv,0,0,False,,,0,target_object_corrected,7,board_data_7,trial_number,230,287,57,harmonized_hand_active_board10,test
4,3,0,0,0,1,3,"[7.0, 3.0]",True,B3_trial0_rep0_attempt0.csv,/Users/arthu/Desktop/CTM_Res-Pro/data/reach_to_grasp_dataset/data/participant_4/motion/B3_trial0_rep0_attempt0.csv,3,3,True,1.0,B3_trial0_rep1_attempt0.csv,3,target_object_corrected,0,board_data_0,trial_number,227,304,77,harmonized_hand_active_board10,test
4,3,0,1,0,1,3,[3.0],False,B3_trial0_rep1_attempt0.csv,/Users/arthu/Desktop/CTM_Res-Pro/data/reach_to_grasp_dataset/data/participant_4/motion/B3_trial0_rep1_attempt0.csv,3,3,False,,,3,target_object_corrected,0,board_data_0,trial_number,299,352,53,harmonized_hand_active_board10,test
4,3,0,2,0,1,3,[3.0],False,B3_trial0_rep2_attempt0.csv,/Users/arthu/Desktop/CTM_Res-Pro/data/reach_to_grasp_dataset/data/participant_4/motion/B3_trial0_rep2_attempt0.csv,3,3,False,,,3,target_object_corrected,0,board_data_0,trial_number,278,343,65,harmonized_hand_active_board10,test
4,3,0,3,0,1,3,[3.0],False,B3_trial0_rep3_attempt0.csv,/Users/arthu/Desktop/CTM_Res-Pro/data/reach_to_grasp_dataset/data/participant_4/motion/B3_trial0_rep3_attempt0.csv,3,3,False,,,3,target_object_corrected,0,board_data_0,trial_number,352,413,61,harmonized_hand_active_board10,test
4,3,1,0,0,1,2,"[0.0, 2.0]",True,B3_trial1_rep0_attempt0.csv,/Users/arthu/Desktop/CTM_Res-Pro/data/reach_to_grasp_dataset/data/participant_4/motion/B3_trial1_rep0_attempt0.csv,2,2,True,1.0,B3_trial1_rep1_attempt0.csv,2,target_object_corrected,1,board_data_1,trial_number,213,239,26,harmonized_hand_active_board10,test
4,3,1,1,0,1,2,[2.0],False,B3_trial1_rep1_attempt0.csv,/Users/arthu/Desktop/CTM_Res-Pro/data/reach_to_grasp_dataset/data/participant_4/motion/B3_trial1_rep1_attempt0.csv,2,2,False,,,2,target_object_corrected,1,board_data_1,trial_number,278,351,73,harmonized_hand_active_board10,test
4,3,1,2,0,1,2,[2.0],False,B3_trial1_rep2_attempt0.csv,/Users/arthu/Desktop/CTM_Res-Pro/data/reach_to_grasp_dataset/data/participant_4/motion/B3_trial1_rep2_attempt0.csv,2,2,False,,,2,target_object_corrected,1,board_data_1,trial_number,296,365,69,harmonized_hand_active_board10,test
4,3,1,3,0,1,2,[2.0],False,B3_trial1_rep3_attempt0.csv,/Users/arthu/Desktop/CTM_Res-Pro/data/reach_to_grasp_dataset/data/participant_4/motion/B3_trial1_rep3_attempt0.csv,2,2,False,,,2,target_object_corrected,1,board_data_1,trial_number,231,297,66,harmonized_hand_active_board10,test
4,3,2,0,0,1,1,[1.0],False,B3_trial2_rep0_attempt0.csv,/Users/arthu/Desktop/CTM_Res-Pro/data/reach_to_grasp_dataset/data/participant_4/motion/B3_trial2_rep0_attempt0.csv,1,1,True,1.0,B3_trial2_rep1_attempt0.csv,1,target_object_corrected,2,board_data_2,trial_number,234,280,46,harmonized_hand_active_board10,test
4,3,2,1,0,1,1,[1.0],False,B3_trial2_rep1_attempt0.csv,/Users/arthu/Desktop/CTM_Res-Pro/data/reach_to_grasp_dataset/data/participant_4/motion/B3_trial2_rep1_attempt0.csv,1,1,False,,,1,target_object_corrected,2,board_data_2,trial_number,236,283,47,harmonized_hand_active_board10,test
4,3,2,2,0,1,1,[1.0],False,B3_trial2_rep2_attempt0.csv,/Users/arthu/Desktop/CTM_Res-Pro/data/reach_to_grasp_dataset/data/participant_4/motion/B3_trial2_rep2_attempt0.csv,1,1,False,,,1,target_object_corrected,2,board_data_2,trial_number,274,334,60,harmonized_hand_active_board10,test
4,3,2,3,0,1,1,[1.0],False,B3_trial2_rep3_attempt0.csv,/Users/arthu/Desktop/CTM_Res-Pro/data/reach_to_grasp_dataset/data/participant_4/motion/B3_trial2_rep3_attempt0.csv,1,1,False,,,1,target_object_corrected,2,board_data_2,trial_number,336,379,43,harmonized_hand_active_board10,test
4,3,3,0,0,1,0,"[2.0, 0.0]",True,B3_trial3_rep0_attempt0.csv,/Users/arthu/Desktop/CTM_Res-Pro/data/reach_to_grasp_dataset/data/participant_4/motion/B3_trial3_rep0_attempt0.csv,0,0,True,1.0,B3_trial3_rep1_attempt0.csv,0,target_object_corrected,3,board_data_3,trial_number,237,293,56,harmonized_hand_active_board10,test
4,3,3,1,0,1,0,[0.0],False,B3_trial3_rep1_attempt0.csv,/Users/arthu/Desktop/CTM_Res-Pro/data/reach_to_grasp_dataset/data/participant_4/motion/B3_trial3_rep1_attempt0.csv,0,0,False,,,0,target_object_corrected,3,board_data_3,trial_number,219,276,57,harmonized_hand_active_board10,test
4,3,3,2,0,1,0,[0.0],False,B3_trial3_rep2_attempt0.csv,/Users/arthu/Desktop/CTM_Res-Pro/data/reach_to_grasp_dataset/data/participant_4/motion/B3_trial3_rep2_attempt0.csv,0,0,False,,,0,target_object_corrected,3,board_data_3,trial_number,258,317,59,harmonized_hand_active_board10,test
4,3,3,3,0,1,0,[0.0],False,B3_trial3_rep3_attempt0.csv,/Users/arthu/Desktop/CTM_Res-Pro/data/reach_to_grasp_dataset/data/participant_4/motion/B3_trial3_rep3_attempt0.csv,0,0,False,,,0,target_object_corrected,3,board_data_3,trial_number,290,343,53,harmonized_hand_active_board10,test
4,3,4,0,0,1,7,"[3.0, 7.0]",True,B3_trial4_rep0_attempt0.csv,/Users/arthu/Desktop/CTM_Res-Pro/data/reach_to_grasp_dataset/data/participant_4/motion/B3_trial4_rep0_attempt0.csv,7,7,True,1.0,B3_trial4_rep1_attempt0.csv,7,target_object_corrected,4,board_data_4,trial_number,244,314,70,harmonized_hand_active_board10,test
4,3,4,1,0,1,7,[7.0],False,B3_trial4_rep1_attempt0.csv,/Users/arthu/Desktop/CTM_Res-Pro/data/reach_to_grasp_dataset/data/participant_4/motion/B3_trial4_rep1_attempt0.csv,7,7,False,,,7,target_object_corrected,4,board_data_4,trial_number,279,375,96,harmonized_hand_active_board10,test
4,3,4,2,0,1,7,[7.0],False,B3_trial4_rep2_attempt0.csv,/Users/arthu/Desktop/CTM_Res-Pro/data/reach_to_grasp_dataset/data/participant_4/motion/B3_trial4_rep2_attempt0.csv,7,7,False,,,7,target_object_corrected,4,board_data_4,trial_number,239,299,60,harmonized_hand_active_board10,test
4,3,4,3,0,1,7,[7.0],False,B3_trial4_rep3_attempt0.csv,/Users/arthu/Desktop/CTM_Res-Pro/data/reach_to_grasp_dataset/data/participant_4/motion/B3_trial4_rep3_attempt0.csv,7,7,False,,,7,target_object_corrected,4,board_data_4,trial_number,248,309,61,harmonized_hand_active_board10,test
4,3,5,0,0,1,6,"[4.0, 6.0]",True,B3_trial5_rep0_attempt0.csv,/Users/arthu/Desktop/CTM_Res-Pro/data/reach_to_grasp_dataset/data/participant_4/motion/B3_trial5_rep0_attempt0.csv,6,6,True,1.0,B3_trial5_rep1_attempt0.csv,6,target_object_corrected,5,board_data_5,trial_number,231,297,66,harmonized_hand_active_board10,test
4,3,5,1,0,1,6,[6.0],False,B3_trial5_rep1_attempt0.csv,/Users/arthu/Desktop/CTM_Res-Pro/data/reach_to_grasp_dataset/data/participant_4/motion/B3_trial5_rep1_attempt0.csv,6,6,False,,,6,target_object_corrected,5,board_data_5,trial_number,215,283,68,harmonized_hand_active_board10,test
4,3,5,2,0,1,6,[6.0],False,B3_trial5_rep2_attempt0.csv,/Users/arthu/Desktop/CTM_Res-Pro/data/reach_to_grasp_dataset/data/participant_4/motion/B3_trial5_rep2_attempt0.csv,6,6,False,,,6,target_object_corrected,5,board_data_5,trial_number,223,303,80,harmonized_hand_active_board10,test
4,3,5,3,0,1,6,[6.0],False,B3_trial5_rep3_attempt0.csv,/Users/arthu/Desktop/CTM_Res-Pro/data/reach_to_grasp_dataset/data/participant_4/motion/B3_trial5_rep3_attempt0.csv,6,6,False,,,6,target_object_corrected,5,board_data_5,trial_number,227,301,74,harmonized_hand_active_board10,test
4,3,6,0,1,1,5,[5.0],False,B3_trial6_rep0_attempt1.csv,/Users/arthu/Desktop/CTM_Res-Pro/data/reach_to_grasp_dataset/data/participant_4/motion/B3_trial6_rep0_attempt1.csv,5,5,True,1.0,B3_trial6_rep1_attempt0.csv,5,target_object_corrected,6,board_data_6,trial_number,253,339,86,harmonized_hand_active_board10,test
4,3,6,1,0,1,5,[5.0],False,B3_trial6_rep1_attempt0.csv,/Users/arthu/Desktop/CTM_Res-Pro/data/reach_to_grasp_dataset/data/participant_4/motion/B3_trial6_rep1_attempt0.csv,5,5,False,,,5,target_object_corrected,6,board_data_6,trial_number,321,408,87,harmonized_hand_active_board10,test
4,3,6,2,0,1,5,[5.0],False,B3_trial6_rep2_attempt0.csv,/Users/arthu/Desktop/CTM_Res-Pro/data/reach_to_grasp_dataset/data/participant_4/motion/B3_trial6_rep2_attempt0.csv,5,5,False,,,5,target_object_corrected,6,board_data_6,trial_number,277,399,122,harmonized_hand_active_board10,test
4,3,6,3,0,1,5,[5.0],False,B3_trial6_rep3_attempt0.csv,/Users/arthu/Desktop/CTM_Res-Pro/data/reach_to_grasp_dataset/data/participant_4/motion/B3_trial6_rep3_attempt0.csv,5,5,False,,,5,target_object_corrected,6,board_data_6,trial_number,243,354,111,harmonized_hand_active_board10,test
4,3,7,0,1,1,4,[4.0],False,B3_trial7_rep0_attempt1.csv,/Users/arthu/Desktop/CTM_Res-Pro/data/reach_to_grasp_dataset/data/participant_4/motion/B3_trial7_rep0_attempt1.csv,4,4,True,1.0,B3_trial7_rep1_attempt0.csv,4,target_object_corrected,7,board_data_7,trial_number,55,124,69,harmonized_hand_active_board10,test
4,3,7,1,0,1,4,[4.0],False,B3_trial7_rep1_attempt0.csv,/Users/arthu/Desktop/CTM_Res-Pro/data/reach_to_grasp_dataset/data/participant_4/motion/B3_trial7_rep1_attempt0.csv,4,4,False,,,4,target_object_corrected,7,board_data_7,trial_number,175,251,76,harmonized_hand_active_board10,test
4,3,7,2,0,1,4,[4.0],False,B3_trial7_rep2_attempt0.csv,/Users/arthu/Desktop/CTM_Res-Pro/data/reach_to_grasp_dataset/data/participant_4/motion/B3_trial7_rep2_attempt0.csv,4,4,False,,,4,target_object_corrected,7,board_data_7,trial_number,223,296,73,harmonized_hand_active_board10,test
4,3,7,3,0,1,4,[4.0],False,B3_trial7_rep3_attempt0.csv,/Users/arthu/Desktop/CTM_Res-Pro/data/reach_to_grasp_dataset/data/participant_4/motion/B3_trial7_rep3_attempt0.csv,4,4,False,,,4,target_object_corrected,7,board_data_7,trial_number,259,336,77,harmonized_hand_active_board10,test
4,4,0,0,0,1,4,"[7.0, 4.0]",True,B4_trial0_rep0_attempt0.csv,/Users/arthu/Desktop/CTM_Res-Pro/data/reach_to_grasp_dataset/data/participant_4/motion/B4_trial0_rep0_attempt0.csv,4,4,True,1.0,B4_trial0_rep1_attempt0.csv,4,target_object_corrected,0,board_data_0,trial_number,210,257,47,harmonized_hand_active_board10,test
4,4,0,1,0,1,4,[4.0],False,B4_trial0_rep1_attempt0.csv,/Users/arthu/Desktop/CTM_Res-Pro/data/reach_to_grasp_dataset/data/participant_4/motion/B4_trial0_rep1_attempt0.csv,4,4,False,,,4,target_object_corrected,0,board_data_0,trial_number,325,389,64,harmonized_hand_active_board10,test
4,4,0,2,0,1,4,[4.0],False,B4_trial0_rep2_attempt0.csv,/Users/arthu/Desktop/CTM_Res-Pro/data/reach_to_grasp_dataset/data/participant_4/motion/B4_trial0_rep2_attempt0.csv,4,4,False,,,4,target_object_corrected,0,board_data_0,trial_number,277,337,60,harmonized_hand_active_board10,test
4,4,0,3,0,1,4,[4.0],False,B4_trial0_rep3_attempt0.csv,/Users/arthu/Desktop/CTM_Res-Pro/data/reach_to_grasp_dataset/data/participant_4/motion/B4_trial0_rep3_attempt0.csv,4,4,False,,,4,target_object_corrected,0,board_data_0,trial_number,344,405,61,harmonized_hand_active_board10,test
4,4,1,0,0,1,5,"[0.0, 5.0]",True,B4_trial1_rep0_attempt0.csv,/Users/arthu/Desktop/CTM_Res-Pro/data/reach_to_grasp_dataset/data/participant_4/motion/B4_trial1_rep0_attempt0.csv,5,5,True,1.0,B4_trial1_rep1_attempt0.csv,5,target_object_corrected,1,board_data_1,trial_number,225,298,73,harmonized_hand_active_board10,test
4,4,1,1,0,1,5,[5.0],False,B4_trial1_rep1_attempt0.csv,/Users/arthu/Desktop/CTM_Res-Pro/data/reach_to_grasp_dataset/data/participant_4/motion/B4_trial1_rep1_attempt0.csv,5,5,False,,,5,target_object_corrected,1,board_data_1,trial_number,227,290,63,harmonized_hand_active_board10,test
4,4,1,2,0,1,5,[5.0],False,B4_trial1_rep2_attempt0.csv,/Users/arthu/Desktop/CTM_Res-Pro/data/reach_to_grasp_dataset/data/participant_4/motion/B4_trial1_rep2_attempt0.csv,5,5,False,,,5,target_object_corrected,1,board_data_1,trial_number,234,294,60,harmonized_hand_active_board10,test
4,4,1,3,0,1,5,[5.0],False,B4_trial1_rep3_attempt0.csv,/Users/arthu/Desktop/CTM_Res-Pro/data/reach_to_grasp_dataset/data/participant_4/motion/B4_trial1_rep3_attempt0.csv,5,5,False,,,5,target_object_corrected,1,board_data_1,trial_number,288,344,56,harmonized_hand_active_board10,test
4,4,2,0,0,1,6,"[1.0, 6.0]",True,B4_trial2_rep0_attempt0.csv,/Users/arthu/Desktop/CTM_Res-Pro/data/reach_to_grasp_dataset/data/participant_4/motion/B4_trial2_rep0_attempt0.csv,6,6,True,1.0,B4_trial2_rep1_attempt0.csv,6,target_object_corrected,2,board_data_2,trial_number,319,380,61,harmonized_hand_active_board10,test
4,4,2,1,0,1,6,[6.0],False,B4_trial2_rep1_attempt0.csv,/Users/arthu/Desktop/CTM_Res-Pro/data/reach_to_grasp_dataset/data/participant_4/motion/B4_trial2_rep1_attempt0.csv,6,6,False,,,6,target_object_corrected,2,board_data_2,trial_number,236,304,68,harmonized_hand_active_board10,test
4,4,2,2,0,1,6,[6.0],False,B4_trial2_rep2_attempt0.csv,/Users/arthu/Desktop/CTM_Res-Pro/data/reach_to_grasp_dataset/data/participant_4/motion/B4_trial2_rep2_attempt0.csv,6,6,False,,,6,target_object_corrected,2,board_data_2,trial_number,231,292,61,harmonized_hand_active_board10,test
4,4,2,3,0,1,6,[6.0],False,B4_trial2_rep3_attempt0.csv,/Users/arthu/Desktop/CTM_Res-Pro/data/reach_to_grasp_dataset/data/participant_4/motion/B4_trial2_rep3_attempt0.csv,6,6,False,,,6,target_object_corrected,2,board_data_2,trial_number,238,286,48,harmonized_hand_active_board10,test
4,4,3,0,1,1,7,[7.0],False,B4_trial3_rep0_attempt1.csv,/Users/arthu/Desktop/CTM_Res-Pro/data/reach_to_grasp_dataset/data/participant_4/motion/B4_trial3_rep0_attempt1.csv,7,7,True,1.0,B4_trial3_rep1_attempt0.csv,7,target_object_corrected,3,board_data_3,trial_number,223,285,62,harmonized_hand_active_board10,test
4,4,3,1,0,1,7,[7.0],False,B4_trial3_rep1_attempt0.csv,/Users/arthu/Desktop/CTM_Res-Pro/data/reach_to_grasp_dataset/data/participant_4/motion/B4_trial3_rep1_attempt0.csv,7,7,False,,,7,target_object_corrected,3,board_data_3,trial_number,221,265,44,harmonized_hand_active_board10,test
4,4,3,2,0,1,7,[7.0],False,B4_trial3_rep2_attempt0.csv,/Users/arthu/Desktop/CTM_Res-Pro/data/reach_to_grasp_dataset/data/participant_4/motion/B4_trial3_rep2_attempt0.csv,7,7,False,,,7,target_object_corrected,3,board_data_3,trial_number,224,279,55,harmonized_hand_active_board10,test
4,4,3,3,0,1,7,[7.0],False,B4_trial3_rep3_attempt0.csv,/Users/arthu/Desktop/CTM_Res-Pro/data/reach_to_grasp_dataset/data/participant_4/motion/B4_trial3_rep3_attempt0.csv,7,7,False,,,7,target_object_corrected,3,board_data_3,trial_number,265,367,102,harmonized_hand_active_board10,test
4,4,4,0,1,1,0,[0.0],False,B4_trial4_rep0_attempt1.csv,/Users/arthu/Desktop/CTM_Res-Pro/data/reach_to_grasp_dataset/data/participant_4/motion/B4_trial4_rep0_attempt1.csv,0,0,True,1.0,B4_trial4_rep1_attempt0.csv,0,target_object_corrected,4,board_data_4,trial_number,249,299,50,harmonized_hand_active_board10,test
4,4,4,1,0,1,0,[0.0],False,B4_trial4_rep1_attempt0.csv,/Users/arthu/Desktop/CTM_Res-Pro/data/reach_to_grasp_dataset/data/participant_4/motion/B4_trial4_rep1_attempt0.csv,0,0,False,,,0,target_object_corrected,4,board_data_4,trial_number,276,333,57,harmonized_hand_active_board10,test
4,4,4,2,0,1,0,[0.0],False,B4_trial4_rep2_attempt0.csv,/Users/arthu/Desktop/CTM_Res-Pro/data/reach_to_grasp_dataset/data/participant_4/motion/B4_trial4_rep2_attempt0.csv,0,0,False,,,0,target_object_corrected,4,board_data_4,trial_number,267,320,53,harmonized_hand_active_board10,test
4,4,4,3,0,1,0,[0.0],False,B4_trial4_rep3_attempt0.csv,/Users/arthu/Desktop/CTM_Res-Pro/data/reach_to_grasp_dataset/data/participant_4/motion/B4_trial4_rep3_attempt0.csv,0,0,False,,,0,target_object_corrected,4,board_data_4,trial_number,385,438,53,harmonized_hand_active_board10,test
4,4,5,0,0,1,1,"[4.0, 1.0]",True,B4_trial5_rep0_attempt0.csv,/Users/arthu/Desktop/CTM_Res-Pro/data/reach_to_grasp_dataset/data/participant_4/motion/B4_trial5_rep0_attempt0.csv,1,1,True,1.0,B4_trial5_rep1_attempt0.csv,1,target_object_corrected,5,board_data_5,trial_number,284,339,55,harmonized_hand_active_board10,test
4,4,5,1,0,1,1,[1.0],False,B4_trial5_rep1_attempt0.csv,/Users/arthu/Desktop/CTM_Res-Pro/data/reach_to_grasp_dataset/data/participant_4/motion/B4_trial5_rep1_attempt0.csv,1,1,False,,,1,target_object_corrected,5,board_data_5,trial_number,328,388,60,harmonized_hand_active_board10,test
4,4,5,2,0,1,1,[1.0],False,B4_trial5_rep2_attempt0.csv,/Users/arthu/Desktop/CTM_Res-Pro/data/reach_to_grasp_dataset/data/participant_4/motion/B4_trial5_rep2_attempt0.csv,1,1,False,,,1,target_object_corrected,5,board_data_5,trial_number,255,318,63,harmonized_hand_active_board10,test
4,4,5,3,0,1,1,[1.0],False,B4_trial5_rep3_attempt0.csv,/Users/arthu/Desktop/CTM_Res-Pro/data/reach_to_grasp_dataset/data/participant_4/motion/B4_trial5_rep3_attempt0.csv,1,1,False,,,1,target_object_corrected,5,board_data_5,trial_number,272,327,55,harmonized_hand_active_board10,test
4,4,6,0,0,1,2,"[5.0, 2.0]",True,B4_trial6_rep0_attempt0.csv,/Users/arthu/Desktop/CTM_Res-Pro/data/reach_to_grasp_dataset/data/participant_4/motion/B4_trial6_rep0_attempt0.csv,2,2,True,1.0,B4_trial6_rep1_attempt0.csv,2,target_object_corrected,6,board_data_6,trial_number,223,294,71,harmonized_hand_active_board10,test
4,4,6,1,0,1,2,[2.0],False,B4_trial6_rep1_attempt0.csv,/Users/arthu/Desktop/CTM_Res-Pro/data/reach_to_grasp_dataset/data/participant_4/motion/B4_trial6_rep1_attempt0.csv,2,2,False,,,2,target_object_corrected,6,board_data_6,trial_number,272,368,96,harmonized_hand_active_board10,test
4,4,6,2,0,1,2,[2.0],False,B4_trial6_rep2_attempt0.csv,/Users/arthu/Desktop/CTM_Res-Pro/data/reach_to_grasp_dataset/data/participant_4/motion/B4_trial6_rep2_attempt0.csv,2,2,False,,,2,target_object_corrected,6,board_data_6,trial_number,299,404,105,harmonized_hand_active_board10,test
4,4,6,3,0,1,2,[2.0],False,B4_trial6_rep3_attempt0.csv,/Users/arthu/Desktop/CTM_Res-Pro/data/reach_to_grasp_dataset/data/participant_4/motion/B4_trial6_rep3_attempt0.csv,2,2,False,,,2,target_object_corrected,6,board_data_6,trial_number,235,374,139,harmonized_hand_active_board10,test
4,4,7,0,0,1,3,"[6.0, 3.0]",True,B4_trial7_rep0_attempt0.csv,/Users/arthu/Desktop/CTM_Res-Pro/data/reach_to_grasp_dataset/data/participant_4/motion/B4_trial7_rep0_attempt0.csv,3,3,True,1.0,B4_trial7_rep1_attempt0.csv,3,target_object_corrected,7,board_data_7,trial_number,238,299,61,harmonized_hand_active_board10,test
4,4,7,1,0,1,3,[3.0],False,B4_trial7_rep1_attempt0.csv,/Users/arthu/Desktop/CTM_Res-Pro/data/reach_to_grasp_dataset/data/participant_4/motion/B4_trial7_rep1_attempt0.csv,3,3,False,,,3,target_object_corrected,7,board_data_7,trial_number,230,283,53,harmonized_hand_active_board10,test
4,4,7,2,0,1,3,[3.0],False,B4_trial7_rep2_attempt0.csv,/Users/arthu/Desktop/CTM_Res-Pro/data/reach_to_grasp_dataset/data/participant_4/motion/B4_trial7_rep2_attempt0.csv,3,3,False,,,3,target_object_corrected,7,board_data_7,trial_number,212,271,59,harmonized_hand_active_board10,test
4,4,7,3,0,1,3,[3.0],False,B4_trial7_rep3_attempt0.csv,/Users/arthu/Desktop/CTM_Res-Pro/data/reach_to_grasp_dataset/data/participant_4/motion/B4_trial7_rep3_attempt0.csv,3,3,False,,,3,target_object_corrected,7,board_data_7,trial_number,235,295,60,harmonized_hand_active_board10,test
5,0,0,0,0,1,3,[3.0],False,B0_trial0_rep0_attempt0.csv,/Users/arthu/Desktop/CTM_Res-Pro/data/reach_to_grasp_dataset/data/participant_5/motion/B0_trial0_rep0_attempt0.csv,3,3,False,,,0,trial_number,3,board_data_3,fixed_B0_sensor_3,168,276,108,harmonized_hand_active_board10,train
5,0,0,1,0,1,3,[3.0],False,B0_trial0_rep1_attempt0.csv,/Users/arthu/Desktop/CTM_Res-Pro/data/reach_to_grasp_dataset/data/participant_5/motion/B0_trial0_rep1_attempt0.csv,3,3,False,,,0,trial_number,3,board_data_3,fixed_B0_sensor_3,237,319,82,harmonized_hand_active_board10,train
5,0,0,2,0,1,3,[3.0],False,B0_trial0_rep2_attempt0.csv,/Users/arthu/Desktop/CTM_Res-Pro/data/reach_to_grasp_dataset/data/participant_5/motion/B0_trial0_rep2_attempt0.csv,3,3,False,,,0,trial_number,3,board_data_3,fixed_B0_sensor_3,238,311,73,harmonized_hand_active_board10,train
5,0,0,3,0,1,3,[3.0],False,B0_trial0_rep3_attempt0.csv,/Users/arthu/Desktop/CTM_Res-Pro/data/reach_to_grasp_dataset/data/participant_5/motion/B0_trial0_rep3_attempt0.csv,3,3,False,,,0,trial_number,3,board_data_3,fixed_B0_sensor_3,228,309,81,harmonized_hand_active_board10,train
5,0,0,4,0,1,3,[3.0],False,B0_trial0_rep4_attempt0.csv,/Users/arthu/Desktop/CTM_Res-Pro/data/reach_to_grasp_dataset/data/participant_5/motion/B0_trial0_rep4_attempt0.csv,3,3,False,,,0,trial_number,3,board_data_3,fixed_B0_sensor_3,236,289,53,harmonized_hand_active_board10,train
5,0,0,5,0,1,3,[3.0],False,B0_trial0_rep5_attempt0.csv,/Users/arthu/Desktop/CTM_Res-Pro/data/reach_to_grasp_dataset/data/participant_5/motion/B0_trial0_rep5_attempt0.csv,3,3,False,,,0,trial_number,3,board_data_3,fixed_B0_sensor_3,227,283,56,harmonized_hand_active_board10,train
5,0,0,6,0,1,3,[3.0],False,B0_trial0_rep6_attempt0.csv,/Users/arthu/Desktop/CTM_Res-Pro/data/reach_to_grasp_dataset/data/participant_5/motion/B0_trial0_rep6_attempt0.csv,3,3,False,,,0,trial_number,3,board_data_3,fixed_B0_sensor_3,227,279,52,harmonized_hand_active_board10,train
5,0,0,7,0,1,3,[3.0],False,B0_trial0_rep7_attempt0.csv,/Users/arthu/Desktop/CTM_Res-Pro/data/reach_to_grasp_dataset/data/participant_5/motion/B0_trial0_rep7_attempt0.csv,3,3,False,,,0,trial_number,3,board_data_3,fixed_B0_sensor_3,233,302,69,harmonized_hand_active_board10,train
5,0,1,0,0,1,3,[3.0],False,B0_trial1_rep0_attempt0.csv,/Users/arthu/Desktop/CTM_Res-Pro/data/reach_to_grasp_dataset/data/participant_5/motion/B0_trial1_rep0_attempt0.csv,3,3,False,,,1,trial_number,3,board_data_3,fixed_B0_sensor_3,231,306,75,harmonized_hand_active_board10,train
5,0,1,1,0,1,3,[3.0],False,B0_trial1_rep1_attempt0.csv,/Users/arthu/Desktop/CTM_Res-Pro/data/reach_to_grasp_dataset/data/participant_5/motion/B0_trial1_rep1_attempt0.csv,3,3,False,,,1,trial_number,3,board_data_3,fixed_B0_sensor_3,230,304,74,harmonized_hand_active_board10,train
5,0,1,2,0,1,3,[3.0],False,B0_trial1_rep2_attempt0.csv,/Users/arthu/Desktop/CTM_Res-Pro/data/reach_to_grasp_dataset/data/participant_5/motion/B0_trial1_rep2_attempt0.csv,3,3,False,,,1,trial_number,3,board_data_3,fixed_B0_sensor_3,227,290,63,harmonized_hand_active_board10,train
5,0,1,3,0,1,3,[3.0],False,B0_trial1_rep3_attempt0.csv,/Users/arthu/Desktop/CTM_Res-Pro/data/reach_to_grasp_dataset/data/participant_5/motion/B0_trial1_rep3_attempt0.csv,3,3,False,,,1,trial_number,3,board_data_3,fixed_B0_sensor_3,232,285,53,harmonized_hand_active_board10,train
5,0,1,4,0,1,3,[3.0],False,B0_trial1_rep4_attempt0.csv,/Users/arthu/Desktop/CTM_Res-Pro/data/reach_to_grasp_dataset/data/participant_5/motion/B0_trial1_rep4_attempt0.csv,3,3,False,,,1,trial_number,3,board_data_3,fixed_B0_sensor_3,250,301,51,harmonized_hand_active_board10,train
5,0,1,5,0,1,3,[3.0],False,B0_trial1_rep5_attempt0.csv,/Users/arthu/Desktop/CTM_Res-Pro/data/reach_to_grasp_dataset/data/participant_5/motion/B0_trial1_rep5_attempt0.csv,3,3,False,,,1,trial_number,3,board_data_3,fixed_B0_sensor_3,231,296,65,harmonized_hand_active_board10,train
5,0,1,6,0,1,3,[3.0],False,B0_trial1_rep6_attempt0.csv,/Users/arthu/Desktop/CTM_Res-Pro/data/reach_to_grasp_dataset/data/participant_5/motion/B0_trial1_rep6_attempt0.csv,3,3,False,,,1,trial_number,3,board_data_3,fixed_B0_sensor_3,230,284,54,harmonized_hand_active_board10,train
5,0,1,7,0,1,3,[3.0],False,B0_trial1_rep7_attempt0.csv,/Users/arthu/Desktop/CTM_Res-Pro/data/reach_to_grasp_dataset/data/participant_5/motion/B0_trial1_rep7_attempt0.csv,3,3,False,,,1,trial_number,3,board_data_3,fixed_B0_sensor_3,218,282,64,harmonized_hand_active_board10,train
5,0,2,0,0,1,3,[3.0],False,B0_trial2_rep0_attempt0.csv,/Users/arthu/Desktop/CTM_Res-Pro/data/reach_to_grasp_dataset/data/participant_5/motion/B0_trial2_rep0_attempt0.csv,3,3,False,,,2,trial_number,3,board_data_3,fixed_B0_sensor_3,228,365,137,harmonized_hand_active_board10,train
5,0,2,1,0,1,3,[3.0],False,B0_trial2_rep1_attempt0.csv,/Users/arthu/Desktop/CTM_Res-Pro/data/reach_to_grasp_dataset/data/participant_5/motion/B0_trial2_rep1_attempt0.csv,3,3,False,,,2,trial_number,3,board_data_3,fixed_B0_sensor_3,215,297,82,harmonized_hand_active_board10,train
5,0,2,2,0,1,3,[3.0],False,B0_trial2_rep2_attempt0.csv,/Users/arthu/Desktop/CTM_Res-Pro/data/reach_to_grasp_dataset/data/participant_5/motion/B0_trial2_rep2_attempt0.csv,3,3,False,,,2,trial_number,3,board_data_3,fixed_B0_sensor_3,315,380,65,harmonized_hand_active_board10,train
5,0,2,3,0,1,3,[3.0],False,B0_trial2_rep3_attempt0.csv,/Users/arthu/Desktop/CTM_Res-Pro/data/reach_to_grasp_dataset/data/participant_5/motion/B0_trial2_rep3_attempt0.csv,3,3,False,,,2,trial_number,3,board_data_3,fixed_B0_sensor_3,250,326,76,harmonized_hand_active_board10,train
5,0,2,4,0,1,3,[3.0],False,B0_trial2_rep4_attempt0.csv,/Users/arthu/Desktop/CTM_Res-Pro/data/reach_to_grasp_dataset/data/participant_5/motion/B0_trial2_rep4_attempt0.csv,3,3,False,,,2,trial_number,3,board_data_3,fixed_B0_sensor_3,230,315,85,harmonized_hand_active_board10,train
5,0,2,5,0,1,3,[3.0],False,B0_trial2_rep5_attempt0.csv,/Users/arthu/Desktop/CTM_Res-Pro/data/reach_to_grasp_dataset/data/participant_5/motion/B0_trial2_rep5_attempt0.csv,3,3,False,,,2,trial_number,3,board_data_3,fixed_B0_sensor_3,239,323,84,harmonized_hand_active_board10,train
5,0,2,6,0,1,3,[3.0],False,B0_trial2_rep6_attempt0.csv,/Users/arthu/Desktop/CTM_Res-Pro/data/reach_to_grasp_dataset/data/participant_5/motion/B0_trial2_rep6_attempt0.csv,3,3,False,,,2,trial_number,3,board_data_3,fixed_B0_sensor_3,227,307,80,harmonized_hand_active_board10,train
5,0,2,7,0,1,3,[3.0],False,B0_trial2_rep7_attempt0.csv,/Users/arthu/Desktop/CTM_Res-Pro/data/reach_to_grasp_dataset/data/participant_5/motion/B0_trial2_rep7_attempt0.csv,3,3,False,,,2,trial_number,3,board_data_3,fixed_B0_sensor_3,241,318,77,harmonized_hand_active_board10,train
5,0,3,0,0,1,3,[3.0],False,B0_trial3_rep0_attempt0.csv,/Users/arthu/Desktop/CTM_Res-Pro/data/reach_to_grasp_dataset/data/participant_5/motion/B0_trial3_rep0_attempt0.csv,3,3,False,,,3,trial_number,3,board_data_3,fixed_B0_sensor_3,239,324,85,harmonized_hand_active_board10,train
5,0,3,1,0,1,3,[3.0],False,B0_trial3_rep1_attempt0.csv,/Users/arthu/Desktop/CTM_Res-Pro/data/reach_to_grasp_dataset/data/participant_5/motion/B0_trial3_rep1_attempt0.csv,3,3,False,,,3,trial_number,3,board_data_3,fixed_B0_sensor_3,239,308,69,harmonized_hand_active_board10,train
5,0,3,2,0,1,3,[3.0],False,B0_trial3_rep2_attempt0.csv,/Users/arthu/Desktop/CTM_Res-Pro/data/reach_to_grasp_dataset/data/participant_5/motion/B0_trial3_rep2_attempt0.csv,3,3,False,,,3,trial_number,3,board_data_3,fixed_B0_sensor_3,240,314,74,harmonized_hand_active_board10,train
5,0,3,3,0,1,3,[3.0],False,B0_trial3_rep3_attempt0.csv,/Users/arthu/Desktop/CTM_Res-Pro/data/reach_to_grasp_dataset/data/participant_5/motion/B0_trial3_rep3_attempt0.csv,3,3,False,,,3,trial_number,3,board_data_3,fixed_B0_sensor_3,244,310,66,harmonized_hand_active_board10,train
5,0,3,4,0,1,3,[3.0],False,B0_trial3_rep4_attempt0.csv,/Users/arthu/Desktop/CTM_Res-Pro/data/reach_to_grasp_dataset/data/participant_5/motion/B0_trial3_rep4_attempt0.csv,3,3,False,,,3,trial_number,3,board_data_3,fixed_B0_sensor_3,231,303,72,harmonized_hand_active_board10,train
5,0,3,5,0,1,3,[3.0],False,B0_trial3_rep5_attempt0.csv,/Users/arthu/Desktop/CTM_Res-Pro/data/reach_to_grasp_dataset/data/participant_5/motion/B0_trial3_rep5_attempt0.csv,3,3,False,,,3,trial_number,3,board_data_3,fixed_B0_sensor_3,241,301,60,harmonized_hand_active_board10,train
5,0,3,6,0,1,3,[3.0],False,B0_trial3_rep6_attempt0.csv,/Users/arthu/Desktop/CTM_Res-Pro/data/reach_to_grasp_dataset/data/participant_5/motion/B0_trial3_rep6_attempt0.csv,3,3,False,,,3,trial_number,3,board_data_3,fixed_B0_sensor_3,238,307,69,harmonized_hand_active_board10,train
5,0,3,7,0,1,3,[3.0],False,B0_trial3_rep7_attempt0.csv,/Users/arthu/Desktop/CTM_Res-Pro/data/reach_to_grasp_dataset/data/participant_5/motion/B0_trial3_rep7_attempt0.csv,3,3,False,,,3,trial_number,3,board_data_3,fixed_B0_sensor_3,236,314,78,harmonized_hand_active_board10,train
5,0,4,0,0,1,3,[3.0],False,B0_trial4_rep0_attempt0.csv,/Users/arthu/Desktop/CTM_Res-Pro/data/reach_to_grasp_dataset/data/participant_5/motion/B0_trial4_rep0_attempt0.csv,3,3,False,,,4,trial_number,3,board_data_3,fixed_B0_sensor_3,0,3,3,harmonized_hand_active_board10,train
5,0,4,1,0,1,3,[3.0],False,B0_trial4_rep1_attempt0.csv,/Users/arthu/Desktop/CTM_Res-Pro/data/reach_to_grasp_dataset/data/participant_5/motion/B0_trial4_rep1_attempt0.csv,3,3,False,,,4,trial_number,3,board_data_3,fixed_B0_sensor_3,243,283,40,harmonized_hand_active_board10,train
5,0,4,2,0,1,3,[3.0],False,B0_trial4_rep2_attempt0.csv,/Users/arthu/Desktop/CTM_Res-Pro/data/reach_to_grasp_dataset/data/participant_5/motion/B0_trial4_rep2_attempt0.csv,3,3,False,,,4,trial_number,3,board_data_3,fixed_B0_sensor_3,245,289,44,harmonized_hand_active_board10,train
5,0,4,3,0,1,3,[3.0],False,B0_trial4_rep3_attempt0.csv,/Users/arthu/Desktop/CTM_Res-Pro/data/reach_to_grasp_dataset/data/participant_5/motion/B0_trial4_rep3_attempt0.csv,3,3,False,,,4,trial_number,3,board_data_3,fixed_B0_sensor_3,229,272,43,harmonized_hand_active_board10,train
5,0,4,4,0,1,3,[3.0],False,B0_trial4_rep4_attempt0.csv,/Users/arthu/Desktop/CTM_Res-Pro/data/reach_to_grasp_dataset/data/participant_5/motion/B0_trial4_rep4_attempt0.csv,3,3,False,,,4,trial_number,3,board_data_3,fixed_B0_sensor_3,241,288,47,harmonized_hand_active_board10,train
5,0,4,5,0,1,3,[3.0],False,B0_trial4_rep5_attempt0.csv,/Users/arthu/Desktop/CTM_Res-Pro/data/reach_to_grasp_dataset/data/participant_5/motion/B0_trial4_rep5_attempt0.csv,3,3,False,,,4,trial_number,3,board_data_3,fixed_B0_sensor_3,240,291,51,harmonized_hand_active_board10,train
5,0,4,6,0,1,3,[3.0],False,B0_trial4_rep6_attempt0.csv,/Users/arthu/Desktop/CTM_Res-Pro/data/reach_to_grasp_dataset/data/participant_5/motion/B0_trial4_rep6_attempt0.csv,3,3,False,,,4,trial_number,3,board_data_3,fixed_B0_sensor_3,237,291,54,harmonized_hand_active_board10,train
5,0,4,7,0,1,3,[3.0],False,B0_trial4_rep7_attempt0.csv,/Users/arthu/Desktop/CTM_Res-Pro/data/reach_to_grasp_dataset/data/participant_5/motion/B0_trial4_rep7_attempt0.csv,3,3,False,,,4,trial_number,3,board_data_3,fixed_B0_sensor_3,233,280,47,harmonized_hand_active_board10,train
5,0,5,0,0,1,3,[3.0],False,B0_trial5_rep0_attempt0.csv,/Users/arthu/Desktop/CTM_Res-Pro/data/reach_to_grasp_dataset/data/participant_5/motion/B0_trial5_rep0_attempt0.csv,3,3,False,,,5,trial_number,3,board_data_3,fixed_B0_sensor_3,247,309,62,harmonized_hand_active_board10,train
5,0,5,1,0,1,3,[3.0],False,B0_trial5_rep1_attempt0.csv,/Users/arthu/Desktop/CTM_Res-Pro/data/reach_to_grasp_dataset/data/participant_5/motion/B0_trial5_rep1_attempt0.csv,3,3,False,,,5,trial_number,3,board_data_3,fixed_B0_sensor_3,245,290,45,harmonized_hand_active_board10,train
5,0,5,2,0,1,3,[3.0],False,B0_trial5_rep2_attempt0.csv,/Users/arthu/Desktop/CTM_Res-Pro/data/reach_to_grasp_dataset/data/participant_5/motion/B0_trial5_rep2_attempt0.csv,3,3,False,,,5,trial_number,3,board_data_3,fixed_B0_sensor_3,251,298,47,harmonized_hand_active_board10,train
5,0,5,3,0,1,3,[3.0],False,B0_trial5_rep3_attempt0.csv,/Users/arthu/Desktop/CTM_Res-Pro/data/reach_to_grasp_dataset/data/participant_5/motion/B0_trial5_rep3_attempt0.csv,3,3,False,,,5,trial_number,3,board_data_3,fixed_B0_sensor_3,248,288,40,harmonized_hand_active_board10,train
5,0,5,4,0,1,3,[3.0],False,B0_trial5_rep4_attempt0.csv,/Users/arthu/Desktop/CTM_Res-Pro/data/reach_to_grasp_dataset/data/participant_5/motion/B0_trial5_rep4_attempt0.csv,3,3,False,,,5,trial_number,3,board_data_3,fixed_B0_sensor_3,243,286,43,harmonized_hand_active_board10,train
5,0,5,5,0,1,3,[3.0],False,B0_trial5_rep5_attempt0.csv,/Users/arthu/Desktop/CTM_Res-Pro/data/reach_to_grasp_dataset/data/participant_5/motion/B0_trial5_rep5_attempt0.csv,3,3,False,,,5,trial_number,3,board_data_3,fixed_B0_sensor_3,255,296,41,harmonized_hand_active_board10,train
5,0,5,6,0,1,3,[3.0],False,B0_trial5_rep6_attempt0.csv,/Users/arthu/Desktop/CTM_Res-Pro/data/reach_to_grasp_dataset/data/participant_5/motion/B0_trial5_rep6_attempt0.csv,3,3,False,,,5,trial_number,3,board_data_3,fixed_B0_sensor_3,259,303,44,harmonized_hand_active_board10,train
5,0,5,7,0,1,3,[3.0],False,B0_trial5_rep7_attempt0.csv,/Users/arthu/Desktop/CTM_Res-Pro/data/reach_to_grasp_dataset/data/participant_5/motion/B0_trial5_rep7_attempt0.csv,3,3,False,,,5,trial_number,3,board_data_3,fixed_B0_sensor_3,241,275,34,harmonized_hand_active_board10,train
5,0,6,0,0,1,3,[3.0],False,B0_trial6_rep0_attempt0.csv,/Users/arthu/Desktop/CTM_Res-Pro/data/reach_to_grasp_dataset/data/participant_5/motion/B0_trial6_rep0_attempt0.csv,3,3,False,,,6,trial_number,3,board_data_3,fixed_B0_sensor_3,238,314,76,harmonized_hand_active_board10,train
5,0,6,1,0,1,3,[3.0],False,B0_trial6_rep1_attempt0.csv,/Users/arthu/Desktop/CTM_Res-Pro/data/reach_to_grasp_dataset/data/participant_5/motion/B0_trial6_rep1_attempt0.csv,3,3,False,,,6,trial_number,3,board_data_3,fixed_B0_sensor_3,245,314,69,harmonized_hand_active_board10,train
5,0,6,2,0,1,3,[3.0],False,B0_trial6_rep2_attempt0.csv,/Users/arthu/Desktop/CTM_Res-Pro/data/reach_to_grasp_dataset/data/participant_5/motion/B0_trial6_rep2_attempt0.csv,3,3,False,,,6,trial_number,3,board_data_3,fixed_B0_sensor_3,248,308,60,harmonized_hand_active_board10,train
5,0,6,3,0,1,3,[3.0],False,B0_trial6_rep3_attempt0.csv,/Users/arthu/Desktop/CTM_Res-Pro/data/reach_to_grasp_dataset/data/participant_5/motion/B0_trial6_rep3_attempt0.csv,3,3,False,,,6,trial_number,3,board_data_3,fixed_B0_sensor_3,237,290,53,harmonized_hand_active_board10,train
5,0,6,4,0,1,3,[3.0],False,B0_trial6_rep4_attempt0.csv,/Users/arthu/Desktop/CTM_Res-Pro/data/reach_to_grasp_dataset/data/participant_5/motion/B0_trial6_rep4_attempt0.csv,3,3,False,,,6,trial_number,3,board_data_3,fixed_B0_sensor_3,236,289,53,harmonized_hand_active_board10,train
5,0,6,5,0,1,3,[3.0],False,B0_trial6_rep5_attempt0.csv,/Users/arthu/Desktop/CTM_Res-Pro/data/reach_to_grasp_dataset/data/participant_5/motion/B0_trial6_rep5_attempt0.csv,3,3,False,,,6,trial_number,3,board_data_3,fixed_B0_sensor_3,234,300,66,harmonized_hand_active_board10,train
5,0,6,6,0,1,3,[3.0],False,B0_trial6_rep6_attempt0.csv,/Users/arthu/Desktop/CTM_Res-Pro/data/reach_to_grasp_dataset/data/participant_5/motion/B0_trial6_rep6_attempt0.csv,3,3,False,,,6,trial_number,3,board_data_3,fixed_B0_sensor_3,240,302,62,harmonized_hand_active_board10,train
5,0,6,7,0,1,3,[3.0],False,B0_trial6_rep7_attempt0.csv,/Users/arthu/Desktop/CTM_Res-Pro/data/reach_to_grasp_dataset/data/participant_5/motion/B0_trial6_rep7_attempt0.csv,3,3,False,,,6,trial_number,3,board_data_3,fixed_B0_sensor_3,248,299,51,harmonized_hand_active_board10,train
5,0,7,0,0,1,3,[3.0],False,B0_trial7_rep0_attempt0.csv,/Users/arthu/Desktop/CTM_Res-Pro/data/reach_to_grasp_dataset/data/participant_5/motion/B0_trial7_rep0_attempt0.csv,3,3,False,,,7,trial_number,3,board_data_3,fixed_B0_sensor_3,249,317,68,harmonized_hand_active_board10,train
5,0,7,1,0,1,3,[3.0],False,B0_trial7_rep1_attempt0.csv,/Users/arthu/Desktop/CTM_Res-Pro/data/reach_to_grasp_dataset/data/participant_5/motion/B0_trial7_rep1_attempt0.csv,3,3,False,,,7,trial_number,3,board_data_3,fixed_B0_sensor_3,245,293,48,harmonized_hand_active_board10,train
5,0,7,2,0,1,3,[3.0],False,B0_trial7_rep2_attempt0.csv,/Users/arthu/Desktop/CTM_Res-Pro/data/reach_to_grasp_dataset/data/participant_5/motion/B0_trial7_rep2_attempt0.csv,3,3,False,,,7,trial_number,3,board_data_3,fixed_B0_sensor_3,246,307,61,harmonized_hand_active_board10,train
5,0,7,3,0,1,3,[3.0],False,B0_trial7_rep3_attempt0.csv,/Users/arthu/Desktop/CTM_Res-Pro/data/reach_to_grasp_dataset/data/participant_5/motion/B0_trial7_rep3_attempt0.csv,3,3,False,,,7,trial_number,3,board_data_3,fixed_B0_sensor_3,255,311,56,harmonized_hand_active_board10,train
5,0,7,4,0,1,3,[3.0],False,B0_trial7_rep4_attempt0.csv,/Users/arthu/Desktop/CTM_Res-Pro/data/reach_to_grasp_dataset/data/participant_5/motion/B0_trial7_rep4_attempt0.csv,3,3,False,,,7,trial_number,3,board_data_3,fixed_B0_sensor_3,245,301,56,harmonized_hand_active_board10,train
5,0,7,5,0,1,3,[3.0],False,B0_trial7_rep5_attempt0.csv,/Users/arthu/Desktop/CTM_Res-Pro/data/reach_to_grasp_dataset/data/participant_5/motion/B0_trial7_rep5_attempt0.csv,3,3,False,,,7,trial_number,3,board_data_3,fixed_B0_sensor_3,240,292,52,harmonized_hand_active_board10,train
5,0,7,6,0,1,3,[3.0],False,B0_trial7_rep6_attempt0.csv,/Users/arthu/Desktop/CTM_Res-Pro/data/reach_to_grasp_dataset/data/participant_5/motion/B0_trial7_rep6_attempt0.csv,3,3,False,,,7,trial_number,3,board_data_3,fixed_B0_sensor_3,253,310,57,harmonized_hand_active_board10,train
5,0,7,7,0,1,3,[3.0],False,B0_trial7_rep7_attempt0.csv,/Users/arthu/Desktop/CTM_Res-Pro/data/reach_to_grasp_dataset/data/participant_5/motion/B0_trial7_rep7_attempt0.csv,3,3,False,,,7,trial_number,3,board_data_3,fixed_B0_sensor_3,251,304,53,harmonized_hand_active_board10,train
5,1,0,0,0,1,0,"[3.0, 0.0]",True,B1_trial0_rep0_attempt0.csv,/Users/arthu/Desktop/CTM_Res-Pro/data/reach_to_grasp_dataset/data/participant_5/motion/B1_trial0_rep0_attempt0.csv,0,0,True,1.0,B1_trial0_rep1_attempt0.csv,0,target_object_corrected,0,board_data_0,trial_number,218,283,65,harmonized_hand_active_board10,test
5,1,0,1,0,1,0,[0.0],False,B1_trial0_rep1_attempt0.csv,/Users/arthu/Desktop/CTM_Res-Pro/data/reach_to_grasp_dataset/data/participant_5/motion/B1_trial0_rep1_attempt0.csv,0,0,False,,,0,target_object_corrected,0,board_data_0,trial_number,222,278,56,harmonized_hand_active_board10,test
5,1,0,2,0,1,0,[0.0],False,B1_trial0_rep2_attempt0.csv,/Users/arthu/Desktop/CTM_Res-Pro/data/reach_to_grasp_dataset/data/participant_5/motion/B1_trial0_rep2_attempt0.csv,0,0,False,,,0,target_object_corrected,0,board_data_0,trial_number,234,294,60,harmonized_hand_active_board10,test
5,1,0,3,0,1,0,[0.0],False,B1_trial0_rep3_attempt0.csv,/Users/arthu/Desktop/CTM_Res-Pro/data/reach_to_grasp_dataset/data/participant_5/motion/B1_trial0_rep3_attempt0.csv,0,0,False,,,0,target_object_corrected,0,board_data_0,trial_number,235,294,59,harmonized_hand_active_board10,test
5,1,1,0,0,1,1,"[0.0, 1.0]",True,B1_trial1_rep0_attempt0.csv,/Users/arthu/Desktop/CTM_Res-Pro/data/reach_to_grasp_dataset/data/participant_5/motion/B1_trial1_rep0_attempt0.csv,1,1,True,1.0,B1_trial1_rep1_attempt0.csv,1,target_object_corrected,1,board_data_1,trial_number,233,300,67,harmonized_hand_active_board10,test
5,1,1,1,0,1,1,[1.0],False,B1_trial1_rep1_attempt0.csv,/Users/arthu/Desktop/CTM_Res-Pro/data/reach_to_grasp_dataset/data/participant_5/motion/B1_trial1_rep1_attempt0.csv,1,1,False,,,1,target_object_corrected,1,board_data_1,trial_number,223,287,64,harmonized_hand_active_board10,test
5,1,1,2,0,1,1,[1.0],False,B1_trial1_rep2_attempt0.csv,/Users/arthu/Desktop/CTM_Res-Pro/data/reach_to_grasp_dataset/data/participant_5/motion/B1_trial1_rep2_attempt0.csv,1,1,False,,,1,target_object_corrected,1,board_data_1,trial_number,215,284,69,harmonized_hand_active_board10,test
5,1,1,3,0,1,1,[1.0],False,B1_trial1_rep3_attempt0.csv,/Users/arthu/Desktop/CTM_Res-Pro/data/reach_to_grasp_dataset/data/participant_5/motion/B1_trial1_rep3_attempt0.csv,1,1,False,,,1,target_object_corrected,1,board_data_1,trial_number,241,307,66,harmonized_hand_active_board10,test
5,1,2,0,0,1,2,"[1.0, 2.0]",True,B1_trial2_rep0_attempt0.csv,/Users/arthu/Desktop/CTM_Res-Pro/data/reach_to_grasp_dataset/data/participant_5/motion/B1_trial2_rep0_attempt0.csv,2,2,True,1.0,B1_trial2_rep1_attempt0.csv,2,target_object_corrected,2,board_data_2,trial_number,238,315,77,harmonized_hand_active_board10,test
5,1,2,1,0,1,2,[2.0],False,B1_trial2_rep1_attempt0.csv,/Users/arthu/Desktop/CTM_Res-Pro/data/reach_to_grasp_dataset/data/participant_5/motion/B1_trial2_rep1_attempt0.csv,2,2,False,,,2,target_object_corrected,2,board_data_2,trial_number,233,299,66,harmonized_hand_active_board10,test
5,1,2,2,0,1,2,[2.0],False,B1_trial2_rep2_attempt0.csv,/Users/arthu/Desktop/CTM_Res-Pro/data/reach_to_grasp_dataset/data/participant_5/motion/B1_trial2_rep2_attempt0.csv,2,2,False,,,2,target_object_corrected,2,board_data_2,trial_number,236,295,59,harmonized_hand_active_board10,test
5,1,2,3,0,1,2,[2.0],False,B1_trial2_rep3_attempt0.csv,/Users/arthu/Desktop/CTM_Res-Pro/data/reach_to_grasp_dataset/data/participant_5/motion/B1_trial2_rep3_attempt0.csv,2,2,False,,,2,target_object_corrected,2,board_data_2,trial_number,237,294,57,harmonized_hand_active_board10,test
5,1,3,0,0,1,3,"[2.0, 3.0]",True,B1_trial3_rep0_attempt0.csv,/Users/arthu/Desktop/CTM_Res-Pro/data/reach_to_grasp_dataset/data/participant_5/motion/B1_trial3_rep0_attempt0.csv,3,3,True,1.0,B1_trial3_rep1_attempt0.csv,3,target_object_corrected,3,board_data_3,trial_number,237,309,72,harmonized_hand_active_board10,test
5,1,3,1,0,1,3,[3.0],False,B1_trial3_rep1_attempt0.csv,/Users/arthu/Desktop/CTM_Res-Pro/data/reach_to_grasp_dataset/data/participant_5/motion/B1_trial3_rep1_attempt0.csv,3,3,False,,,3,target_object_corrected,3,board_data_3,trial_number,251,301,50,harmonized_hand_active_board10,test
5,1,3,2,0,1,3,[3.0],False,B1_trial3_rep2_attempt0.csv,/Users/arthu/Desktop/CTM_Res-Pro/data/reach_to_grasp_dataset/data/participant_5/motion/B1_trial3_rep2_attempt0.csv,3,3,False,,,3,target_object_corrected,3,board_data_3,trial_number,245,294,49,harmonized_hand_active_board10,test
5,1,3,3,0,1,3,[3.0],False,B1_trial3_rep3_attempt0.csv,/Users/arthu/Desktop/CTM_Res-Pro/data/reach_to_grasp_dataset/data/participant_5/motion/B1_trial3_rep3_attempt0.csv,3,3,False,,,3,target_object_corrected,3,board_data_3,trial_number,252,291,39,harmonized_hand_active_board10,test
5,1,4,0,0,1,4,"[3.0, 4.0]",True,B1_trial4_rep0_attempt0.csv,/Users/arthu/Desktop/CTM_Res-Pro/data/reach_to_grasp_dataset/data/participant_5/motion/B1_trial4_rep0_attempt0.csv,4,4,True,1.0,B1_trial4_rep1_attempt0.csv,4,target_object_corrected,4,board_data_4,trial_number,235,304,69,harmonized_hand_active_board10,test
5,1,4,1,0,1,4,[4.0],False,B1_trial4_rep1_attempt0.csv,/Users/arthu/Desktop/CTM_Res-Pro/data/reach_to_grasp_dataset/data/participant_5/motion/B1_trial4_rep1_attempt0.csv,4,4,False,,,4,target_object_corrected,4,board_data_4,trial_number,221,278,57,harmonized_hand_active_board10,test
5,1,4,2,0,1,4,[4.0],False,B1_trial4_rep2_attempt0.csv,/Users/arthu/Desktop/CTM_Res-Pro/data/reach_to_grasp_dataset/data/participant_5/motion/B1_trial4_rep2_attempt0.csv,4,4,False,,,4,target_object_corrected,4,board_data_4,trial_number,227,284,57,harmonized_hand_active_board10,test
5,1,4,3,0,1,4,[4.0],False,B1_trial4_rep3_attempt0.csv,/Users/arthu/Desktop/CTM_Res-Pro/data/reach_to_grasp_dataset/data/participant_5/motion/B1_trial4_rep3_attempt0.csv,4,4,False,,,4,target_object_corrected,4,board_data_4,trial_number,230,284,54,harmonized_hand_active_board10,test
5,1,5,0,0,1,5,"[4.0, 5.0]",True,B1_trial5_rep0_attempt0.csv,/Users/arthu/Desktop/CTM_Res-Pro/data/reach_to_grasp_dataset/data/participant_5/motion/B1_trial5_rep0_attempt0.csv,5,5,True,1.0,B1_trial5_rep1_attempt0.csv,5,target_object_corrected,5,board_data_5,trial_number,221,294,73,harmonized_hand_active_board10,test
5,1,5,1,0,1,5,[5.0],False,B1_trial5_rep1_attempt0.csv,/Users/arthu/Desktop/CTM_Res-Pro/data/reach_to_grasp_dataset/data/participant_5/motion/B1_trial5_rep1_attempt0.csv,5,5,False,,,5,target_object_corrected,5,board_data_5,trial_number,222,299,77,harmonized_hand_active_board10,test
5,1,5,2,0,1,5,[5.0],False,B1_trial5_rep2_attempt0.csv,/Users/arthu/Desktop/CTM_Res-Pro/data/reach_to_grasp_dataset/data/participant_5/motion/B1_trial5_rep2_attempt0.csv,5,5,False,,,5,target_object_corrected,5,board_data_5,trial_number,224,294,70,harmonized_hand_active_board10,test
5,1,5,3,0,1,5,[5.0],False,B1_trial5_rep3_attempt0.csv,/Users/arthu/Desktop/CTM_Res-Pro/data/reach_to_grasp_dataset/data/participant_5/motion/B1_trial5_rep3_attempt0.csv,5,5,False,,,5,target_object_corrected,5,board_data_5,trial_number,225,290,65,harmonized_hand_active_board10,test
5,1,6,0,0,1,6,"[5.0, 6.0]",True,B1_trial6_rep0_attempt0.csv,/Users/arthu/Desktop/CTM_Res-Pro/data/reach_to_grasp_dataset/data/participant_5/motion/B1_trial6_rep0_attempt0.csv,6,6,True,1.0,B1_trial6_rep1_attempt0.csv,6,target_object_corrected,6,board_data_6,trial_number,220,319,99,harmonized_hand_active_board10,test
5,1,6,1,0,1,6,[6.0],False,B1_trial6_rep1_attempt0.csv,/Users/arthu/Desktop/CTM_Res-Pro/data/reach_to_grasp_dataset/data/participant_5/motion/B1_trial6_rep1_attempt0.csv,6,6,False,,,6,target_object_corrected,6,board_data_6,trial_number,220,293,73,harmonized_hand_active_board10,test
5,1,6,2,0,1,6,[6.0],False,B1_trial6_rep2_attempt0.csv,/Users/arthu/Desktop/CTM_Res-Pro/data/reach_to_grasp_dataset/data/participant_5/motion/B1_trial6_rep2_attempt0.csv,6,6,False,,,6,target_object_corrected,6,board_data_6,trial_number,226,320,94,harmonized_hand_active_board10,test
5,1,6,3,0,1,6,[6.0],False,B1_trial6_rep3_attempt0.csv,/Users/arthu/Desktop/CTM_Res-Pro/data/reach_to_grasp_dataset/data/participant_5/motion/B1_trial6_rep3_attempt0.csv,6,6,False,,,6,target_object_corrected,6,board_data_6,trial_number,223,308,85,harmonized_hand_active_board10,test
5,1,7,0,0,1,7,"[6.0, 7.0]",True,B1_trial7_rep0_attempt0.csv,/Users/arthu/Desktop/CTM_Res-Pro/data/reach_to_grasp_dataset/data/participant_5/motion/B1_trial7_rep0_attempt0.csv,7,7,True,1.0,B1_trial7_rep1_attempt0.csv,7,target_object_corrected,7,board_data_7,trial_number,227,302,75,harmonized_hand_active_board10,test
5,1,7,1,0,1,7,[7.0],False,B1_trial7_rep1_attempt0.csv,/Users/arthu/Desktop/CTM_Res-Pro/data/reach_to_grasp_dataset/data/participant_5/motion/B1_trial7_rep1_attempt0.csv,7,7,False,,,7,target_object_corrected,7,board_data_7,trial_number,235,325,90,harmonized_hand_active_board10,test
5,1,7,2,0,1,7,[7.0],False,B1_trial7_rep2_attempt0.csv,/Users/arthu/Desktop/CTM_Res-Pro/data/reach_to_grasp_dataset/data/participant_5/motion/B1_trial7_rep2_attempt0.csv,7,7,False,,,7,target_object_corrected,7,board_data_7,trial_number,230,297,67,harmonized_hand_active_board10,test
5,1,7,3,0,1,7,[7.0],False,B1_trial7_rep3_attempt0.csv,/Users/arthu/Desktop/CTM_Res-Pro/data/reach_to_grasp_dataset/data/participant_5/motion/B1_trial7_rep3_attempt0.csv,7,7,False,,,7,target_object_corrected,7,board_data_7,trial_number,229,306,77,harmonized_hand_active_board10,test
5,2,0,0,0,1,7,[7.0],False,B2_trial0_rep0_attempt0.csv,/Users/arthu/Desktop/CTM_Res-Pro/data/reach_to_grasp_dataset/data/participant_5/motion/B2_trial0_rep0_attempt0.csv,7,7,True,1.0,B2_trial0_rep1_attempt0.csv,7,target_object_corrected,0,board_data_0,trial_number,222,294,72,harmonized_hand_active_board10,test
5,2,0,1,0,1,7,[7.0],False,B2_trial0_rep1_attempt0.csv,/Users/arthu/Desktop/CTM_Res-Pro/data/reach_to_grasp_dataset/data/participant_5/motion/B2_trial0_rep1_attempt0.csv,7,7,False,,,7,target_object_corrected,0,board_data_0,trial_number,229,305,76,harmonized_hand_active_board10,test
5,2,0,2,0,1,7,[7.0],False,B2_trial0_rep2_attempt0.csv,/Users/arthu/Desktop/CTM_Res-Pro/data/reach_to_grasp_dataset/data/participant_5/motion/B2_trial0_rep2_attempt0.csv,7,7,False,,,7,target_object_corrected,0,board_data_0,trial_number,234,297,63,harmonized_hand_active_board10,test
5,2,0,3,0,1,7,[7.0],False,B2_trial0_rep3_attempt0.csv,/Users/arthu/Desktop/CTM_Res-Pro/data/reach_to_grasp_dataset/data/participant_5/motion/B2_trial0_rep3_attempt0.csv,7,7,False,,,7,target_object_corrected,0,board_data_0,trial_number,233,277,44,harmonized_hand_active_board10,test
5,2,1,0,0,1,6,"[0.0, 6.0]",True,B2_trial1_rep0_attempt0.csv,/Users/arthu/Desktop/CTM_Res-Pro/data/reach_to_grasp_dataset/data/participant_5/motion/B2_trial1_rep0_attempt0.csv,6,6,True,1.0,B2_trial1_rep1_attempt0.csv,6,target_object_corrected,1,board_data_1,trial_number,225,306,81,harmonized_hand_active_board10,test
5,2,1,1,0,1,6,[6.0],False,B2_trial1_rep1_attempt0.csv,/Users/arthu/Desktop/CTM_Res-Pro/data/reach_to_grasp_dataset/data/participant_5/motion/B2_trial1_rep1_attempt0.csv,6,6,False,,,6,target_object_corrected,1,board_data_1,trial_number,270,343,73,harmonized_hand_active_board10,test
5,2,1,2,0,1,6,[6.0],False,B2_trial1_rep2_attempt0.csv,/Users/arthu/Desktop/CTM_Res-Pro/data/reach_to_grasp_dataset/data/participant_5/motion/B2_trial1_rep2_attempt0.csv,6,6,False,,,6,target_object_corrected,1,board_data_1,trial_number,221,308,87,harmonized_hand_active_board10,test
5,2,1,3,0,1,6,[6.0],False,B2_trial1_rep3_attempt0.csv,/Users/arthu/Desktop/CTM_Res-Pro/data/reach_to_grasp_dataset/data/participant_5/motion/B2_trial1_rep3_attempt0.csv,6,6,False,,,6,target_object_corrected,1,board_data_1,trial_number,230,301,71,harmonized_hand_active_board10,test
5,2,2,0,0,1,5,"[1.0, 5.0]",True,B2_trial2_rep0_attempt0.csv,/Users/arthu/Desktop/CTM_Res-Pro/data/reach_to_grasp_dataset/data/participant_5/motion/B2_trial2_rep0_attempt0.csv,5,5,True,1.0,B2_trial2_rep1_attempt0.csv,5,target_object_corrected,2,board_data_2,trial_number,227,303,76,harmonized_hand_active_board10,test
5,2,2,1,0,1,5,[5.0],False,B2_trial2_rep1_attempt0.csv,/Users/arthu/Desktop/CTM_Res-Pro/data/reach_to_grasp_dataset/data/participant_5/motion/B2_trial2_rep1_attempt0.csv,5,5,False,,,5,target_object_corrected,2,board_data_2,trial_number,237,302,65,harmonized_hand_active_board10,test
5,2,2,2,0,1,5,[5.0],False,B2_trial2_rep2_attempt0.csv,/Users/arthu/Desktop/CTM_Res-Pro/data/reach_to_grasp_dataset/data/participant_5/motion/B2_trial2_rep2_attempt0.csv,5,5,False,,,5,target_object_corrected,2,board_data_2,trial_number,235,306,71,harmonized_hand_active_board10,test
5,2,2,3,0,1,5,[5.0],False,B2_trial2_rep3_attempt0.csv,/Users/arthu/Desktop/CTM_Res-Pro/data/reach_to_grasp_dataset/data/participant_5/motion/B2_trial2_rep3_attempt0.csv,5,5,False,,,5,target_object_corrected,2,board_data_2,trial_number,229,294,65,harmonized_hand_active_board10,test
5,2,3,0,0,1,4,"[2.0, 4.0]",True,B2_trial3_rep0_attempt0.csv,/Users/arthu/Desktop/CTM_Res-Pro/data/reach_to_grasp_dataset/data/participant_5/motion/B2_trial3_rep0_attempt0.csv,4,4,True,1.0,B2_trial3_rep1_attempt0.csv,4,target_object_corrected,3,board_data_3,trial_number,237,276,39,harmonized_hand_active_board10,test
5,2,3,1,0,1,4,[4.0],False,B2_trial3_rep1_attempt0.csv,/Users/arthu/Desktop/CTM_Res-Pro/data/reach_to_grasp_dataset/data/participant_5/motion/B2_trial3_rep1_attempt0.csv,4,4,False,,,4,target_object_corrected,3,board_data_3,trial_number,246,278,32,harmonized_hand_active_board10,test
5,2,3,2,0,1,4,[4.0],False,B2_trial3_rep2_attempt0.csv,/Users/arthu/Desktop/CTM_Res-Pro/data/reach_to_grasp_dataset/data/participant_5/motion/B2_trial3_rep2_attempt0.csv,4,4,False,,,4,target_object_corrected,3,board_data_3,trial_number,240,280,40,harmonized_hand_active_board10,test
5,2,3,3,0,1,4,[4.0],False,B2_trial3_rep3_attempt0.csv,/Users/arthu/Desktop/CTM_Res-Pro/data/reach_to_grasp_dataset/data/participant_5/motion/B2_trial3_rep3_attempt0.csv,4,4,False,,,4,target_object_corrected,3,board_data_3,trial_number,255,274,19,harmonized_hand_active_board10,test
5,2,4,0,0,1,3,[3.0],False,B2_trial4_rep0_attempt0.csv,/Users/arthu/Desktop/CTM_Res-Pro/data/reach_to_grasp_dataset/data/participant_5/motion/B2_trial4_rep0_attempt0.csv,3,3,True,1.0,B2_trial4_rep1_attempt0.csv,3,target_object_corrected,4,board_data_4,trial_number,222,301,79,harmonized_hand_active_board10,test
5,2,4,1,0,1,3,[3.0],False,B2_trial4_rep1_attempt0.csv,/Users/arthu/Desktop/CTM_Res-Pro/data/reach_to_grasp_dataset/data/participant_5/motion/B2_trial4_rep1_attempt0.csv,3,3,False,,,3,target_object_corrected,4,board_data_4,trial_number,217,290,73,harmonized_hand_active_board10,test
5,2,4,2,0,1,3,[3.0],False,B2_trial4_rep2_attempt0.csv,/Users/arthu/Desktop/CTM_Res-Pro/data/reach_to_grasp_dataset/data/participant_5/motion/B2_trial4_rep2_attempt0.csv,3,3,False,,,3,target_object_corrected,4,board_data_4,trial_number,225,296,71,harmonized_hand_active_board10,test
5,2,4,3,0,1,3,[3.0],False,B2_trial4_rep3_attempt0.csv,/Users/arthu/Desktop/CTM_Res-Pro/data/reach_to_grasp_dataset/data/participant_5/motion/B2_trial4_rep3_attempt0.csv,3,3,False,,,3,target_object_corrected,4,board_data_4,trial_number,206,278,72,harmonized_hand_active_board10,test
5,2,5,0,0,1,2,"[4.0, 2.0]",True,B2_trial5_rep0_attempt0.csv,/Users/arthu/Desktop/CTM_Res-Pro/data/reach_to_grasp_dataset/data/participant_5/motion/B2_trial5_rep0_attempt0.csv,2,2,True,1.0,B2_trial5_rep1_attempt0.csv,2,target_object_corrected,5,board_data_5,trial_number,227,299,72,harmonized_hand_active_board10,test
5,2,5,1,0,1,2,[2.0],False,B2_trial5_rep1_attempt0.csv,/Users/arthu/Desktop/CTM_Res-Pro/data/reach_to_grasp_dataset/data/participant_5/motion/B2_trial5_rep1_attempt0.csv,2,2,False,,,2,target_object_corrected,5,board_data_5,trial_number,218,290,72,harmonized_hand_active_board10,test
5,2,5,2,0,1,2,[2.0],False,B2_trial5_rep2_attempt0.csv,/Users/arthu/Desktop/CTM_Res-Pro/data/reach_to_grasp_dataset/data/participant_5/motion/B2_trial5_rep2_attempt0.csv,2,2,False,,,2,target_object_corrected,5,board_data_5,trial_number,214,293,79,harmonized_hand_active_board10,test
5,2,5,3,0,1,2,[2.0],False,B2_trial5_rep3_attempt0.csv,/Users/arthu/Desktop/CTM_Res-Pro/data/reach_to_grasp_dataset/data/participant_5/motion/B2_trial5_rep3_attempt0.csv,2,2,False,,,2,target_object_corrected,5,board_data_5,trial_number,213,289,76,harmonized_hand_active_board10,test
5,2,6,0,0,1,1,"[5.0, 1.0]",True,B2_trial6_rep0_attempt0.csv,/Users/arthu/Desktop/CTM_Res-Pro/data/reach_to_grasp_dataset/data/participant_5/motion/B2_trial6_rep0_attempt0.csv,1,1,True,1.0,B2_trial6_rep1_attempt0.csv,1,target_object_corrected,6,board_data_6,trial_number,225,290,65,harmonized_hand_active_board10,test
5,2,6,1,0,1,1,[1.0],False,B2_trial6_rep1_attempt0.csv,/Users/arthu/Desktop/CTM_Res-Pro/data/reach_to_grasp_dataset/data/participant_5/motion/B2_trial6_rep1_attempt0.csv,1,1,False,,,1,target_object_corrected,6,board_data_6,trial_number,214,285,71,harmonized_hand_active_board10,test
5,2,6,2,0,1,1,[1.0],False,B2_trial6_rep2_attempt0.csv,/Users/arthu/Desktop/CTM_Res-Pro/data/reach_to_grasp_dataset/data/participant_5/motion/B2_trial6_rep2_attempt0.csv,1,1,False,,,1,target_object_corrected,6,board_data_6,trial_number,223,295,72,harmonized_hand_active_board10,test
5,2,6,3,0,1,1,[1.0],False,B2_trial6_rep3_attempt0.csv,/Users/arthu/Desktop/CTM_Res-Pro/data/reach_to_grasp_dataset/data/participant_5/motion/B2_trial6_rep3_attempt0.csv,1,1,False,,,1,target_object_corrected,6,board_data_6,trial_number,215,285,70,harmonized_hand_active_board10,test
5,2,7,0,0,1,0,"[6.0, 0.0]",True,B2_trial7_rep0_attempt0.csv,/Users/arthu/Desktop/CTM_Res-Pro/data/reach_to_grasp_dataset/data/participant_5/motion/B2_trial7_rep0_attempt0.csv,0,0,True,1.0,B2_trial7_rep1_attempt0.csv,0,target_object_corrected,7,board_data_7,trial_number,230,304,74,harmonized_hand_active_board10,test
5,2,7,1,0,1,0,[0.0],False,B2_trial7_rep1_attempt0.csv,/Users/arthu/Desktop/CTM_Res-Pro/data/reach_to_grasp_dataset/data/participant_5/motion/B2_trial7_rep1_attempt0.csv,0,0,False,,,0,target_object_corrected,7,board_data_7,trial_number,228,306,78,harmonized_hand_active_board10,test
5,2,7,2,0,1,0,[0.0],False,B2_trial7_rep2_attempt0.csv,/Users/arthu/Desktop/CTM_Res-Pro/data/reach_to_grasp_dataset/data/participant_5/motion/B2_trial7_rep2_attempt0.csv,0,0,False,,,0,target_object_corrected,7,board_data_7,trial_number,227,305,78,harmonized_hand_active_board10,test
5,2,7,3,0,1,0,[0.0],False,B2_trial7_rep3_attempt0.csv,/Users/arthu/Desktop/CTM_Res-Pro/data/reach_to_grasp_dataset/data/participant_5/motion/B2_trial7_rep3_attempt0.csv,0,0,False,,,0,target_object_corrected,7,board_data_7,trial_number,229,304,75,harmonized_hand_active_board10,test
5,3,0,0,0,1,3,"[7.0, 3.0]",True,B3_trial0_rep0_attempt0.csv,/Users/arthu/Desktop/CTM_Res-Pro/data/reach_to_grasp_dataset/data/participant_5/motion/B3_trial0_rep0_attempt0.csv,3,3,True,1.0,B3_trial0_rep1_attempt0.csv,3,target_object_corrected,0,board_data_0,trial_number,241,307,66,harmonized_hand_active_board10,test
5,3,0,1,0,1,3,[3.0],False,B3_trial0_rep1_attempt0.csv,/Users/arthu/Desktop/CTM_Res-Pro/data/reach_to_grasp_dataset/data/participant_5/motion/B3_trial0_rep1_attempt0.csv,3,3,False,,,3,target_object_corrected,0,board_data_0,trial_number,227,303,76,harmonized_hand_active_board10,test
5,3,0,2,0,1,3,[3.0],False,B3_trial0_rep2_attempt0.csv,/Users/arthu/Desktop/CTM_Res-Pro/data/reach_to_grasp_dataset/data/participant_5/motion/B3_trial0_rep2_attempt0.csv,3,3,False,,,3,target_object_corrected,0,board_data_0,trial_number,233,302,69,harmonized_hand_active_board10,test
5,3,0,3,0,1,3,[3.0],False,B3_trial0_rep3_attempt0.csv,/Users/arthu/Desktop/CTM_Res-Pro/data/reach_to_grasp_dataset/data/participant_5/motion/B3_trial0_rep3_attempt0.csv,3,3,False,,,3,target_object_corrected,0,board_data_0,trial_number,232,303,71,harmonized_hand_active_board10,test
5,3,1,0,0,1,2,"[0.0, 2.0]",True,B3_trial1_rep0_attempt0.csv,/Users/arthu/Desktop/CTM_Res-Pro/data/reach_to_grasp_dataset/data/participant_5/motion/B3_trial1_rep0_attempt0.csv,2,2,True,1.0,B3_trial1_rep1_attempt0.csv,2,target_object_corrected,1,board_data_1,trial_number,240,325,85,harmonized_hand_active_board10,test
5,3,1,1,0,1,2,[2.0],False,B3_trial1_rep1_attempt0.csv,/Users/arthu/Desktop/CTM_Res-Pro/data/reach_to_grasp_dataset/data/participant_5/motion/B3_trial1_rep1_attempt0.csv,2,2,False,,,2,target_object_corrected,1,board_data_1,trial_number,225,296,71,harmonized_hand_active_board10,test
5,3,1,2,0,1,2,[2.0],False,B3_trial1_rep2_attempt0.csv,/Users/arthu/Desktop/CTM_Res-Pro/data/reach_to_grasp_dataset/data/participant_5/motion/B3_trial1_rep2_attempt0.csv,2,2,False,,,2,target_object_corrected,1,board_data_1,trial_number,230,297,67,harmonized_hand_active_board10,test
5,3,1,3,0,1,2,[2.0],False,B3_trial1_rep3_attempt0.csv,/Users/arthu/Desktop/CTM_Res-Pro/data/reach_to_grasp_dataset/data/participant_5/motion/B3_trial1_rep3_attempt0.csv,2,2,False,,,2,target_object_corrected,1,board_data_1,trial_number,230,292,62,harmonized_hand_active_board10,test
5,3,2,0,0,1,1,[1.0],False,B3_trial2_rep0_attempt0.csv,/Users/arthu/Desktop/CTM_Res-Pro/data/reach_to_grasp_dataset/data/participant_5/motion/B3_trial2_rep0_attempt0.csv,1,1,True,1.0,B3_trial2_rep1_attempt0.csv,1,target_object_corrected,2,board_data_2,trial_number,234,305,71,harmonized_hand_active_board10,test
5,3,2,1,0,1,1,[1.0],False,B3_trial2_rep1_attempt0.csv,/Users/arthu/Desktop/CTM_Res-Pro/data/reach_to_grasp_dataset/data/participant_5/motion/B3_trial2_rep1_attempt0.csv,1,1,False,,,1,target_object_corrected,2,board_data_2,trial_number,248,318,70,harmonized_hand_active_board10,test
5,3,2,2,0,1,1,[1.0],False,B3_trial2_rep2_attempt0.csv,/Users/arthu/Desktop/CTM_Res-Pro/data/reach_to_grasp_dataset/data/participant_5/motion/B3_trial2_rep2_attempt0.csv,1,1,False,,,1,target_object_corrected,2,board_data_2,trial_number,231,285,54,harmonized_hand_active_board10,test
5,3,2,3,0,1,1,[1.0],False,B3_trial2_rep3_attempt0.csv,/Users/arthu/Desktop/CTM_Res-Pro/data/reach_to_grasp_dataset/data/participant_5/motion/B3_trial2_rep3_attempt0.csv,1,1,False,,,1,target_object_corrected,2,board_data_2,trial_number,236,295,59,harmonized_hand_active_board10,test
5,3,3,0,0,1,0,"[2.0, 0.0]",True,B3_trial3_rep0_attempt0.csv,/Users/arthu/Desktop/CTM_Res-Pro/data/reach_to_grasp_dataset/data/participant_5/motion/B3_trial3_rep0_attempt0.csv,0,0,True,1.0,B3_trial3_rep1_attempt0.csv,0,target_object_corrected,3,board_data_3,trial_number,279,320,41,harmonized_hand_active_board10,test
5,3,3,1,0,1,0,[0.0],False,B3_trial3_rep1_attempt0.csv,/Users/arthu/Desktop/CTM_Res-Pro/data/reach_to_grasp_dataset/data/participant_5/motion/B3_trial3_rep1_attempt0.csv,0,0,False,,,0,target_object_corrected,3,board_data_3,trial_number,238,294,56,harmonized_hand_active_board10,test
5,3,3,2,0,1,0,[0.0],False,B3_trial3_rep2_attempt0.csv,/Users/arthu/Desktop/CTM_Res-Pro/data/reach_to_grasp_dataset/data/participant_5/motion/B3_trial3_rep2_attempt0.csv,0,0,False,,,0,target_object_corrected,3,board_data_3,trial_number,249,295,46,harmonized_hand_active_board10,test
5,3,3,3,0,1,0,[0.0],False,B3_trial3_rep3_attempt0.csv,/Users/arthu/Desktop/CTM_Res-Pro/data/reach_to_grasp_dataset/data/participant_5/motion/B3_trial3_rep3_attempt0.csv,0,0,False,,,0,target_object_corrected,3,board_data_3,trial_number,245,286,41,harmonized_hand_active_board10,test
5,3,4,0,0,1,7,"[3.0, 7.0]",True,B3_trial4_rep0_attempt0.csv,/Users/arthu/Desktop/CTM_Res-Pro/data/reach_to_grasp_dataset/data/participant_5/motion/B3_trial4_rep0_attempt0.csv,7,7,True,1.0,B3_trial4_rep1_attempt0.csv,7,target_object_corrected,4,board_data_4,trial_number,221,296,75,harmonized_hand_active_board10,test
5,3,4,1,0,1,7,[7.0],False,B3_trial4_rep1_attempt0.csv,/Users/arthu/Desktop/CTM_Res-Pro/data/reach_to_grasp_dataset/data/participant_5/motion/B3_trial4_rep1_attempt0.csv,7,7,False,,,7,target_object_corrected,4,board_data_4,trial_number,219,306,87,harmonized_hand_active_board10,test
5,3,4,2,0,1,7,[7.0],False,B3_trial4_rep2_attempt0.csv,/Users/arthu/Desktop/CTM_Res-Pro/data/reach_to_grasp_dataset/data/participant_5/motion/B3_trial4_rep2_attempt0.csv,7,7,False,,,7,target_object_corrected,4,board_data_4,trial_number,218,298,80,harmonized_hand_active_board10,test
5,3,4,3,0,1,7,[7.0],False,B3_trial4_rep3_attempt0.csv,/Users/arthu/Desktop/CTM_Res-Pro/data/reach_to_grasp_dataset/data/participant_5/motion/B3_trial4_rep3_attempt0.csv,7,7,False,,,7,target_object_corrected,4,board_data_4,trial_number,215,287,72,harmonized_hand_active_board10,test
5,3,5,0,0,1,6,"[4.0, 6.0]",True,B3_trial5_rep0_attempt0.csv,/Users/arthu/Desktop/CTM_Res-Pro/data/reach_to_grasp_dataset/data/participant_5/motion/B3_trial5_rep0_attempt0.csv,6,6,True,1.0,B3_trial5_rep1_attempt0.csv,6,target_object_corrected,5,board_data_5,trial_number,220,307,87,harmonized_hand_active_board10,test
5,3,5,1,0,1,6,[6.0],False,B3_trial5_rep1_attempt0.csv,/Users/arthu/Desktop/CTM_Res-Pro/data/reach_to_grasp_dataset/data/participant_5/motion/B3_trial5_rep1_attempt0.csv,6,6,False,,,6,target_object_corrected,5,board_data_5,trial_number,208,282,74,harmonized_hand_active_board10,test
5,3,5,2,0,1,6,[6.0],False,B3_trial5_rep2_attempt0.csv,/Users/arthu/Desktop/CTM_Res-Pro/data/reach_to_grasp_dataset/data/participant_5/motion/B3_trial5_rep2_attempt0.csv,6,6,False,,,6,target_object_corrected,5,board_data_5,trial_number,222,295,73,harmonized_hand_active_board10,test
5,3,5,3,0,1,6,[6.0],False,B3_trial5_rep3_attempt0.csv,/Users/arthu/Desktop/CTM_Res-Pro/data/reach_to_grasp_dataset/data/participant_5/motion/B3_trial5_rep3_attempt0.csv,6,6,False,,,6,target_object_corrected,5,board_data_5,trial_number,220,299,79,harmonized_hand_active_board10,test
5,3,6,0,0,1,5,[5.0],False,B3_trial6_rep0_attempt0.csv,/Users/arthu/Desktop/CTM_Res-Pro/data/reach_to_grasp_dataset/data/participant_5/motion/B3_trial6_rep0_attempt0.csv,5,5,True,1.0,B3_trial6_rep1_attempt0.csv,5,target_object_corrected,6,board_data_6,trial_number,238,303,65,harmonized_hand_active_board10,test
5,3,6,1,0,1,5,[5.0],False,B3_trial6_rep1_attempt0.csv,/Users/arthu/Desktop/CTM_Res-Pro/data/reach_to_grasp_dataset/data/participant_5/motion/B3_trial6_rep1_attempt0.csv,5,5,False,,,5,target_object_corrected,6,board_data_6,trial_number,220,301,81,harmonized_hand_active_board10,test
5,3,6,2,0,1,5,[5.0],False,B3_trial6_rep2_attempt0.csv,/Users/arthu/Desktop/CTM_Res-Pro/data/reach_to_grasp_dataset/data/participant_5/motion/B3_trial6_rep2_attempt0.csv,5,5,False,,,5,target_object_corrected,6,board_data_6,trial_number,217,304,87,harmonized_hand_active_board10,test
5,3,6,3,0,1,5,[5.0],False,B3_trial6_rep3_attempt0.csv,/Users/arthu/Desktop/CTM_Res-Pro/data/reach_to_grasp_dataset/data/participant_5/motion/B3_trial6_rep3_attempt0.csv,5,5,False,,,5,target_object_corrected,6,board_data_6,trial_number,226,305,79,harmonized_hand_active_board10,test
5,3,7,0,0,1,4,"[6.0, 4.0]",True,B3_trial7_rep0_attempt0.csv,/Users/arthu/Desktop/CTM_Res-Pro/data/reach_to_grasp_dataset/data/participant_5/motion/B3_trial7_rep0_attempt0.csv,4,4,True,1.0,B3_trial7_rep1_attempt0.csv,4,target_object_corrected,7,board_data_7,trial_number,227,300,73,harmonized_hand_active_board10,test
5,3,7,1,0,1,4,[4.0],False,B3_trial7_rep1_attempt0.csv,/Users/arthu/Desktop/CTM_Res-Pro/data/reach_to_grasp_dataset/data/participant_5/motion/B3_trial7_rep1_attempt0.csv,4,4,False,,,4,target_object_corrected,7,board_data_7,trial_number,222,282,60,harmonized_hand_active_board10,test
5,3,7,2,0,1,4,[4.0],False,B3_trial7_rep2_attempt0.csv,/Users/arthu/Desktop/CTM_Res-Pro/data/reach_to_grasp_dataset/data/participant_5/motion/B3_trial7_rep2_attempt0.csv,4,4,False,,,4,target_object_corrected,7,board_data_7,trial_number,211,279,68,harmonized_hand_active_board10,test
5,3,7,3,0,1,4,[4.0],False,B3_trial7_rep3_attempt0.csv,/Users/arthu/Desktop/CTM_Res-Pro/data/reach_to_grasp_dataset/data/participant_5/motion/B3_trial7_rep3_attempt0.csv,4,4,False,,,4,target_object_corrected,7,board_data_7,trial_number,228,288,60,harmonized_hand_active_board10,test
5,4,0,0,0,1,4,"[7.0, 4.0]",True,B4_trial0_rep0_attempt0.csv,/Users/arthu/Desktop/CTM_Res-Pro/data/reach_to_grasp_dataset/data/participant_5/motion/B4_trial0_rep0_attempt0.csv,4,4,True,1.0,B4_trial0_rep1_attempt0.csv,4,target_object_corrected,0,board_data_0,trial_number,233,295,62,harmonized_hand_active_board10,test
5,4,0,1,0,1,4,[4.0],False,B4_trial0_rep1_attempt0.csv,/Users/arthu/Desktop/CTM_Res-Pro/data/reach_to_grasp_dataset/data/participant_5/motion/B4_trial0_rep1_attempt0.csv,4,4,False,,,4,target_object_corrected,0,board_data_0,trial_number,231,287,56,harmonized_hand_active_board10,test
5,4,0,2,0,1,4,[4.0],False,B4_trial0_rep2_attempt0.csv,/Users/arthu/Desktop/CTM_Res-Pro/data/reach_to_grasp_dataset/data/participant_5/motion/B4_trial0_rep2_attempt0.csv,4,4,False,,,4,target_object_corrected,0,board_data_0,trial_number,234,289,55,harmonized_hand_active_board10,test
5,4,0,3,0,1,4,[4.0],False,B4_trial0_rep3_attempt0.csv,/Users/arthu/Desktop/CTM_Res-Pro/data/reach_to_grasp_dataset/data/participant_5/motion/B4_trial0_rep3_attempt0.csv,4,4,False,,,4,target_object_corrected,0,board_data_0,trial_number,219,277,58,harmonized_hand_active_board10,test
5,4,1,0,0,1,5,"[0.0, 5.0]",True,B4_trial1_rep0_attempt0.csv,/Users/arthu/Desktop/CTM_Res-Pro/data/reach_to_grasp_dataset/data/participant_5/motion/B4_trial1_rep0_attempt0.csv,5,5,True,1.0,B4_trial1_rep1_attempt0.csv,5,target_object_corrected,1,board_data_1,trial_number,221,293,72,harmonized_hand_active_board10,test
5,4,1,1,0,1,5,[5.0],False,B4_trial1_rep1_attempt0.csv,/Users/arthu/Desktop/CTM_Res-Pro/data/reach_to_grasp_dataset/data/participant_5/motion/B4_trial1_rep1_attempt0.csv,5,5,False,,,5,target_object_corrected,1,board_data_1,trial_number,229,289,60,harmonized_hand_active_board10,test
5,4,1,2,0,1,5,[5.0],False,B4_trial1_rep2_attempt0.csv,/Users/arthu/Desktop/CTM_Res-Pro/data/reach_to_grasp_dataset/data/participant_5/motion/B4_trial1_rep2_attempt0.csv,5,5,False,,,5,target_object_corrected,1,board_data_1,trial_number,220,287,67,harmonized_hand_active_board10,test
5,4,1,3,0,1,5,[5.0],False,B4_trial1_rep3_attempt0.csv,/Users/arthu/Desktop/CTM_Res-Pro/data/reach_to_grasp_dataset/data/participant_5/motion/B4_trial1_rep3_attempt0.csv,5,5,False,,,5,target_object_corrected,1,board_data_1,trial_number,240,306,66,harmonized_hand_active_board10,test
5,4,2,0,0,1,6,"[1.0, 6.0]",True,B4_trial2_rep0_attempt0.csv,/Users/arthu/Desktop/CTM_Res-Pro/data/reach_to_grasp_dataset/data/participant_5/motion/B4_trial2_rep0_attempt0.csv,6,6,True,1.0,B4_trial2_rep1_attempt0.csv,6,target_object_corrected,2,board_data_2,trial_number,230,318,88,harmonized_hand_active_board10,test
5,4,2,1,0,1,6,[6.0],False,B4_trial2_rep1_attempt0.csv,/Users/arthu/Desktop/CTM_Res-Pro/data/reach_to_grasp_dataset/data/participant_5/motion/B4_trial2_rep1_attempt0.csv,6,6,False,,,6,target_object_corrected,2,board_data_2,trial_number,233,297,64,harmonized_hand_active_board10,test
5,4,2,2,0,1,6,[6.0],False,B4_trial2_rep2_attempt0.csv,/Users/arthu/Desktop/CTM_Res-Pro/data/reach_to_grasp_dataset/data/participant_5/motion/B4_trial2_rep2_attempt0.csv,6,6,False,,,6,target_object_corrected,2,board_data_2,trial_number,250,305,55,harmonized_hand_active_board10,test
5,4,2,3,0,1,6,[6.0],False,B4_trial2_rep3_attempt0.csv,/Users/arthu/Desktop/CTM_Res-Pro/data/reach_to_grasp_dataset/data/participant_5/motion/B4_trial2_rep3_attempt0.csv,6,6,False,,,6,target_object_corrected,2,board_data_2,trial_number,229,290,61,harmonized_hand_active_board10,test
5,4,3,0,0,1,7,"[2.0, 7.0]",True,B4_trial3_rep0_attempt0.csv,/Users/arthu/Desktop/CTM_Res-Pro/data/reach_to_grasp_dataset/data/participant_5/motion/B4_trial3_rep0_attempt0.csv,7,7,True,1.0,B4_trial3_rep1_attempt0.csv,7,target_object_corrected,3,board_data_3,trial_number,233,305,72,harmonized_hand_active_board10,test
5,4,3,1,0,1,7,[7.0],False,B4_trial3_rep1_attempt0.csv,/Users/arthu/Desktop/CTM_Res-Pro/data/reach_to_grasp_dataset/data/participant_5/motion/B4_trial3_rep1_attempt0.csv,7,7,False,,,7,target_object_corrected,3,board_data_3,trial_number,233,292,59,harmonized_hand_active_board10,test
5,4,3,2,0,1,7,[7.0],False,B4_trial3_rep2_attempt0.csv,/Users/arthu/Desktop/CTM_Res-Pro/data/reach_to_grasp_dataset/data/participant_5/motion/B4_trial3_rep2_attempt0.csv,7,7,False,,,7,target_object_corrected,3,board_data_3,trial_number,226,284,58,harmonized_hand_active_board10,test
5,4,3,3,0,1,7,[7.0],False,B4_trial3_rep3_attempt0.csv,/Users/arthu/Desktop/CTM_Res-Pro/data/reach_to_grasp_dataset/data/participant_5/motion/B4_trial3_rep3_attempt0.csv,7,7,False,,,7,target_object_corrected,3,board_data_3,trial_number,243,286,43,harmonized_hand_active_board10,test
5,4,4,0,0,1,0,"[3.0, 0.0]",True,B4_trial4_rep0_attempt0.csv,/Users/arthu/Desktop/CTM_Res-Pro/data/reach_to_grasp_dataset/data/participant_5/motion/B4_trial4_rep0_attempt0.csv,0,0,True,1.0,B4_trial4_rep1_attempt0.csv,0,target_object_corrected,4,board_data_4,trial_number,237,307,70,harmonized_hand_active_board10,test
5,4,4,1,0,1,0,[0.0],False,B4_trial4_rep1_attempt0.csv,/Users/arthu/Desktop/CTM_Res-Pro/data/reach_to_grasp_dataset/data/participant_5/motion/B4_trial4_rep1_attempt0.csv,0,0,False,,,0,target_object_corrected,4,board_data_4,trial_number,236,309,73,harmonized_hand_active_board10,test
5,4,4,2,0,1,0,[0.0],False,B4_trial4_rep2_attempt0.csv,/Users/arthu/Desktop/CTM_Res-Pro/data/reach_to_grasp_dataset/data/participant_5/motion/B4_trial4_rep2_attempt0.csv,0,0,False,,,0,target_object_corrected,4,board_data_4,trial_number,218,289,71,harmonized_hand_active_board10,test
5,4,4,3,0,1,0,[0.0],False,B4_trial4_rep3_attempt0.csv,/Users/arthu/Desktop/CTM_Res-Pro/data/reach_to_grasp_dataset/data/participant_5/motion/B4_trial4_rep3_attempt0.csv,0,0,False,,,0,target_object_corrected,4,board_data_4,trial_number,218,300,82,harmonized_hand_active_board10,test
5,4,5,0,0,1,1,"[4.0, 1.0]",True,B4_trial5_rep0_attempt0.csv,/Users/arthu/Desktop/CTM_Res-Pro/data/reach_to_grasp_dataset/data/participant_5/motion/B4_trial5_rep0_attempt0.csv,1,1,True,1.0,B4_trial5_rep1_attempt0.csv,1,target_object_corrected,5,board_data_5,trial_number,221,290,69,harmonized_hand_active_board10,test
5,4,5,1,0,1,1,[1.0],False,B4_trial5_rep1_attempt0.csv,/Users/arthu/Desktop/CTM_Res-Pro/data/reach_to_grasp_dataset/data/participant_5/motion/B4_trial5_rep1_attempt0.csv,1,1,False,,,1,target_object_corrected,5,board_data_5,trial_number,217,282,65,harmonized_hand_active_board10,test
5,4,5,2,0,1,1,[1.0],False,B4_trial5_rep2_attempt0.csv,/Users/arthu/Desktop/CTM_Res-Pro/data/reach_to_grasp_dataset/data/participant_5/motion/B4_trial5_rep2_attempt0.csv,1,1,False,,,1,target_object_corrected,5,board_data_5,trial_number,228,296,68,harmonized_hand_active_board10,test
5,4,5,3,0,1,1,[1.0],False,B4_trial5_rep3_attempt0.csv,/Users/arthu/Desktop/CTM_Res-Pro/data/reach_to_grasp_dataset/data/participant_5/motion/B4_trial5_rep3_attempt0.csv,1,1,False,,,1,target_object_corrected,5,board_data_5,trial_number,218,296,78,harmonized_hand_active_board10,test
5,4,6,0,0,1,2,"[5.0, 2.0]",True,B4_trial6_rep0_attempt0.csv,/Users/arthu/Desktop/CTM_Res-Pro/data/reach_to_grasp_dataset/data/participant_5/motion/B4_trial6_rep0_attempt0.csv,2,2,True,1.0,B4_trial6_rep1_attempt0.csv,2,target_object_corrected,6,board_data_6,trial_number,223,327,104,harmonized_hand_active_board10,test
5,4,6,1,0,1,2,[2.0],False,B4_trial6_rep1_attempt0.csv,/Users/arthu/Desktop/CTM_Res-Pro/data/reach_to_grasp_dataset/data/participant_5/motion/B4_trial6_rep1_attempt0.csv,2,2,False,,,2,target_object_corrected,6,board_data_6,trial_number,226,304,78,harmonized_hand_active_board10,test
5,4,6,2,0,1,2,[2.0],False,B4_trial6_rep2_attempt0.csv,/Users/arthu/Desktop/CTM_Res-Pro/data/reach_to_grasp_dataset/data/participant_5/motion/B4_trial6_rep2_attempt0.csv,2,2,False,,,2,target_object_corrected,6,board_data_6,trial_number,225,302,77,harmonized_hand_active_board10,test
5,4,6,3,0,1,2,[2.0],False,B4_trial6_rep3_attempt0.csv,/Users/arthu/Desktop/CTM_Res-Pro/data/reach_to_grasp_dataset/data/participant_5/motion/B4_trial6_rep3_attempt0.csv,2,2,False,,,2,target_object_corrected,6,board_data_6,trial_number,221,299,78,harmonized_hand_active_board10,test
5,4,7,0,0,1,3,"[6.0, 3.0]",True,B4_trial7_rep0_attempt0.csv,/Users/arthu/Desktop/CTM_Res-Pro/data/reach_to_grasp_dataset/data/participant_5/motion/B4_trial7_rep0_attempt0.csv,3,3,True,1.0,B4_trial7_rep1_attempt0.csv,3,target_object_corrected,7,board_data_7,trial_number,220,296,76,harmonized_hand_active_board10,test
5,4,7,1,0,1,3,[3.0],False,B4_trial7_rep1_attempt0.csv,/Users/arthu/Desktop/CTM_Res-Pro/data/reach_to_grasp_dataset/data/participant_5/motion/B4_trial7_rep1_attempt0.csv,3,3,False,,,3,target_object_corrected,7,board_data_7,trial_number,229,303,74,harmonized_hand_active_board10,test
5,4,7,2,0,1,3,[3.0],False,B4_trial7_rep2_attempt0.csv,/Users/arthu/Desktop/CTM_Res-Pro/data/reach_to_grasp_dataset/data/participant_5/motion/B4_trial7_rep2_attempt0.csv,3,3,False,,,3,target_object_corrected,7,board_data_7,trial_number,227,296,69,harmonized_hand_active_board10,test
5,4,7,3,0,1,3,[3.0],False,B4_trial7_rep3_attempt0.csv,/Users/arthu/Desktop/CTM_Res-Pro/data/reach_to_grasp_dataset/data/participant_5/motion/B4_trial7_rep3_attempt0.csv,3,3,False,,,3,target_object_corrected,7,board_data_7,trial_number,242,311,69,harmonized_hand_active_board10,test
