participant,block,trial_number,rep_number,attempt_number,trial_success,target_object_final,target_values_seen,target_changed_within_recording,file,path,target_object_raw,target_object_corrected,target_correction_applied,target_reference_rep,target_reference_file,class_label,class_label_source,board_sensor_index,board_column,board_sensor_source,movement_start_idx,movement_end_idx,trajectory_end_idx,detected_movement_length,trajectory_length,extraction_method,split
1,1,0,0,0,1,0,"[3.0, 0.0]",True,B1_trial0_rep0_attempt0.csv,/Users/arthu/Desktop/CTM_Res-Pro/data/reach_to_grasp_dataset/data/participant_1/motion/B1_trial0_rep0_attempt0.csv,0,0,True,1.0,B1_trial0_rep1_attempt0.csv,0,target_object_corrected,0,board_data_0,trial_number,211,253,253,42,42,B1-B4_hand_active_board10,train
1,1,0,1,0,1,0,[0.0],False,B1_trial0_rep1_attempt0.csv,/Users/arthu/Desktop/CTM_Res-Pro/data/reach_to_grasp_dataset/data/participant_1/motion/B1_trial0_rep1_attempt0.csv,0,0,False,,,0,target_object_corrected,0,board_data_0,trial_number,219,260,260,41,41,B1-B4_hand_active_board10,train
1,1,0,2,0,1,0,[0.0],False,B1_trial0_rep2_attempt0.csv,/Users/arthu/Desktop/CTM_Res-Pro/data/reach_to_grasp_dataset/data/participant_1/motion/B1_trial0_rep2_attempt0.csv,0,0,False,,,0,target_object_corrected,0,board_data_0,trial_number,222,271,271,49,49,B1-B4_hand_active_board10,train
1,1,0,3,0,1,0,[0.0],False,B1_trial0_rep3_attempt0.csv,/Users/arthu/Desktop/CTM_Res-Pro/data/reach_to_grasp_dataset/data/participant_1/motion/B1_trial0_rep3_attempt0.csv,0,0,False,,,0,target_object_corrected,0,board_data_0,trial_number,226,262,262,36,36,B1-B4_hand_active_board10,val
1,1,1,0,0,1,1,"[0.0, 1.0]",True,B1_trial1_rep0_attempt0.csv,/Users/arthu/Desktop/CTM_Res-Pro/data/reach_to_grasp_dataset/data/participant_1/motion/B1_trial1_rep0_attempt0.csv,1,1,True,1.0,B1_trial1_rep1_attempt0.csv,1,target_object_corrected,1,board_data_1,trial_number,204,255,255,51,51,B1-B4_hand_active_board10,train
1,1,1,1,0,1,1,[1.0],False,B1_trial1_rep1_attempt0.csv,/Users/arthu/Desktop/CTM_Res-Pro/data/reach_to_grasp_dataset/data/participant_1/motion/B1_trial1_rep1_attempt0.csv,1,1,False,,,1,target_object_corrected,1,board_data_1,trial_number,218,260,260,42,42,B1-B4_hand_active_board10,train
1,1,1,2,0,1,1,[1.0],False,B1_trial1_rep2_attempt0.csv,/Users/arthu/Desktop/CTM_Res-Pro/data/reach_to_grasp_dataset/data/participant_1/motion/B1_trial1_rep2_attempt0.csv,1,1,False,,,1,target_object_corrected,1,board_data_1,trial_number,221,266,266,45,45,B1-B4_hand_active_board10,train
1,1,1,3,0,1,1,[1.0],False,B1_trial1_rep3_attempt0.csv,/Users/arthu/Desktop/CTM_Res-Pro/data/reach_to_grasp_dataset/data/participant_1/motion/B1_trial1_rep3_attempt0.csv,1,1,False,,,1,target_object_corrected,1,board_data_1,trial_number,222,268,268,46,46,B1-B4_hand_active_board10,val
1,1,2,0,0,1,2,"[1.0, 2.0]",True,B1_trial2_rep0_attempt0.csv,/Users/arthu/Desktop/CTM_Res-Pro/data/reach_to_grasp_dataset/data/participant_1/motion/B1_trial2_rep0_attempt0.csv,2,2,True,1.0,B1_trial2_rep1_attempt0.csv,2,target_object_corrected,2,board_data_2,trial_number,241,308,308,67,67,B1-B4_hand_active_board10,train
1,1,2,1,0,1,2,[2.0],False,B1_trial2_rep1_attempt0.csv,/Users/arthu/Desktop/CTM_Res-Pro/data/reach_to_grasp_dataset/data/participant_1/motion/B1_trial2_rep1_attempt0.csv,2,2,False,,,2,target_object_corrected,2,board_data_2,trial_number,230,268,268,38,38,B1-B4_hand_active_board10,train
1,1,2,2,0,1,2,[2.0],False,B1_trial2_rep2_attempt0.csv,/Users/arthu/Desktop/CTM_Res-Pro/data/reach_to_grasp_dataset/data/participant_1/motion/B1_trial2_rep2_attempt0.csv,2,2,False,,,2,target_object_corrected,2,board_data_2,trial_number,236,269,269,33,33,B1-B4_hand_active_board10,train
1,1,2,3,0,1,2,[2.0],False,B1_trial2_rep3_attempt0.csv,/Users/arthu/Desktop/CTM_Res-Pro/data/reach_to_grasp_dataset/data/participant_1/motion/B1_trial2_rep3_attempt0.csv,2,2,False,,,2,target_object_corrected,2,board_data_2,trial_number,238,259,259,21,21,B1-B4_hand_active_board10,val
1,1,3,0,0,1,3,"[2.0, 3.0]",True,B1_trial3_rep0_attempt0.csv,/Users/arthu/Desktop/CTM_Res-Pro/data/reach_to_grasp_dataset/data/participant_1/motion/B1_trial3_rep0_attempt0.csv,3,3,True,1.0,B1_trial3_rep1_attempt0.csv,3,target_object_corrected,3,board_data_3,trial_number,260,285,285,25,25,B1-B4_hand_active_board10,train
1,1,3,1,0,1,3,[3.0],False,B1_trial3_rep1_attempt0.csv,/Users/arthu/Desktop/CTM_Res-Pro/data/reach_to_grasp_dataset/data/participant_1/motion/B1_trial3_rep1_attempt0.csv,3,3,False,,,3,target_object_corrected,3,board_data_3,trial_number,238,265,265,27,27,B1-B4_hand_active_board10,train
1,1,3,2,0,1,3,[3.0],False,B1_trial3_rep2_attempt0.csv,/Users/arthu/Desktop/CTM_Res-Pro/data/reach_to_grasp_dataset/data/participant_1/motion/B1_trial3_rep2_attempt0.csv,3,3,False,,,3,target_object_corrected,3,board_data_3,trial_number,256,279,279,23,23,B1-B4_hand_active_board10,train
1,1,3,3,0,1,3,[3.0],False,B1_trial3_rep3_attempt0.csv,/Users/arthu/Desktop/CTM_Res-Pro/data/reach_to_grasp_dataset/data/participant_1/motion/B1_trial3_rep3_attempt0.csv,3,3,False,,,3,target_object_corrected,3,board_data_3,trial_number,232,251,251,19,19,B1-B4_hand_active_board10,val
1,1,4,0,0,1,4,"[3.0, 4.0]",True,B1_trial4_rep0_attempt0.csv,/Users/arthu/Desktop/CTM_Res-Pro/data/reach_to_grasp_dataset/data/participant_1/motion/B1_trial4_rep0_attempt0.csv,4,4,True,1.0,B1_trial4_rep1_attempt0.csv,4,target_object_corrected,4,board_data_4,trial_number,213,245,245,32,32,B1-B4_hand_active_board10,train
1,1,4,1,0,1,4,[4.0],False,B1_trial4_rep1_attempt0.csv,/Users/arthu/Desktop/CTM_Res-Pro/data/reach_to_grasp_dataset/data/participant_1/motion/B1_trial4_rep1_attempt0.csv,4,4,False,,,4,target_object_corrected,4,board_data_4,trial_number,219,255,255,36,36,B1-B4_hand_active_board10,train
1,1,4,2,0,1,4,[4.0],False,B1_trial4_rep2_attempt0.csv,/Users/arthu/Desktop/CTM_Res-Pro/data/reach_to_grasp_dataset/data/participant_1/motion/B1_trial4_rep2_attempt0.csv,4,4,False,,,4,target_object_corrected,4,board_data_4,trial_number,223,265,265,42,42,B1-B4_hand_active_board10,train
1,1,4,3,0,1,4,[4.0],False,B1_trial4_rep3_attempt0.csv,/Users/arthu/Desktop/CTM_Res-Pro/data/reach_to_grasp_dataset/data/participant_1/motion/B1_trial4_rep3_attempt0.csv,4,4,False,,,4,target_object_corrected,4,board_data_4,trial_number,229,272,272,43,43,B1-B4_hand_active_board10,val
1,1,5,0,0,1,5,"[4.0, 5.0]",True,B1_trial5_rep0_attempt0.csv,/Users/arthu/Desktop/CTM_Res-Pro/data/reach_to_grasp_dataset/data/participant_1/motion/B1_trial5_rep0_attempt0.csv,5,5,True,1.0,B1_trial5_rep1_attempt0.csv,5,target_object_corrected,5,board_data_5,trial_number,213,278,278,65,65,B1-B4_hand_active_board10,train
1,1,5,1,0,1,5,[5.0],False,B1_trial5_rep1_attempt0.csv,/Users/arthu/Desktop/CTM_Res-Pro/data/reach_to_grasp_dataset/data/participant_1/motion/B1_trial5_rep1_attempt0.csv,5,5,False,,,5,target_object_corrected,5,board_data_5,trial_number,218,277,277,59,59,B1-B4_hand_active_board10,train
1,1,5,2,0,1,5,[5.0],False,B1_trial5_rep2_attempt0.csv,/Users/arthu/Desktop/CTM_Res-Pro/data/reach_to_grasp_dataset/data/participant_1/motion/B1_trial5_rep2_attempt0.csv,5,5,False,,,5,target_object_corrected,5,board_data_5,trial_number,220,267,267,47,47,B1-B4_hand_active_board10,train
1,1,5,3,0,1,5,[5.0],False,B1_trial5_rep3_attempt0.csv,/Users/arthu/Desktop/CTM_Res-Pro/data/reach_to_grasp_dataset/data/participant_1/motion/B1_trial5_rep3_attempt0.csv,5,5,False,,,5,target_object_corrected,5,board_data_5,trial_number,219,276,276,57,57,B1-B4_hand_active_board10,val
1,1,6,0,0,1,6,"[5.0, 6.0]",True,B1_trial6_rep0_attempt0.csv,/Users/arthu/Desktop/CTM_Res-Pro/data/reach_to_grasp_dataset/data/participant_1/motion/B1_trial6_rep0_attempt0.csv,6,6,True,1.0,B1_trial6_rep1_attempt0.csv,6,target_object_corrected,6,board_data_6,trial_number,238,340,340,102,102,B1-B4_hand_active_board10,train
1,1,6,1,0,1,6,[6.0],False,B1_trial6_rep1_attempt0.csv,/Users/arthu/Desktop/CTM_Res-Pro/data/reach_to_grasp_dataset/data/participant_1/motion/B1_trial6_rep1_attempt0.csv,6,6,False,,,6,target_object_corrected,6,board_data_6,trial_number,213,294,294,81,81,B1-B4_hand_active_board10,train
1,1,6,2,0,1,6,[6.0],False,B1_trial6_rep2_attempt0.csv,/Users/arthu/Desktop/CTM_Res-Pro/data/reach_to_grasp_dataset/data/participant_1/motion/B1_trial6_rep2_attempt0.csv,6,6,False,,,6,target_object_corrected,6,board_data_6,trial_number,223,317,317,94,94,B1-B4_hand_active_board10,train
1,1,6,3,0,1,6,[6.0],False,B1_trial6_rep3_attempt0.csv,/Users/arthu/Desktop/CTM_Res-Pro/data/reach_to_grasp_dataset/data/participant_1/motion/B1_trial6_rep3_attempt0.csv,6,6,False,,,6,target_object_corrected,6,board_data_6,trial_number,225,290,290,65,65,B1-B4_hand_active_board10,val
1,1,7,0,0,1,7,"[6.0, 7.0]",True,B1_trial7_rep0_attempt0.csv,/Users/arthu/Desktop/CTM_Res-Pro/data/reach_to_grasp_dataset/data/participant_1/motion/B1_trial7_rep0_attempt0.csv,7,7,True,1.0,B1_trial7_rep1_attempt0.csv,7,target_object_corrected,7,board_data_7,trial_number,208,254,254,46,46,B1-B4_hand_active_board10,train
1,1,7,1,0,1,7,[7.0],False,B1_trial7_rep1_attempt0.csv,/Users/arthu/Desktop/CTM_Res-Pro/data/reach_to_grasp_dataset/data/participant_1/motion/B1_trial7_rep1_attempt0.csv,7,7,False,,,7,target_object_corrected,7,board_data_7,trial_number,224,269,269,45,45,B1-B4_hand_active_board10,train
1,1,7,2,0,1,7,[7.0],False,B1_trial7_rep2_attempt0.csv,/Users/arthu/Desktop/CTM_Res-Pro/data/reach_to_grasp_dataset/data/participant_1/motion/B1_trial7_rep2_attempt0.csv,7,7,False,,,7,target_object_corrected,7,board_data_7,trial_number,211,264,264,53,53,B1-B4_hand_active_board10,train
1,1,7,3,0,1,7,[7.0],False,B1_trial7_rep3_attempt0.csv,/Users/arthu/Desktop/CTM_Res-Pro/data/reach_to_grasp_dataset/data/participant_1/motion/B1_trial7_rep3_attempt0.csv,7,7,False,,,7,target_object_corrected,7,board_data_7,trial_number,227,284,284,57,57,B1-B4_hand_active_board10,val
1,2,0,0,0,1,7,[7.0],False,B2_trial0_rep0_attempt0.csv,/Users/arthu/Desktop/CTM_Res-Pro/data/reach_to_grasp_dataset/data/participant_1/motion/B2_trial0_rep0_attempt0.csv,7,7,True,1.0,B2_trial0_rep1_attempt0.csv,7,target_object_corrected,0,board_data_0,trial_number,215,268,268,53,53,B1-B4_hand_active_board10,train
1,2,0,1,0,1,7,[7.0],False,B2_trial0_rep1_attempt0.csv,/Users/arthu/Desktop/CTM_Res-Pro/data/reach_to_grasp_dataset/data/participant_1/motion/B2_trial0_rep1_attempt0.csv,7,7,False,,,7,target_object_corrected,0,board_data_0,trial_number,226,269,269,43,43,B1-B4_hand_active_board10,train
1,2,0,2,0,1,7,[7.0],False,B2_trial0_rep2_attempt0.csv,/Users/arthu/Desktop/CTM_Res-Pro/data/reach_to_grasp_dataset/data/participant_1/motion/B2_trial0_rep2_attempt0.csv,7,7,False,,,7,target_object_corrected,0,board_data_0,trial_number,220,272,272,52,52,B1-B4_hand_active_board10,train
1,2,0,3,0,1,7,[7.0],False,B2_trial0_rep3_attempt0.csv,/Users/arthu/Desktop/CTM_Res-Pro/data/reach_to_grasp_dataset/data/participant_1/motion/B2_trial0_rep3_attempt0.csv,7,7,False,,,7,target_object_corrected,0,board_data_0,trial_number,231,282,282,51,51,B1-B4_hand_active_board10,val
1,2,1,0,0,1,6,"[0.0, 6.0]",True,B2_trial1_rep0_attempt0.csv,/Users/arthu/Desktop/CTM_Res-Pro/data/reach_to_grasp_dataset/data/participant_1/motion/B2_trial1_rep0_attempt0.csv,6,6,True,1.0,B2_trial1_rep1_attempt0.csv,6,target_object_corrected,1,board_data_1,trial_number,218,287,287,69,69,B1-B4_hand_active_board10,train
1,2,1,1,0,1,6,[6.0],False,B2_trial1_rep1_attempt0.csv,/Users/arthu/Desktop/CTM_Res-Pro/data/reach_to_grasp_dataset/data/participant_1/motion/B2_trial1_rep1_attempt0.csv,6,6,False,,,6,target_object_corrected,1,board_data_1,trial_number,224,271,271,47,47,B1-B4_hand_active_board10,train
1,2,1,2,0,1,6,[6.0],False,B2_trial1_rep2_attempt0.csv,/Users/arthu/Desktop/CTM_Res-Pro/data/reach_to_grasp_dataset/data/participant_1/motion/B2_trial1_rep2_attempt0.csv,6,6,False,,,6,target_object_corrected,1,board_data_1,trial_number,223,275,275,52,52,B1-B4_hand_active_board10,train
1,2,1,3,0,1,6,[6.0],False,B2_trial1_rep3_attempt0.csv,/Users/arthu/Desktop/CTM_Res-Pro/data/reach_to_grasp_dataset/data/participant_1/motion/B2_trial1_rep3_attempt0.csv,6,6,False,,,6,target_object_corrected,1,board_data_1,trial_number,231,282,282,51,51,B1-B4_hand_active_board10,val
1,2,2,0,0,1,5,"[1.0, 5.0]",True,B2_trial2_rep0_attempt0.csv,/Users/arthu/Desktop/CTM_Res-Pro/data/reach_to_grasp_dataset/data/participant_1/motion/B2_trial2_rep0_attempt0.csv,5,5,True,1.0,B2_trial2_rep1_attempt0.csv,5,target_object_corrected,2,board_data_2,trial_number,224,277,277,53,53,B1-B4_hand_active_board10,train
1,2,2,1,0,1,5,[5.0],False,B2_trial2_rep1_attempt0.csv,/Users/arthu/Desktop/CTM_Res-Pro/data/reach_to_grasp_dataset/data/participant_1/motion/B2_trial2_rep1_attempt0.csv,5,5,False,,,5,target_object_corrected,2,board_data_2,trial_number,218,285,285,67,67,B1-B4_hand_active_board10,train
1,2,2,2,0,1,5,[5.0],False,B2_trial2_rep2_attempt0.csv,/Users/arthu/Desktop/CTM_Res-Pro/data/reach_to_grasp_dataset/data/participant_1/motion/B2_trial2_rep2_attempt0.csv,5,5,False,,,5,target_object_corrected,2,board_data_2,trial_number,231,287,287,56,56,B1-B4_hand_active_board10,train
1,2,2,3,0,1,5,[5.0],False,B2_trial2_rep3_attempt0.csv,/Users/arthu/Desktop/CTM_Res-Pro/data/reach_to_grasp_dataset/data/participant_1/motion/B2_trial2_rep3_attempt0.csv,5,5,False,,,5,target_object_corrected,2,board_data_2,trial_number,221,286,286,65,65,B1-B4_hand_active_board10,val
1,2,3,0,0,1,4,"[2.0, 4.0]",True,B2_trial3_rep0_attempt0.csv,/Users/arthu/Desktop/CTM_Res-Pro/data/reach_to_grasp_dataset/data/participant_1/motion/B2_trial3_rep0_attempt0.csv,4,4,True,1.0,B2_trial3_rep1_attempt0.csv,4,target_object_corrected,3,board_data_3,trial_number,246,267,267,21,21,B1-B4_hand_active_board10,train
1,2,3,1,0,1,4,[4.0],False,B2_trial3_rep1_attempt0.csv,/Users/arthu/Desktop/CTM_Res-Pro/data/reach_to_grasp_dataset/data/participant_1/motion/B2_trial3_rep1_attempt0.csv,4,4,False,,,4,target_object_corrected,3,board_data_3,trial_number,280,283,283,3,3,B1-B4_hand_active_board10,train
1,2,3,2,0,1,4,[4.0],False,B2_trial3_rep2_attempt0.csv,/Users/arthu/Desktop/CTM_Res-Pro/data/reach_to_grasp_dataset/data/participant_1/motion/B2_trial3_rep2_attempt0.csv,4,4,False,,,4,target_object_corrected,3,board_data_3,trial_number,289,294,294,5,5,B1-B4_hand_active_board10,train
1,2,3,3,0,1,4,[4.0],False,B2_trial3_rep3_attempt0.csv,/Users/arthu/Desktop/CTM_Res-Pro/data/reach_to_grasp_dataset/data/participant_1/motion/B2_trial3_rep3_attempt0.csv,4,4,False,,,4,target_object_corrected,3,board_data_3,trial_number,265,270,270,5,5,B1-B4_hand_active_board10,val
1,2,4,0,0,1,3,[3.0],False,B2_trial4_rep0_attempt0.csv,/Users/arthu/Desktop/CTM_Res-Pro/data/reach_to_grasp_dataset/data/participant_1/motion/B2_trial4_rep0_attempt0.csv,3,3,True,1.0,B2_trial4_rep1_attempt0.csv,3,target_object_corrected,4,board_data_4,trial_number,211,267,267,56,56,B1-B4_hand_active_board10,train
1,2,4,1,0,1,3,[3.0],False,B2_trial4_rep1_attempt0.csv,/Users/arthu/Desktop/CTM_Res-Pro/data/reach_to_grasp_dataset/data/participant_1/motion/B2_trial4_rep1_attempt0.csv,3,3,False,,,3,target_object_corrected,4,board_data_4,trial_number,205,245,245,40,40,B1-B4_hand_active_board10,train
1,2,4,2,0,1,3,[3.0],False,B2_trial4_rep2_attempt0.csv,/Users/arthu/Desktop/CTM_Res-Pro/data/reach_to_grasp_dataset/data/participant_1/motion/B2_trial4_rep2_attempt0.csv,3,3,False,,,3,target_object_corrected,4,board_data_4,trial_number,209,262,262,53,53,B1-B4_hand_active_board10,train
1,2,4,3,0,1,3,[3.0],False,B2_trial4_rep3_attempt0.csv,/Users/arthu/Desktop/CTM_Res-Pro/data/reach_to_grasp_dataset/data/participant_1/motion/B2_trial4_rep3_attempt0.csv,3,3,False,,,3,target_object_corrected,4,board_data_4,trial_number,224,286,286,62,62,B1-B4_hand_active_board10,val
1,2,5,0,0,1,2,"[4.0, 2.0]",True,B2_trial5_rep0_attempt0.csv,/Users/arthu/Desktop/CTM_Res-Pro/data/reach_to_grasp_dataset/data/participant_1/motion/B2_trial5_rep0_attempt0.csv,2,2,True,1.0,B2_trial5_rep1_attempt0.csv,2,target_object_corrected,5,board_data_5,trial_number,228,288,288,60,60,B1-B4_hand_active_board10,train
1,2,5,1,0,1,2,[2.0],False,B2_trial5_rep1_attempt0.csv,/Users/arthu/Desktop/CTM_Res-Pro/data/reach_to_grasp_dataset/data/participant_1/motion/B2_trial5_rep1_attempt0.csv,2,2,False,,,2,target_object_corrected,5,board_data_5,trial_number,209,263,263,54,54,B1-B4_hand_active_board10,train
1,2,5,2,0,1,2,[2.0],False,B2_trial5_rep2_attempt0.csv,/Users/arthu/Desktop/CTM_Res-Pro/data/reach_to_grasp_dataset/data/participant_1/motion/B2_trial5_rep2_attempt0.csv,2,2,False,,,2,target_object_corrected,5,board_data_5,trial_number,221,278,278,57,57,B1-B4_hand_active_board10,train
1,2,5,3,0,1,2,[2.0],False,B2_trial5_rep3_attempt0.csv,/Users/arthu/Desktop/CTM_Res-Pro/data/reach_to_grasp_dataset/data/participant_1/motion/B2_trial5_rep3_attempt0.csv,2,2,False,,,2,target_object_corrected,5,board_data_5,trial_number,215,266,266,51,51,B1-B4_hand_active_board10,val
1,2,6,0,0,1,1,"[5.0, 1.0]",True,B2_trial6_rep0_attempt0.csv,/Users/arthu/Desktop/CTM_Res-Pro/data/reach_to_grasp_dataset/data/participant_1/motion/B2_trial6_rep0_attempt0.csv,1,1,True,1.0,B2_trial6_rep1_attempt0.csv,1,target_object_corrected,6,board_data_6,trial_number,209,271,271,62,62,B1-B4_hand_active_board10,train
1,2,6,1,0,1,1,[1.0],False,B2_trial6_rep1_attempt0.csv,/Users/arthu/Desktop/CTM_Res-Pro/data/reach_to_grasp_dataset/data/participant_1/motion/B2_trial6_rep1_attempt0.csv,1,1,False,,,1,target_object_corrected,6,board_data_6,trial_number,214,264,264,50,50,B1-B4_hand_active_board10,train
1,2,6,2,0,1,1,[1.0],False,B2_trial6_rep2_attempt0.csv,/Users/arthu/Desktop/CTM_Res-Pro/data/reach_to_grasp_dataset/data/participant_1/motion/B2_trial6_rep2_attempt0.csv,1,1,False,,,1,target_object_corrected,6,board_data_6,trial_number,230,281,281,51,51,B1-B4_hand_active_board10,train
1,2,6,3,0,1,1,[1.0],False,B2_trial6_rep3_attempt0.csv,/Users/arthu/Desktop/CTM_Res-Pro/data/reach_to_grasp_dataset/data/participant_1/motion/B2_trial6_rep3_attempt0.csv,1,1,False,,,1,target_object_corrected,6,board_data_6,trial_number,227,274,274,47,47,B1-B4_hand_active_board10,val
1,2,7,0,0,1,0,"[6.0, 0.0]",True,B2_trial7_rep0_attempt0.csv,/Users/arthu/Desktop/CTM_Res-Pro/data/reach_to_grasp_dataset/data/participant_1/motion/B2_trial7_rep0_attempt0.csv,0,0,True,1.0,B2_trial7_rep1_attempt0.csv,0,target_object_corrected,7,board_data_7,trial_number,228,278,278,50,50,B1-B4_hand_active_board10,train
1,2,7,1,0,1,0,[0.0],False,B2_trial7_rep1_attempt0.csv,/Users/arthu/Desktop/CTM_Res-Pro/data/reach_to_grasp_dataset/data/participant_1/motion/B2_trial7_rep1_attempt0.csv,0,0,False,,,0,target_object_corrected,7,board_data_7,trial_number,216,278,278,62,62,B1-B4_hand_active_board10,train
1,2,7,2,0,1,0,[0.0],False,B2_trial7_rep2_attempt0.csv,/Users/arthu/Desktop/CTM_Res-Pro/data/reach_to_grasp_dataset/data/participant_1/motion/B2_trial7_rep2_attempt0.csv,0,0,False,,,0,target_object_corrected,7,board_data_7,trial_number,234,289,289,55,55,B1-B4_hand_active_board10,train
1,2,7,3,0,1,0,[0.0],False,B2_trial7_rep3_attempt0.csv,/Users/arthu/Desktop/CTM_Res-Pro/data/reach_to_grasp_dataset/data/participant_1/motion/B2_trial7_rep3_attempt0.csv,0,0,False,,,0,target_object_corrected,7,board_data_7,trial_number,229,281,281,52,52,B1-B4_hand_active_board10,val
1,3,0,0,0,1,3,"[7.0, 3.0]",True,B3_trial0_rep0_attempt0.csv,/Users/arthu/Desktop/CTM_Res-Pro/data/reach_to_grasp_dataset/data/participant_1/motion/B3_trial0_rep0_attempt0.csv,3,3,True,1.0,B3_trial0_rep1_attempt0.csv,3,target_object_corrected,0,board_data_0,trial_number,215,295,295,80,80,B1-B4_hand_active_board10,train
1,3,0,1,0,1,3,[3.0],False,B3_trial0_rep1_attempt0.csv,/Users/arthu/Desktop/CTM_Res-Pro/data/reach_to_grasp_dataset/data/participant_1/motion/B3_trial0_rep1_attempt0.csv,3,3,False,,,3,target_object_corrected,0,board_data_0,trial_number,216,279,279,63,63,B1-B4_hand_active_board10,train
1,3,0,2,0,1,3,[3.0],False,B3_trial0_rep2_attempt0.csv,/Users/arthu/Desktop/CTM_Res-Pro/data/reach_to_grasp_dataset/data/participant_1/motion/B3_trial0_rep2_attempt0.csv,3,3,False,,,3,target_object_corrected,0,board_data_0,trial_number,224,283,283,59,59,B1-B4_hand_active_board10,train
1,3,0,3,0,1,3,[3.0],False,B3_trial0_rep3_attempt0.csv,/Users/arthu/Desktop/CTM_Res-Pro/data/reach_to_grasp_dataset/data/participant_1/motion/B3_trial0_rep3_attempt0.csv,3,3,False,,,3,target_object_corrected,0,board_data_0,trial_number,229,289,289,60,60,B1-B4_hand_active_board10,val
1,3,1,0,0,1,2,"[0.0, 2.0]",True,B3_trial1_rep0_attempt0.csv,/Users/arthu/Desktop/CTM_Res-Pro/data/reach_to_grasp_dataset/data/participant_1/motion/B3_trial1_rep0_attempt0.csv,2,2,True,1.0,B3_trial1_rep1_attempt0.csv,2,target_object_corrected,1,board_data_1,trial_number,221,275,275,54,54,B1-B4_hand_active_board10,train
1,3,1,1,0,1,2,[2.0],False,B3_trial1_rep1_attempt0.csv,/Users/arthu/Desktop/CTM_Res-Pro/data/reach_to_grasp_dataset/data/participant_1/motion/B3_trial1_rep1_attempt0.csv,2,2,False,,,2,target_object_corrected,1,board_data_1,trial_number,217,279,279,62,62,B1-B4_hand_active_board10,train
1,3,1,2,0,1,2,[2.0],False,B3_trial1_rep2_attempt0.csv,/Users/arthu/Desktop/CTM_Res-Pro/data/reach_to_grasp_dataset/data/participant_1/motion/B3_trial1_rep2_attempt0.csv,2,2,False,,,2,target_object_corrected,1,board_data_1,trial_number,216,270,270,54,54,B1-B4_hand_active_board10,train
1,3,1,3,0,1,2,[2.0],False,B3_trial1_rep3_attempt0.csv,/Users/arthu/Desktop/CTM_Res-Pro/data/reach_to_grasp_dataset/data/participant_1/motion/B3_trial1_rep3_attempt0.csv,2,2,False,,,2,target_object_corrected,1,board_data_1,trial_number,233,289,289,56,56,B1-B4_hand_active_board10,val
1,3,2,0,0,1,1,[1.0],False,B3_trial2_rep0_attempt0.csv,/Users/arthu/Desktop/CTM_Res-Pro/data/reach_to_grasp_dataset/data/participant_1/motion/B3_trial2_rep0_attempt0.csv,1,1,True,1.0,B3_trial2_rep1_attempt0.csv,1,target_object_corrected,2,board_data_2,trial_number,237,280,280,43,43,B1-B4_hand_active_board10,train
1,3,2,1,0,1,1,[1.0],False,B3_trial2_rep1_attempt0.csv,/Users/arthu/Desktop/CTM_Res-Pro/data/reach_to_grasp_dataset/data/participant_1/motion/B3_trial2_rep1_attempt0.csv,1,1,False,,,1,target_object_corrected,2,board_data_2,trial_number,222,262,262,40,40,B1-B4_hand_active_board10,train
1,3,2,2,0,1,1,[1.0],False,B3_trial2_rep2_attempt0.csv,/Users/arthu/Desktop/CTM_Res-Pro/data/reach_to_grasp_dataset/data/participant_1/motion/B3_trial2_rep2_attempt0.csv,1,1,False,,,1,target_object_corrected,2,board_data_2,trial_number,232,272,272,40,40,B1-B4_hand_active_board10,train
1,3,2,3,0,1,1,[1.0],False,B3_trial2_rep3_attempt0.csv,/Users/arthu/Desktop/CTM_Res-Pro/data/reach_to_grasp_dataset/data/participant_1/motion/B3_trial2_rep3_attempt0.csv,1,1,False,,,1,target_object_corrected,2,board_data_2,trial_number,241,287,287,46,46,B1-B4_hand_active_board10,val
1,3,3,0,0,1,0,"[2.0, 0.0]",True,B3_trial3_rep0_attempt0.csv,/Users/arthu/Desktop/CTM_Res-Pro/data/reach_to_grasp_dataset/data/participant_1/motion/B3_trial3_rep0_attempt0.csv,0,0,True,1.0,B3_trial3_rep1_attempt0.csv,0,target_object_corrected,3,board_data_3,trial_number,239,282,282,43,43,B1-B4_hand_active_board10,train
1,3,3,1,0,1,0,[0.0],False,B3_trial3_rep1_attempt0.csv,/Users/arthu/Desktop/CTM_Res-Pro/data/reach_to_grasp_dataset/data/participant_1/motion/B3_trial3_rep1_attempt0.csv,0,0,False,,,0,target_object_corrected,3,board_data_3,trial_number,242,277,277,35,35,B1-B4_hand_active_board10,train
1,3,3,2,0,1,0,[0.0],False,B3_trial3_rep2_attempt0.csv,/Users/arthu/Desktop/CTM_Res-Pro/data/reach_to_grasp_dataset/data/participant_1/motion/B3_trial3_rep2_attempt0.csv,0,0,False,,,0,target_object_corrected,3,board_data_3,trial_number,237,276,276,39,39,B1-B4_hand_active_board10,train
1,3,3,3,0,1,0,[0.0],False,B3_trial3_rep3_attempt0.csv,/Users/arthu/Desktop/CTM_Res-Pro/data/reach_to_grasp_dataset/data/participant_1/motion/B3_trial3_rep3_attempt0.csv,0,0,False,,,0,target_object_corrected,3,board_data_3,trial_number,231,275,275,44,44,B1-B4_hand_active_board10,val
1,3,4,0,0,1,7,"[3.0, 7.0]",True,B3_trial4_rep0_attempt0.csv,/Users/arthu/Desktop/CTM_Res-Pro/data/reach_to_grasp_dataset/data/participant_1/motion/B3_trial4_rep0_attempt0.csv,7,7,True,1.0,B3_trial4_rep1_attempt0.csv,7,target_object_corrected,4,board_data_4,trial_number,211,262,262,51,51,B1-B4_hand_active_board10,train
1,3,4,1,0,1,7,[7.0],False,B3_trial4_rep1_attempt0.csv,/Users/arthu/Desktop/CTM_Res-Pro/data/reach_to_grasp_dataset/data/participant_1/motion/B3_trial4_rep1_attempt0.csv,7,7,False,,,7,target_object_corrected,4,board_data_4,trial_number,214,278,278,64,64,B1-B4_hand_active_board10,train
1,3,4,2,0,1,7,[7.0],False,B3_trial4_rep2_attempt0.csv,/Users/arthu/Desktop/CTM_Res-Pro/data/reach_to_grasp_dataset/data/participant_1/motion/B3_trial4_rep2_attempt0.csv,7,7,False,,,7,target_object_corrected,4,board_data_4,trial_number,221,268,268,47,47,B1-B4_hand_active_board10,train
1,3,4,3,0,1,7,[7.0],False,B3_trial4_rep3_attempt0.csv,/Users/arthu/Desktop/CTM_Res-Pro/data/reach_to_grasp_dataset/data/participant_1/motion/B3_trial4_rep3_attempt0.csv,7,7,False,,,7,target_object_corrected,4,board_data_4,trial_number,220,278,278,58,58,B1-B4_hand_active_board10,val
1,3,5,0,0,1,6,"[4.0, 6.0]",True,B3_trial5_rep0_attempt0.csv,/Users/arthu/Desktop/CTM_Res-Pro/data/reach_to_grasp_dataset/data/participant_1/motion/B3_trial5_rep0_attempt0.csv,6,6,True,1.0,B3_trial5_rep1_attempt0.csv,6,target_object_corrected,5,board_data_5,trial_number,206,285,285,79,79,B1-B4_hand_active_board10,train
1,3,5,1,0,1,6,[6.0],False,B3_trial5_rep1_attempt0.csv,/Users/arthu/Desktop/CTM_Res-Pro/data/reach_to_grasp_dataset/data/participant_1/motion/B3_trial5_rep1_attempt0.csv,6,6,False,,,6,target_object_corrected,5,board_data_5,trial_number,217,271,271,54,54,B1-B4_hand_active_board10,train
1,3,5,2,0,1,6,[6.0],False,B3_trial5_rep2_attempt0.csv,/Users/arthu/Desktop/CTM_Res-Pro/data/reach_to_grasp_dataset/data/participant_1/motion/B3_trial5_rep2_attempt0.csv,6,6,False,,,6,target_object_corrected,5,board_data_5,trial_number,221,282,282,61,61,B1-B4_hand_active_board10,train
1,3,5,3,0,1,6,[6.0],False,B3_trial5_rep3_attempt0.csv,/Users/arthu/Desktop/CTM_Res-Pro/data/reach_to_grasp_dataset/data/participant_1/motion/B3_trial5_rep3_attempt0.csv,6,6,False,,,6,target_object_corrected,5,board_data_5,trial_number,203,259,259,56,56,B1-B4_hand_active_board10,val
1,3,6,0,0,1,5,[5.0],False,B3_trial6_rep0_attempt0.csv,/Users/arthu/Desktop/CTM_Res-Pro/data/reach_to_grasp_dataset/data/participant_1/motion/B3_trial6_rep0_attempt0.csv,5,5,True,1.0,B3_trial6_rep1_attempt0.csv,5,target_object_corrected,6,board_data_6,trial_number,218,271,271,53,53,B1-B4_hand_active_board10,train
1,3,6,1,0,1,5,[5.0],False,B3_trial6_rep1_attempt0.csv,/Users/arthu/Desktop/CTM_Res-Pro/data/reach_to_grasp_dataset/data/participant_1/motion/B3_trial6_rep1_attempt0.csv,5,5,False,,,5,target_object_corrected,6,board_data_6,trial_number,212,280,280,68,68,B1-B4_hand_active_board10,train
1,3,6,2,0,1,5,[5.0],False,B3_trial6_rep2_attempt0.csv,/Users/arthu/Desktop/CTM_Res-Pro/data/reach_to_grasp_dataset/data/participant_1/motion/B3_trial6_rep2_attempt0.csv,5,5,False,,,5,target_object_corrected,6,board_data_6,trial_number,212,273,273,61,61,B1-B4_hand_active_board10,train
1,3,6,3,0,1,5,[5.0],False,B3_trial6_rep3_attempt0.csv,/Users/arthu/Desktop/CTM_Res-Pro/data/reach_to_grasp_dataset/data/participant_1/motion/B3_trial6_rep3_attempt0.csv,5,5,False,,,5,target_object_corrected,6,board_data_6,trial_number,215,278,278,63,63,B1-B4_hand_active_board10,val
1,3,7,0,1,1,4,[4.0],False,B3_trial7_rep0_attempt1.csv,/Users/arthu/Desktop/CTM_Res-Pro/data/reach_to_grasp_dataset/data/participant_1/motion/B3_trial7_rep0_attempt1.csv,4,4,True,1.0,B3_trial7_rep1_attempt0.csv,4,target_object_corrected,7,board_data_7,trial_number,211,257,257,46,46,B1-B4_hand_active_board10,train
1,3,7,1,0,1,4,[4.0],False,B3_trial7_rep1_attempt0.csv,/Users/arthu/Desktop/CTM_Res-Pro/data/reach_to_grasp_dataset/data/participant_1/motion/B3_trial7_rep1_attempt0.csv,4,4,False,,,4,target_object_corrected,7,board_data_7,trial_number,214,253,253,39,39,B1-B4_hand_active_board10,train
1,3,7,2,0,1,4,[4.0],False,B3_trial7_rep2_attempt0.csv,/Users/arthu/Desktop/CTM_Res-Pro/data/reach_to_grasp_dataset/data/participant_1/motion/B3_trial7_rep2_attempt0.csv,4,4,False,,,4,target_object_corrected,7,board_data_7,trial_number,210,254,254,44,44,B1-B4_hand_active_board10,train
1,3,7,3,0,1,4,[4.0],False,B3_trial7_rep3_attempt0.csv,/Users/arthu/Desktop/CTM_Res-Pro/data/reach_to_grasp_dataset/data/participant_1/motion/B3_trial7_rep3_attempt0.csv,4,4,False,,,4,target_object_corrected,7,board_data_7,trial_number,219,261,261,42,42,B1-B4_hand_active_board10,val
1,4,0,0,0,1,4,"[7.0, 4.0]",True,B4_trial0_rep0_attempt0.csv,/Users/arthu/Desktop/CTM_Res-Pro/data/reach_to_grasp_dataset/data/participant_1/motion/B4_trial0_rep0_attempt0.csv,4,4,True,1.0,B4_trial0_rep1_attempt0.csv,4,target_object_corrected,0,board_data_0,trial_number,210,259,259,49,49,B1-B4_hand_active_board10,train
1,4,0,1,0,1,4,[4.0],False,B4_trial0_rep1_attempt0.csv,/Users/arthu/Desktop/CTM_Res-Pro/data/reach_to_grasp_dataset/data/participant_1/motion/B4_trial0_rep1_attempt0.csv,4,4,False,,,4,target_object_corrected,0,board_data_0,trial_number,212,250,250,38,38,B1-B4_hand_active_board10,train
1,4,0,2,0,1,4,[4.0],False,B4_trial0_rep2_attempt0.csv,/Users/arthu/Desktop/CTM_Res-Pro/data/reach_to_grasp_dataset/data/participant_1/motion/B4_trial0_rep2_attempt0.csv,4,4,False,,,4,target_object_corrected,0,board_data_0,trial_number,215,261,261,46,46,B1-B4_hand_active_board10,train
1,4,0,3,0,1,4,[4.0],False,B4_trial0_rep3_attempt0.csv,/Users/arthu/Desktop/CTM_Res-Pro/data/reach_to_grasp_dataset/data/participant_1/motion/B4_trial0_rep3_attempt0.csv,4,4,False,,,4,target_object_corrected,0,board_data_0,trial_number,212,257,257,45,45,B1-B4_hand_active_board10,val
1,4,1,0,0,1,5,"[0.0, 5.0]",True,B4_trial1_rep0_attempt0.csv,/Users/arthu/Desktop/CTM_Res-Pro/data/reach_to_grasp_dataset/data/participant_1/motion/B4_trial1_rep0_attempt0.csv,5,5,True,1.0,B4_trial1_rep1_attempt0.csv,5,target_object_corrected,1,board_data_1,trial_number,215,273,273,58,58,B1-B4_hand_active_board10,train
1,4,1,1,0,1,5,[5.0],False,B4_trial1_rep1_attempt0.csv,/Users/arthu/Desktop/CTM_Res-Pro/data/reach_to_grasp_dataset/data/participant_1/motion/B4_trial1_rep1_attempt0.csv,5,5,False,,,5,target_object_corrected,1,board_data_1,trial_number,218,281,281,63,63,B1-B4_hand_active_board10,train
1,4,1,2,0,1,5,[5.0],False,B4_trial1_rep2_attempt0.csv,/Users/arthu/Desktop/CTM_Res-Pro/data/reach_to_grasp_dataset/data/participant_1/motion/B4_trial1_rep2_attempt0.csv,5,5,False,,,5,target_object_corrected,1,board_data_1,trial_number,221,283,283,62,62,B1-B4_hand_active_board10,train
1,4,1,3,0,1,5,[5.0],False,B4_trial1_rep3_attempt0.csv,/Users/arthu/Desktop/CTM_Res-Pro/data/reach_to_grasp_dataset/data/participant_1/motion/B4_trial1_rep3_attempt0.csv,5,5,False,,,5,target_object_corrected,1,board_data_1,trial_number,221,290,290,69,69,B1-B4_hand_active_board10,val
1,4,2,0,0,1,6,"[1.0, 6.0]",True,B4_trial2_rep0_attempt0.csv,/Users/arthu/Desktop/CTM_Res-Pro/data/reach_to_grasp_dataset/data/participant_1/motion/B4_trial2_rep0_attempt0.csv,6,6,True,1.0,B4_trial2_rep1_attempt0.csv,6,target_object_corrected,2,board_data_2,trial_number,226,275,275,49,49,B1-B4_hand_active_board10,train
1,4,2,1,0,1,6,[6.0],False,B4_trial2_rep1_attempt0.csv,/Users/arthu/Desktop/CTM_Res-Pro/data/reach_to_grasp_dataset/data/participant_1/motion/B4_trial2_rep1_attempt0.csv,6,6,False,,,6,target_object_corrected,2,board_data_2,trial_number,242,288,288,46,46,B1-B4_hand_active_board10,train
1,4,2,2,0,1,6,[6.0],False,B4_trial2_rep2_attempt0.csv,/Users/arthu/Desktop/CTM_Res-Pro/data/reach_to_grasp_dataset/data/participant_1/motion/B4_trial2_rep2_attempt0.csv,6,6,False,,,6,target_object_corrected,2,board_data_2,trial_number,248,285,285,37,37,B1-B4_hand_active_board10,train
1,4,2,3,0,1,6,[6.0],False,B4_trial2_rep3_attempt0.csv,/Users/arthu/Desktop/CTM_Res-Pro/data/reach_to_grasp_dataset/data/participant_1/motion/B4_trial2_rep3_attempt0.csv,6,6,False,,,6,target_object_corrected,2,board_data_2,trial_number,228,274,274,46,46,B1-B4_hand_active_board10,val
1,4,3,0,0,1,7,"[2.0, 7.0]",True,B4_trial3_rep0_attempt0.csv,/Users/arthu/Desktop/CTM_Res-Pro/data/reach_to_grasp_dataset/data/participant_1/motion/B4_trial3_rep0_attempt0.csv,7,7,True,1.0,B4_trial3_rep1_attempt0.csv,7,target_object_corrected,3,board_data_3,trial_number,243,266,266,23,23,B1-B4_hand_active_board10,train
1,4,3,1,0,1,7,[7.0],False,B4_trial3_rep1_attempt0.csv,/Users/arthu/Desktop/CTM_Res-Pro/data/reach_to_grasp_dataset/data/participant_1/motion/B4_trial3_rep1_attempt0.csv,7,7,False,,,7,target_object_corrected,3,board_data_3,trial_number,236,259,259,23,23,B1-B4_hand_active_board10,train
1,4,3,2,0,1,7,[7.0],False,B4_trial3_rep2_attempt0.csv,/Users/arthu/Desktop/CTM_Res-Pro/data/reach_to_grasp_dataset/data/participant_1/motion/B4_trial3_rep2_attempt0.csv,7,7,False,,,7,target_object_corrected,3,board_data_3,trial_number,226,249,249,23,23,B1-B4_hand_active_board10,train
1,4,3,3,0,1,7,[7.0],False,B4_trial3_rep3_attempt0.csv,/Users/arthu/Desktop/CTM_Res-Pro/data/reach_to_grasp_dataset/data/participant_1/motion/B4_trial3_rep3_attempt0.csv,7,7,False,,,7,target_object_corrected,3,board_data_3,trial_number,243,268,268,25,25,B1-B4_hand_active_board10,val
1,4,4,0,0,1,0,"[3.0, 0.0]",True,B4_trial4_rep0_attempt0.csv,/Users/arthu/Desktop/CTM_Res-Pro/data/reach_to_grasp_dataset/data/participant_1/motion/B4_trial4_rep0_attempt0.csv,0,0,True,1.0,B4_trial4_rep1_attempt0.csv,0,target_object_corrected,4,board_data_4,trial_number,206,248,248,42,42,B1-B4_hand_active_board10,train
1,4,4,1,0,1,0,[0.0],False,B4_trial4_rep1_attempt0.csv,/Users/arthu/Desktop/CTM_Res-Pro/data/reach_to_grasp_dataset/data/participant_1/motion/B4_trial4_rep1_attempt0.csv,0,0,False,,,0,target_object_corrected,4,board_data_4,trial_number,213,254,254,41,41,B1-B4_hand_active_board10,train
1,4,4,2,0,1,0,[0.0],False,B4_trial4_rep2_attempt0.csv,/Users/arthu/Desktop/CTM_Res-Pro/data/reach_to_grasp_dataset/data/participant_1/motion/B4_trial4_rep2_attempt0.csv,0,0,False,,,0,target_object_corrected,4,board_data_4,trial_number,221,264,264,43,43,B1-B4_hand_active_board10,train
1,4,4,3,0,1,0,[0.0],False,B4_trial4_rep3_attempt0.csv,/Users/arthu/Desktop/CTM_Res-Pro/data/reach_to_grasp_dataset/data/participant_1/motion/B4_trial4_rep3_attempt0.csv,0,0,False,,,0,target_object_corrected,4,board_data_4,trial_number,226,276,276,50,50,B1-B4_hand_active_board10,val
1,4,5,0,0,1,1,"[4.0, 1.0]",True,B4_trial5_rep0_attempt0.csv,/Users/arthu/Desktop/CTM_Res-Pro/data/reach_to_grasp_dataset/data/participant_1/motion/B4_trial5_rep0_attempt0.csv,1,1,True,1.0,B4_trial5_rep1_attempt0.csv,1,target_object_corrected,5,board_data_5,trial_number,215,262,262,47,47,B1-B4_hand_active_board10,train
1,4,5,1,0,1,1,[1.0],False,B4_trial5_rep1_attempt0.csv,/Users/arthu/Desktop/CTM_Res-Pro/data/reach_to_grasp_dataset/data/participant_1/motion/B4_trial5_rep1_attempt0.csv,1,1,False,,,1,target_object_corrected,5,board_data_5,trial_number,215,262,262,47,47,B1-B4_hand_active_board10,train
1,4,5,2,0,1,1,[1.0],False,B4_trial5_rep2_attempt0.csv,/Users/arthu/Desktop/CTM_Res-Pro/data/reach_to_grasp_dataset/data/participant_1/motion/B4_trial5_rep2_attempt0.csv,1,1,False,,,1,target_object_corrected,5,board_data_5,trial_number,230,280,280,50,50,B1-B4_hand_active_board10,train
1,4,5,3,0,1,1,[1.0],False,B4_trial5_rep3_attempt0.csv,/Users/arthu/Desktop/CTM_Res-Pro/data/reach_to_grasp_dataset/data/participant_1/motion/B4_trial5_rep3_attempt0.csv,1,1,False,,,1,target_object_corrected,5,board_data_5,trial_number,219,281,281,62,62,B1-B4_hand_active_board10,val
1,4,6,0,0,1,2,"[5.0, 2.0]",True,B4_trial6_rep0_attempt0.csv,/Users/arthu/Desktop/CTM_Res-Pro/data/reach_to_grasp_dataset/data/participant_1/motion/B4_trial6_rep0_attempt0.csv,2,2,True,1.0,B4_trial6_rep1_attempt0.csv,2,target_object_corrected,6,board_data_6,trial_number,216,282,282,66,66,B1-B4_hand_active_board10,train
1,4,6,1,0,1,2,[2.0],False,B4_trial6_rep1_attempt0.csv,/Users/arthu/Desktop/CTM_Res-Pro/data/reach_to_grasp_dataset/data/participant_1/motion/B4_trial6_rep1_attempt0.csv,2,2,False,,,2,target_object_corrected,6,board_data_6,trial_number,217,286,286,69,69,B1-B4_hand_active_board10,train
1,4,6,2,0,1,2,[2.0],False,B4_trial6_rep2_attempt0.csv,/Users/arthu/Desktop/CTM_Res-Pro/data/reach_to_grasp_dataset/data/participant_1/motion/B4_trial6_rep2_attempt0.csv,2,2,False,,,2,target_object_corrected,6,board_data_6,trial_number,219,282,282,63,63,B1-B4_hand_active_board10,train
1,4,6,3,0,1,2,[2.0],False,B4_trial6_rep3_attempt0.csv,/Users/arthu/Desktop/CTM_Res-Pro/data/reach_to_grasp_dataset/data/participant_1/motion/B4_trial6_rep3_attempt0.csv,2,2,False,,,2,target_object_corrected,6,board_data_6,trial_number,231,302,302,71,71,B1-B4_hand_active_board10,val
1,4,7,0,0,1,3,"[6.0, 3.0]",True,B4_trial7_rep0_attempt0.csv,/Users/arthu/Desktop/CTM_Res-Pro/data/reach_to_grasp_dataset/data/participant_1/motion/B4_trial7_rep0_attempt0.csv,3,3,True,1.0,B4_trial7_rep1_attempt0.csv,3,target_object_corrected,7,board_data_7,trial_number,213,273,273,60,60,B1-B4_hand_active_board10,train
1,4,7,1,0,1,3,[3.0],False,B4_trial7_rep1_attempt0.csv,/Users/arthu/Desktop/CTM_Res-Pro/data/reach_to_grasp_dataset/data/participant_1/motion/B4_trial7_rep1_attempt0.csv,3,3,False,,,3,target_object_corrected,7,board_data_7,trial_number,221,284,284,63,63,B1-B4_hand_active_board10,train
1,4,7,2,0,1,3,[3.0],False,B4_trial7_rep2_attempt0.csv,/Users/arthu/Desktop/CTM_Res-Pro/data/reach_to_grasp_dataset/data/participant_1/motion/B4_trial7_rep2_attempt0.csv,3,3,False,,,3,target_object_corrected,7,board_data_7,trial_number,212,271,271,59,59,B1-B4_hand_active_board10,train
1,4,7,3,0,1,3,[3.0],False,B4_trial7_rep3_attempt0.csv,/Users/arthu/Desktop/CTM_Res-Pro/data/reach_to_grasp_dataset/data/participant_1/motion/B4_trial7_rep3_attempt0.csv,3,3,False,,,3,target_object_corrected,7,board_data_7,trial_number,220,278,278,58,58,B1-B4_hand_active_board10,val
2,1,0,0,0,1,0,"[3.0, 0.0]",True,B1_trial0_rep0_attempt0.csv,/Users/arthu/Desktop/CTM_Res-Pro/data/reach_to_grasp_dataset/data/participant_2/motion/B1_trial0_rep0_attempt0.csv,0,0,True,1.0,B1_trial0_rep1_attempt0.csv,0,target_object_corrected,0,board_data_0,trial_number,214,270,270,56,56,B1-B4_hand_active_board10,train
2,1,0,1,0,1,0,[0.0],False,B1_trial0_rep1_attempt0.csv,/Users/arthu/Desktop/CTM_Res-Pro/data/reach_to_grasp_dataset/data/participant_2/motion/B1_trial0_rep1_attempt0.csv,0,0,False,,,0,target_object_corrected,0,board_data_0,trial_number,207,253,253,46,46,B1-B4_hand_active_board10,train
2,1,0,2,0,1,0,[0.0],False,B1_trial0_rep2_attempt0.csv,/Users/arthu/Desktop/CTM_Res-Pro/data/reach_to_grasp_dataset/data/participant_2/motion/B1_trial0_rep2_attempt0.csv,0,0,False,,,0,target_object_corrected,0,board_data_0,trial_number,214,253,253,39,39,B1-B4_hand_active_board10,train
2,1,0,3,0,1,0,[0.0],False,B1_trial0_rep3_attempt0.csv,/Users/arthu/Desktop/CTM_Res-Pro/data/reach_to_grasp_dataset/data/participant_2/motion/B1_trial0_rep3_attempt0.csv,0,0,False,,,0,target_object_corrected,0,board_data_0,trial_number,217,257,257,40,40,B1-B4_hand_active_board10,val
2,1,1,0,0,1,1,"[0.0, 1.0]",True,B1_trial1_rep0_attempt0.csv,/Users/arthu/Desktop/CTM_Res-Pro/data/reach_to_grasp_dataset/data/participant_2/motion/B1_trial1_rep0_attempt0.csv,1,1,True,1.0,B1_trial1_rep1_attempt0.csv,1,target_object_corrected,1,board_data_1,trial_number,392,451,451,59,59,B1-B4_hand_active_board10,train
2,1,1,1,0,1,1,[1.0],False,B1_trial1_rep1_attempt0.csv,/Users/arthu/Desktop/CTM_Res-Pro/data/reach_to_grasp_dataset/data/participant_2/motion/B1_trial1_rep1_attempt0.csv,1,1,False,,,1,target_object_corrected,1,board_data_1,trial_number,222,279,279,57,57,B1-B4_hand_active_board10,train
2,1,1,2,0,1,1,[1.0],False,B1_trial1_rep2_attempt0.csv,/Users/arthu/Desktop/CTM_Res-Pro/data/reach_to_grasp_dataset/data/participant_2/motion/B1_trial1_rep2_attempt0.csv,1,1,False,,,1,target_object_corrected,1,board_data_1,trial_number,208,270,270,62,62,B1-B4_hand_active_board10,train
2,1,1,3,0,1,1,[1.0],False,B1_trial1_rep3_attempt0.csv,/Users/arthu/Desktop/CTM_Res-Pro/data/reach_to_grasp_dataset/data/participant_2/motion/B1_trial1_rep3_attempt0.csv,1,1,False,,,1,target_object_corrected,1,board_data_1,trial_number,223,290,290,67,67,B1-B4_hand_active_board10,val
2,1,2,0,1,1,2,[2.0],False,B1_trial2_rep0_attempt1.csv,/Users/arthu/Desktop/CTM_Res-Pro/data/reach_to_grasp_dataset/data/participant_2/motion/B1_trial2_rep0_attempt1.csv,2,2,True,1.0,B1_trial2_rep1_attempt0.csv,2,target_object_corrected,2,board_data_2,trial_number,164,230,230,66,66,B1-B4_hand_active_board10,train
2,1,2,1,0,1,2,[2.0],False,B1_trial2_rep1_attempt0.csv,/Users/arthu/Desktop/CTM_Res-Pro/data/reach_to_grasp_dataset/data/participant_2/motion/B1_trial2_rep1_attempt0.csv,2,2,False,,,2,target_object_corrected,2,board_data_2,trial_number,213,265,265,52,52,B1-B4_hand_active_board10,train
2,1,2,2,0,1,2,[2.0],False,B1_trial2_rep2_attempt0.csv,/Users/arthu/Desktop/CTM_Res-Pro/data/reach_to_grasp_dataset/data/participant_2/motion/B1_trial2_rep2_attempt0.csv,2,2,False,,,2,target_object_corrected,2,board_data_2,trial_number,230,268,268,38,38,B1-B4_hand_active_board10,train
2,1,2,3,0,1,2,[2.0],False,B1_trial2_rep3_attempt0.csv,/Users/arthu/Desktop/CTM_Res-Pro/data/reach_to_grasp_dataset/data/participant_2/motion/B1_trial2_rep3_attempt0.csv,2,2,False,,,2,target_object_corrected,2,board_data_2,trial_number,237,322,322,85,85,B1-B4_hand_active_board10,val
2,1,3,0,0,1,3,"[2.0, 3.0]",True,B1_trial3_rep0_attempt0.csv,/Users/arthu/Desktop/CTM_Res-Pro/data/reach_to_grasp_dataset/data/participant_2/motion/B1_trial3_rep0_attempt0.csv,3,3,True,1.0,B1_trial3_rep1_attempt0.csv,3,target_object_corrected,3,board_data_3,trial_number,185,261,261,76,76,B1-B4_hand_active_board10,train
2,1,3,1,0,1,3,[3.0],False,B1_trial3_rep1_attempt0.csv,/Users/arthu/Desktop/CTM_Res-Pro/data/reach_to_grasp_dataset/data/participant_2/motion/B1_trial3_rep1_attempt0.csv,3,3,False,,,3,target_object_corrected,3,board_data_3,trial_number,19,127,127,108,108,B1-B4_hand_active_board10,train
2,1,3,2,1,1,3,[3.0],False,B1_trial3_rep2_attempt1.csv,/Users/arthu/Desktop/CTM_Res-Pro/data/reach_to_grasp_dataset/data/participant_2/motion/B1_trial3_rep2_attempt1.csv,3,3,False,,,3,target_object_corrected,3,board_data_3,trial_number,270,298,298,28,28,B1-B4_hand_active_board10,train
2,1,3,3,0,1,3,[3.0],False,B1_trial3_rep3_attempt0.csv,/Users/arthu/Desktop/CTM_Res-Pro/data/reach_to_grasp_dataset/data/participant_2/motion/B1_trial3_rep3_attempt0.csv,3,3,False,,,3,target_object_corrected,3,board_data_3,trial_number,250,310,310,60,60,B1-B4_hand_active_board10,val
2,1,4,0,0,1,4,"[3.0, 4.0]",True,B1_trial4_rep0_attempt0.csv,/Users/arthu/Desktop/CTM_Res-Pro/data/reach_to_grasp_dataset/data/participant_2/motion/B1_trial4_rep0_attempt0.csv,4,4,True,1.0,B1_trial4_rep1_attempt0.csv,4,target_object_corrected,4,board_data_4,trial_number,231,297,297,66,66,B1-B4_hand_active_board10,train
2,1,4,1,0,1,4,[4.0],False,B1_trial4_rep1_attempt0.csv,/Users/arthu/Desktop/CTM_Res-Pro/data/reach_to_grasp_dataset/data/participant_2/motion/B1_trial4_rep1_attempt0.csv,4,4,False,,,4,target_object_corrected,4,board_data_4,trial_number,247,316,316,69,69,B1-B4_hand_active_board10,train
2,1,4,2,0,1,4,[4.0],False,B1_trial4_rep2_attempt0.csv,/Users/arthu/Desktop/CTM_Res-Pro/data/reach_to_grasp_dataset/data/participant_2/motion/B1_trial4_rep2_attempt0.csv,4,4,False,,,4,target_object_corrected,4,board_data_4,trial_number,326,376,376,50,50,B1-B4_hand_active_board10,train
2,1,4,3,0,1,4,[4.0],False,B1_trial4_rep3_attempt0.csv,/Users/arthu/Desktop/CTM_Res-Pro/data/reach_to_grasp_dataset/data/participant_2/motion/B1_trial4_rep3_attempt0.csv,4,4,False,,,4,target_object_corrected,4,board_data_4,trial_number,231,321,321,90,90,B1-B4_hand_active_board10,val
2,1,5,0,0,1,5,"[4.0, 5.0]",True,B1_trial5_rep0_attempt0.csv,/Users/arthu/Desktop/CTM_Res-Pro/data/reach_to_grasp_dataset/data/participant_2/motion/B1_trial5_rep0_attempt0.csv,5,5,True,1.0,B1_trial5_rep1_attempt0.csv,5,target_object_corrected,5,board_data_5,trial_number,221,292,292,71,71,B1-B4_hand_active_board10,train
2,1,5,1,0,1,5,[5.0],False,B1_trial5_rep1_attempt0.csv,/Users/arthu/Desktop/CTM_Res-Pro/data/reach_to_grasp_dataset/data/participant_2/motion/B1_trial5_rep1_attempt0.csv,5,5,False,,,5,target_object_corrected,5,board_data_5,trial_number,109,206,206,97,97,B1-B4_hand_active_board10,train
2,1,5,2,0,1,5,[5.0],False,B1_trial5_rep2_attempt0.csv,/Users/arthu/Desktop/CTM_Res-Pro/data/reach_to_grasp_dataset/data/participant_2/motion/B1_trial5_rep2_attempt0.csv,5,5,False,,,5,target_object_corrected,5,board_data_5,trial_number,256,317,317,61,61,B1-B4_hand_active_board10,train
2,1,5,3,0,1,5,[5.0],False,B1_trial5_rep3_attempt0.csv,/Users/arthu/Desktop/CTM_Res-Pro/data/reach_to_grasp_dataset/data/participant_2/motion/B1_trial5_rep3_attempt0.csv,5,5,False,,,5,target_object_corrected,5,board_data_5,trial_number,221,284,284,63,63,B1-B4_hand_active_board10,val
2,1,6,0,0,1,6,"[5.0, 6.0]",True,B1_trial6_rep0_attempt0.csv,/Users/arthu/Desktop/CTM_Res-Pro/data/reach_to_grasp_dataset/data/participant_2/motion/B1_trial6_rep0_attempt0.csv,6,6,True,1.0,B1_trial6_rep1_attempt0.csv,6,target_object_corrected,6,board_data_6,trial_number,250,349,349,99,99,B1-B4_hand_active_board10,train
2,1,6,1,0,1,6,[6.0],False,B1_trial6_rep1_attempt0.csv,/Users/arthu/Desktop/CTM_Res-Pro/data/reach_to_grasp_dataset/data/participant_2/motion/B1_trial6_rep1_attempt0.csv,6,6,False,,,6,target_object_corrected,6,board_data_6,trial_number,223,298,298,75,75,B1-B4_hand_active_board10,train
2,1,6,2,0,1,6,[6.0],False,B1_trial6_rep2_attempt0.csv,/Users/arthu/Desktop/CTM_Res-Pro/data/reach_to_grasp_dataset/data/participant_2/motion/B1_trial6_rep2_attempt0.csv,6,6,False,,,6,target_object_corrected,6,board_data_6,trial_number,251,314,314,63,63,B1-B4_hand_active_board10,train
2,1,6,3,0,1,6,[6.0],False,B1_trial6_rep3_attempt0.csv,/Users/arthu/Desktop/CTM_Res-Pro/data/reach_to_grasp_dataset/data/participant_2/motion/B1_trial6_rep3_attempt0.csv,6,6,False,,,6,target_object_corrected,6,board_data_6,trial_number,233,288,288,55,55,B1-B4_hand_active_board10,val
2,1,7,0,0,1,7,"[6.0, 7.0]",True,B1_trial7_rep0_attempt0.csv,/Users/arthu/Desktop/CTM_Res-Pro/data/reach_to_grasp_dataset/data/participant_2/motion/B1_trial7_rep0_attempt0.csv,7,7,True,1.0,B1_trial7_rep1_attempt0.csv,7,target_object_corrected,7,board_data_7,trial_number,280,352,352,72,72,B1-B4_hand_active_board10,train
2,1,7,1,0,1,7,[7.0],False,B1_trial7_rep1_attempt0.csv,/Users/arthu/Desktop/CTM_Res-Pro/data/reach_to_grasp_dataset/data/participant_2/motion/B1_trial7_rep1_attempt0.csv,7,7,False,,,7,target_object_corrected,7,board_data_7,trial_number,99,197,197,98,98,B1-B4_hand_active_board10,train
2,1,7,2,0,1,7,[7.0],False,B1_trial7_rep2_attempt0.csv,/Users/arthu/Desktop/CTM_Res-Pro/data/reach_to_grasp_dataset/data/participant_2/motion/B1_trial7_rep2_attempt0.csv,7,7,False,,,7,target_object_corrected,7,board_data_7,trial_number,207,279,279,72,72,B1-B4_hand_active_board10,train
2,1,7,3,0,1,7,[7.0],False,B1_trial7_rep3_attempt0.csv,/Users/arthu/Desktop/CTM_Res-Pro/data/reach_to_grasp_dataset/data/participant_2/motion/B1_trial7_rep3_attempt0.csv,7,7,False,,,7,target_object_corrected,7,board_data_7,trial_number,226,292,292,66,66,B1-B4_hand_active_board10,val
2,2,0,0,0,1,7,[7.0],False,B2_trial0_rep0_attempt0.csv,/Users/arthu/Desktop/CTM_Res-Pro/data/reach_to_grasp_dataset/data/participant_2/motion/B2_trial0_rep0_attempt0.csv,7,7,True,1.0,B2_trial0_rep1_attempt0.csv,7,target_object_corrected,0,board_data_0,trial_number,213,276,276,63,63,B1-B4_hand_active_board10,train
2,2,0,1,0,1,7,[7.0],False,B2_trial0_rep1_attempt0.csv,/Users/arthu/Desktop/CTM_Res-Pro/data/reach_to_grasp_dataset/data/participant_2/motion/B2_trial0_rep1_attempt0.csv,7,7,False,,,7,target_object_corrected,0,board_data_0,trial_number,219,277,277,58,58,B1-B4_hand_active_board10,train
2,2,0,2,0,1,7,[7.0],False,B2_trial0_rep2_attempt0.csv,/Users/arthu/Desktop/CTM_Res-Pro/data/reach_to_grasp_dataset/data/participant_2/motion/B2_trial0_rep2_attempt0.csv,7,7,False,,,7,target_object_corrected,0,board_data_0,trial_number,213,272,272,59,59,B1-B4_hand_active_board10,train
2,2,0,3,0,1,7,[7.0],False,B2_trial0_rep3_attempt0.csv,/Users/arthu/Desktop/CTM_Res-Pro/data/reach_to_grasp_dataset/data/participant_2/motion/B2_trial0_rep3_attempt0.csv,7,7,False,,,7,target_object_corrected,0,board_data_0,trial_number,227,297,297,70,70,B1-B4_hand_active_board10,val
2,2,1,0,0,1,6,"[0.0, 6.0]",True,B2_trial1_rep0_attempt0.csv,/Users/arthu/Desktop/CTM_Res-Pro/data/reach_to_grasp_dataset/data/participant_2/motion/B2_trial1_rep0_attempt0.csv,6,6,True,1.0,B2_trial1_rep1_attempt0.csv,6,target_object_corrected,1,board_data_1,trial_number,225,297,297,72,72,B1-B4_hand_active_board10,train
2,2,1,1,0,1,6,[6.0],False,B2_trial1_rep1_attempt0.csv,/Users/arthu/Desktop/CTM_Res-Pro/data/reach_to_grasp_dataset/data/participant_2/motion/B2_trial1_rep1_attempt0.csv,6,6,False,,,6,target_object_corrected,1,board_data_1,trial_number,213,272,272,59,59,B1-B4_hand_active_board10,train
2,2,1,2,0,1,6,[6.0],False,B2_trial1_rep2_attempt0.csv,/Users/arthu/Desktop/CTM_Res-Pro/data/reach_to_grasp_dataset/data/participant_2/motion/B2_trial1_rep2_attempt0.csv,6,6,False,,,6,target_object_corrected,1,board_data_1,trial_number,204,258,258,54,54,B1-B4_hand_active_board10,train
2,2,1,3,0,1,6,[6.0],False,B2_trial1_rep3_attempt0.csv,/Users/arthu/Desktop/CTM_Res-Pro/data/reach_to_grasp_dataset/data/participant_2/motion/B2_trial1_rep3_attempt0.csv,6,6,False,,,6,target_object_corrected,1,board_data_1,trial_number,294,348,348,54,54,B1-B4_hand_active_board10,val
2,2,2,0,0,1,5,"[1.0, 5.0]",True,B2_trial2_rep0_attempt0.csv,/Users/arthu/Desktop/CTM_Res-Pro/data/reach_to_grasp_dataset/data/participant_2/motion/B2_trial2_rep0_attempt0.csv,5,5,True,1.0,B2_trial2_rep1_attempt0.csv,5,target_object_corrected,2,board_data_2,trial_number,223,284,284,61,61,B1-B4_hand_active_board10,train
2,2,2,1,0,1,5,[5.0],False,B2_trial2_rep1_attempt0.csv,/Users/arthu/Desktop/CTM_Res-Pro/data/reach_to_grasp_dataset/data/participant_2/motion/B2_trial2_rep1_attempt0.csv,5,5,False,,,5,target_object_corrected,2,board_data_2,trial_number,246,302,302,56,56,B1-B4_hand_active_board10,train
2,2,2,2,0,1,5,[5.0],False,B2_trial2_rep2_attempt0.csv,/Users/arthu/Desktop/CTM_Res-Pro/data/reach_to_grasp_dataset/data/participant_2/motion/B2_trial2_rep2_attempt0.csv,5,5,False,,,5,target_object_corrected,2,board_data_2,trial_number,220,278,278,58,58,B1-B4_hand_active_board10,train
2,2,2,3,0,1,5,[5.0],False,B2_trial2_rep3_attempt0.csv,/Users/arthu/Desktop/CTM_Res-Pro/data/reach_to_grasp_dataset/data/participant_2/motion/B2_trial2_rep3_attempt0.csv,5,5,False,,,5,target_object_corrected,2,board_data_2,trial_number,227,289,289,62,62,B1-B4_hand_active_board10,val
2,2,3,0,0,1,4,"[2.0, 4.0]",True,B2_trial3_rep0_attempt0.csv,/Users/arthu/Desktop/CTM_Res-Pro/data/reach_to_grasp_dataset/data/participant_2/motion/B2_trial3_rep0_attempt0.csv,4,4,True,1.0,B2_trial3_rep1_attempt0.csv,4,target_object_corrected,3,board_data_3,trial_number,177,180,180,3,3,B1-B4_hand_active_board10,train
2,2,3,1,0,1,4,[4.0],False,B2_trial3_rep1_attempt0.csv,/Users/arthu/Desktop/CTM_Res-Pro/data/reach_to_grasp_dataset/data/participant_2/motion/B2_trial3_rep1_attempt0.csv,4,4,False,,,4,target_object_corrected,3,board_data_3,trial_number,321,324,324,3,3,B1-B4_hand_active_board10,train
2,2,3,2,0,1,4,[4.0],False,B2_trial3_rep2_attempt0.csv,/Users/arthu/Desktop/CTM_Res-Pro/data/reach_to_grasp_dataset/data/participant_2/motion/B2_trial3_rep2_attempt0.csv,4,4,False,,,4,target_object_corrected,3,board_data_3,trial_number,417,420,420,3,3,B1-B4_hand_active_board10,train
2,2,3,3,0,1,4,[4.0],False,B2_trial3_rep3_attempt0.csv,/Users/arthu/Desktop/CTM_Res-Pro/data/reach_to_grasp_dataset/data/participant_2/motion/B2_trial3_rep3_attempt0.csv,4,4,False,,,4,target_object_corrected,3,board_data_3,trial_number,361,363,363,2,2,B1-B4_hand_active_board10,val
2,2,4,0,1,1,3,[3.0],False,B2_trial4_rep0_attempt1.csv,/Users/arthu/Desktop/CTM_Res-Pro/data/reach_to_grasp_dataset/data/participant_2/motion/B2_trial4_rep0_attempt1.csv,3,3,True,1.0,B2_trial4_rep1_attempt0.csv,3,target_object_corrected,4,board_data_4,trial_number,107,229,229,122,122,B1-B4_hand_active_board10,train
2,2,4,1,0,1,3,[3.0],False,B2_trial4_rep1_attempt0.csv,/Users/arthu/Desktop/CTM_Res-Pro/data/reach_to_grasp_dataset/data/participant_2/motion/B2_trial4_rep1_attempt0.csv,3,3,False,,,3,target_object_corrected,4,board_data_4,trial_number,235,296,296,61,61,B1-B4_hand_active_board10,train
2,2,4,2,0,1,3,[3.0],False,B2_trial4_rep2_attempt0.csv,/Users/arthu/Desktop/CTM_Res-Pro/data/reach_to_grasp_dataset/data/participant_2/motion/B2_trial4_rep2_attempt0.csv,3,3,False,,,3,target_object_corrected,4,board_data_4,trial_number,260,333,333,73,73,B1-B4_hand_active_board10,train
2,2,4,3,0,1,3,[3.0],False,B2_trial4_rep3_attempt0.csv,/Users/arthu/Desktop/CTM_Res-Pro/data/reach_to_grasp_dataset/data/participant_2/motion/B2_trial4_rep3_attempt0.csv,3,3,False,,,3,target_object_corrected,4,board_data_4,trial_number,247,351,351,104,104,B1-B4_hand_active_board10,val
2,2,5,0,0,1,2,"[4.0, 2.0]",True,B2_trial5_rep0_attempt0.csv,/Users/arthu/Desktop/CTM_Res-Pro/data/reach_to_grasp_dataset/data/participant_2/motion/B2_trial5_rep0_attempt0.csv,2,2,True,1.0,B2_trial5_rep1_attempt0.csv,2,target_object_corrected,5,board_data_5,trial_number,241,315,315,74,74,B1-B4_hand_active_board10,train
2,2,5,1,0,1,2,[2.0],False,B2_trial5_rep1_attempt0.csv,/Users/arthu/Desktop/CTM_Res-Pro/data/reach_to_grasp_dataset/data/participant_2/motion/B2_trial5_rep1_attempt0.csv,2,2,False,,,2,target_object_corrected,5,board_data_5,trial_number,794,842,842,48,48,B1-B4_hand_active_board10,train
2,2,5,2,0,1,2,[2.0],False,B2_trial5_rep2_attempt0.csv,/Users/arthu/Desktop/CTM_Res-Pro/data/reach_to_grasp_dataset/data/participant_2/motion/B2_trial5_rep2_attempt0.csv,2,2,False,,,2,target_object_corrected,5,board_data_5,trial_number,333,405,405,72,72,B1-B4_hand_active_board10,train
2,2,5,3,0,1,2,[2.0],False,B2_trial5_rep3_attempt0.csv,/Users/arthu/Desktop/CTM_Res-Pro/data/reach_to_grasp_dataset/data/participant_2/motion/B2_trial5_rep3_attempt0.csv,2,2,False,,,2,target_object_corrected,5,board_data_5,trial_number,205,272,272,67,67,B1-B4_hand_active_board10,val
2,2,6,0,0,1,1,"[5.0, 1.0]",True,B2_trial6_rep0_attempt0.csv,/Users/arthu/Desktop/CTM_Res-Pro/data/reach_to_grasp_dataset/data/participant_2/motion/B2_trial6_rep0_attempt0.csv,1,1,True,1.0,B2_trial6_rep1_attempt0.csv,1,target_object_corrected,6,board_data_6,trial_number,219,281,281,62,62,B1-B4_hand_active_board10,train
2,2,6,1,0,1,1,[1.0],False,B2_trial6_rep1_attempt0.csv,/Users/arthu/Desktop/CTM_Res-Pro/data/reach_to_grasp_dataset/data/participant_2/motion/B2_trial6_rep1_attempt0.csv,1,1,False,,,1,target_object_corrected,6,board_data_6,trial_number,219,275,275,56,56,B1-B4_hand_active_board10,train
2,2,6,2,0,1,1,[1.0],False,B2_trial6_rep2_attempt0.csv,/Users/arthu/Desktop/CTM_Res-Pro/data/reach_to_grasp_dataset/data/participant_2/motion/B2_trial6_rep2_attempt0.csv,1,1,False,,,1,target_object_corrected,6,board_data_6,trial_number,294,350,350,56,56,B1-B4_hand_active_board10,train
2,2,6,3,0,1,1,[1.0],False,B2_trial6_rep3_attempt0.csv,/Users/arthu/Desktop/CTM_Res-Pro/data/reach_to_grasp_dataset/data/participant_2/motion/B2_trial6_rep3_attempt0.csv,1,1,False,,,1,target_object_corrected,6,board_data_6,trial_number,227,306,306,79,79,B1-B4_hand_active_board10,val
2,2,7,0,0,1,0,"[6.0, 0.0]",True,B2_trial7_rep0_attempt0.csv,/Users/arthu/Desktop/CTM_Res-Pro/data/reach_to_grasp_dataset/data/participant_2/motion/B2_trial7_rep0_attempt0.csv,0,0,True,1.0,B2_trial7_rep1_attempt0.csv,0,target_object_corrected,7,board_data_7,trial_number,264,329,329,65,65,B1-B4_hand_active_board10,train
2,2,7,1,0,1,0,[0.0],False,B2_trial7_rep1_attempt0.csv,/Users/arthu/Desktop/CTM_Res-Pro/data/reach_to_grasp_dataset/data/participant_2/motion/B2_trial7_rep1_attempt0.csv,0,0,False,,,0,target_object_corrected,7,board_data_7,trial_number,211,269,269,58,58,B1-B4_hand_active_board10,train
2,2,7,2,0,1,0,[0.0],False,B2_trial7_rep2_attempt0.csv,/Users/arthu/Desktop/CTM_Res-Pro/data/reach_to_grasp_dataset/data/participant_2/motion/B2_trial7_rep2_attempt0.csv,0,0,False,,,0,target_object_corrected,7,board_data_7,trial_number,218,275,275,57,57,B1-B4_hand_active_board10,train
2,2,7,3,0,1,0,[0.0],False,B2_trial7_rep3_attempt0.csv,/Users/arthu/Desktop/CTM_Res-Pro/data/reach_to_grasp_dataset/data/participant_2/motion/B2_trial7_rep3_attempt0.csv,0,0,False,,,0,target_object_corrected,7,board_data_7,trial_number,238,297,297,59,59,B1-B4_hand_active_board10,val
2,3,0,0,0,1,3,"[7.0, 3.0]",True,B3_trial0_rep0_attempt0.csv,/Users/arthu/Desktop/CTM_Res-Pro/data/reach_to_grasp_dataset/data/participant_2/motion/B3_trial0_rep0_attempt0.csv,3,3,True,1.0,B3_trial0_rep1_attempt0.csv,3,target_object_corrected,0,board_data_0,trial_number,207,258,258,51,51,B1-B4_hand_active_board10,train
2,3,0,1,0,1,3,[3.0],False,B3_trial0_rep1_attempt0.csv,/Users/arthu/Desktop/CTM_Res-Pro/data/reach_to_grasp_dataset/data/participant_2/motion/B3_trial0_rep1_attempt0.csv,3,3,False,,,3,target_object_corrected,0,board_data_0,trial_number,228,291,291,63,63,B1-B4_hand_active_board10,train
2,3,0,2,0,1,3,[3.0],False,B3_trial0_rep2_attempt0.csv,/Users/arthu/Desktop/CTM_Res-Pro/data/reach_to_grasp_dataset/data/participant_2/motion/B3_trial0_rep2_attempt0.csv,3,3,False,,,3,target_object_corrected,0,board_data_0,trial_number,228,284,284,56,56,B1-B4_hand_active_board10,train
2,3,0,3,0,1,3,[3.0],False,B3_trial0_rep3_attempt0.csv,/Users/arthu/Desktop/CTM_Res-Pro/data/reach_to_grasp_dataset/data/participant_2/motion/B3_trial0_rep3_attempt0.csv,3,3,False,,,3,target_object_corrected,0,board_data_0,trial_number,245,294,294,49,49,B1-B4_hand_active_board10,val
2,3,1,0,1,1,2,[2.0],False,B3_trial1_rep0_attempt1.csv,/Users/arthu/Desktop/CTM_Res-Pro/data/reach_to_grasp_dataset/data/participant_2/motion/B3_trial1_rep0_attempt1.csv,2,2,True,1.0,B3_trial1_rep1_attempt0.csv,2,target_object_corrected,1,board_data_1,trial_number,74,122,122,48,48,B1-B4_hand_active_board10,train
2,3,1,1,0,1,2,[2.0],False,B3_trial1_rep1_attempt0.csv,/Users/arthu/Desktop/CTM_Res-Pro/data/reach_to_grasp_dataset/data/participant_2/motion/B3_trial1_rep1_attempt0.csv,2,2,False,,,2,target_object_corrected,1,board_data_1,trial_number,73,207,207,134,134,B1-B4_hand_active_board10,train
2,3,1,2,0,1,2,[2.0],False,B3_trial1_rep2_attempt0.csv,/Users/arthu/Desktop/CTM_Res-Pro/data/reach_to_grasp_dataset/data/participant_2/motion/B3_trial1_rep2_attempt0.csv,2,2,False,,,2,target_object_corrected,1,board_data_1,trial_number,270,317,317,47,47,B1-B4_hand_active_board10,train
2,3,1,3,0,1,2,[2.0],False,B3_trial1_rep3_attempt0.csv,/Users/arthu/Desktop/CTM_Res-Pro/data/reach_to_grasp_dataset/data/participant_2/motion/B3_trial1_rep3_attempt0.csv,2,2,False,,,2,target_object_corrected,1,board_data_1,trial_number,224,273,273,49,49,B1-B4_hand_active_board10,val
2,3,2,0,1,1,1,[1.0],False,B3_trial2_rep0_attempt1.csv,/Users/arthu/Desktop/CTM_Res-Pro/data/reach_to_grasp_dataset/data/participant_2/motion/B3_trial2_rep0_attempt1.csv,1,1,True,1.0,B3_trial2_rep1_attempt0.csv,1,target_object_corrected,2,board_data_2,trial_number,64,273,273,209,209,B1-B4_hand_active_board10,train
2,3,2,1,0,1,1,[1.0],False,B3_trial2_rep1_attempt0.csv,/Users/arthu/Desktop/CTM_Res-Pro/data/reach_to_grasp_dataset/data/participant_2/motion/B3_trial2_rep1_attempt0.csv,1,1,False,,,1,target_object_corrected,2,board_data_2,trial_number,226,275,275,49,49,B1-B4_hand_active_board10,train
2,3,2,2,0,1,1,[1.0],False,B3_trial2_rep2_attempt0.csv,/Users/arthu/Desktop/CTM_Res-Pro/data/reach_to_grasp_dataset/data/participant_2/motion/B3_trial2_rep2_attempt0.csv,1,1,False,,,1,target_object_corrected,2,board_data_2,trial_number,227,280,280,53,53,B1-B4_hand_active_board10,train
2,3,2,3,0,1,1,[1.0],False,B3_trial2_rep3_attempt0.csv,/Users/arthu/Desktop/CTM_Res-Pro/data/reach_to_grasp_dataset/data/participant_2/motion/B3_trial2_rep3_attempt0.csv,1,1,False,,,1,target_object_corrected,2,board_data_2,trial_number,291,349,349,58,58,B1-B4_hand_active_board10,val
2,3,3,0,0,1,0,"[2.0, 0.0]",True,B3_trial3_rep0_attempt0.csv,/Users/arthu/Desktop/CTM_Res-Pro/data/reach_to_grasp_dataset/data/participant_2/motion/B3_trial3_rep0_attempt0.csv,0,0,True,1.0,B3_trial3_rep1_attempt0.csv,0,target_object_corrected,3,board_data_3,trial_number,245,334,334,89,89,B1-B4_hand_active_board10,train
2,3,3,1,0,1,0,[0.0],False,B3_trial3_rep1_attempt0.csv,/Users/arthu/Desktop/CTM_Res-Pro/data/reach_to_grasp_dataset/data/participant_2/motion/B3_trial3_rep1_attempt0.csv,0,0,False,,,0,target_object_corrected,3,board_data_3,trial_number,246,284,284,38,38,B1-B4_hand_active_board10,train
2,3,3,2,0,1,0,[0.0],False,B3_trial3_rep2_attempt0.csv,/Users/arthu/Desktop/CTM_Res-Pro/data/reach_to_grasp_dataset/data/participant_2/motion/B3_trial3_rep2_attempt0.csv,0,0,False,,,0,target_object_corrected,3,board_data_3,trial_number,229,266,266,37,37,B1-B4_hand_active_board10,train
2,3,3,3,0,1,0,[0.0],False,B3_trial3_rep3_attempt0.csv,/Users/arthu/Desktop/CTM_Res-Pro/data/reach_to_grasp_dataset/data/participant_2/motion/B3_trial3_rep3_attempt0.csv,0,0,False,,,0,target_object_corrected,3,board_data_3,trial_number,245,294,294,49,49,B1-B4_hand_active_board10,val
2,3,4,0,0,1,7,"[3.0, 7.0]",True,B3_trial4_rep0_attempt0.csv,/Users/arthu/Desktop/CTM_Res-Pro/data/reach_to_grasp_dataset/data/participant_2/motion/B3_trial4_rep0_attempt0.csv,7,7,True,1.0,B3_trial4_rep1_attempt0.csv,7,target_object_corrected,4,board_data_4,trial_number,213,269,269,56,56,B1-B4_hand_active_board10,train
2,3,4,1,0,1,7,[7.0],False,B3_trial4_rep1_attempt0.csv,/Users/arthu/Desktop/CTM_Res-Pro/data/reach_to_grasp_dataset/data/participant_2/motion/B3_trial4_rep1_attempt0.csv,7,7,False,,,7,target_object_corrected,4,board_data_4,trial_number,213,258,258,45,45,B1-B4_hand_active_board10,train
2,3,4,2,0,1,7,[7.0],False,B3_trial4_rep2_attempt0.csv,/Users/arthu/Desktop/CTM_Res-Pro/data/reach_to_grasp_dataset/data/participant_2/motion/B3_trial4_rep2_attempt0.csv,7,7,False,,,7,target_object_corrected,4,board_data_4,trial_number,208,264,264,56,56,B1-B4_hand_active_board10,train
2,3,4,3,0,1,7,[7.0],False,B3_trial4_rep3_attempt0.csv,/Users/arthu/Desktop/CTM_Res-Pro/data/reach_to_grasp_dataset/data/participant_2/motion/B3_trial4_rep3_attempt0.csv,7,7,False,,,7,target_object_corrected,4,board_data_4,trial_number,462,535,535,73,73,B1-B4_hand_active_board10,val
2,3,5,0,0,1,6,"[4.0, 6.0]",True,B3_trial5_rep0_attempt0.csv,/Users/arthu/Desktop/CTM_Res-Pro/data/reach_to_grasp_dataset/data/participant_2/motion/B3_trial5_rep0_attempt0.csv,6,6,True,1.0,B3_trial5_rep1_attempt0.csv,6,target_object_corrected,5,board_data_5,trial_number,238,319,319,81,81,B1-B4_hand_active_board10,train
2,3,5,1,0,1,6,[6.0],False,B3_trial5_rep1_attempt0.csv,/Users/arthu/Desktop/CTM_Res-Pro/data/reach_to_grasp_dataset/data/participant_2/motion/B3_trial5_rep1_attempt0.csv,6,6,False,,,6,target_object_corrected,5,board_data_5,trial_number,138,235,235,97,97,B1-B4_hand_active_board10,train
2,3,5,2,0,1,6,[6.0],False,B3_trial5_rep2_attempt0.csv,/Users/arthu/Desktop/CTM_Res-Pro/data/reach_to_grasp_dataset/data/participant_2/motion/B3_trial5_rep2_attempt0.csv,6,6,False,,,6,target_object_corrected,5,board_data_5,trial_number,256,310,310,54,54,B1-B4_hand_active_board10,train
2,3,5,3,0,1,6,[6.0],False,B3_trial5_rep3_attempt0.csv,/Users/arthu/Desktop/CTM_Res-Pro/data/reach_to_grasp_dataset/data/participant_2/motion/B3_trial5_rep3_attempt0.csv,6,6,False,,,6,target_object_corrected,5,board_data_5,trial_number,246,307,307,61,61,B1-B4_hand_active_board10,val
2,3,6,0,1,1,5,[5.0],False,B3_trial6_rep0_attempt1.csv,/Users/arthu/Desktop/CTM_Res-Pro/data/reach_to_grasp_dataset/data/participant_2/motion/B3_trial6_rep0_attempt1.csv,5,5,True,1.0,B3_trial6_rep1_attempt0.csv,5,target_object_corrected,6,board_data_6,trial_number,207,288,288,81,81,B1-B4_hand_active_board10,train
2,3,6,1,0,1,5,[5.0],False,B3_trial6_rep1_attempt0.csv,/Users/arthu/Desktop/CTM_Res-Pro/data/reach_to_grasp_dataset/data/participant_2/motion/B3_trial6_rep1_attempt0.csv,5,5,False,,,5,target_object_corrected,6,board_data_6,trial_number,208,284,284,76,76,B1-B4_hand_active_board10,train
2,3,6,2,0,1,5,[5.0],False,B3_trial6_rep2_attempt0.csv,/Users/arthu/Desktop/CTM_Res-Pro/data/reach_to_grasp_dataset/data/participant_2/motion/B3_trial6_rep2_attempt0.csv,5,5,False,,,5,target_object_corrected,6,board_data_6,trial_number,251,322,322,71,71,B1-B4_hand_active_board10,train
2,3,6,3,0,1,5,[5.0],False,B3_trial6_rep3_attempt0.csv,/Users/arthu/Desktop/CTM_Res-Pro/data/reach_to_grasp_dataset/data/participant_2/motion/B3_trial6_rep3_attempt0.csv,5,5,False,,,5,target_object_corrected,6,board_data_6,trial_number,226,294,294,68,68,B1-B4_hand_active_board10,val
2,3,7,0,1,1,4,[4.0],False,B3_trial7_rep0_attempt1.csv,/Users/arthu/Desktop/CTM_Res-Pro/data/reach_to_grasp_dataset/data/participant_2/motion/B3_trial7_rep0_attempt1.csv,4,4,True,1.0,B3_trial7_rep1_attempt0.csv,4,target_object_corrected,7,board_data_7,trial_number,76,333,333,257,257,B1-B4_hand_active_board10,train
2,3,7,1,0,1,4,[4.0],False,B3_trial7_rep1_attempt0.csv,/Users/arthu/Desktop/CTM_Res-Pro/data/reach_to_grasp_dataset/data/participant_2/motion/B3_trial7_rep1_attempt0.csv,4,4,False,,,4,target_object_corrected,7,board_data_7,trial_number,243,313,313,70,70,B1-B4_hand_active_board10,train
2,3,7,2,0,1,4,[4.0],False,B3_trial7_rep2_attempt0.csv,/Users/arthu/Desktop/CTM_Res-Pro/data/reach_to_grasp_dataset/data/participant_2/motion/B3_trial7_rep2_attempt0.csv,4,4,False,,,4,target_object_corrected,7,board_data_7,trial_number,262,328,328,66,66,B1-B4_hand_active_board10,train
2,3,7,3,0,1,4,[4.0],False,B3_trial7_rep3_attempt0.csv,/Users/arthu/Desktop/CTM_Res-Pro/data/reach_to_grasp_dataset/data/participant_2/motion/B3_trial7_rep3_attempt0.csv,4,4,False,,,4,target_object_corrected,7,board_data_7,trial_number,260,343,343,83,83,B1-B4_hand_active_board10,val
2,4,0,0,0,1,4,"[7.0, 4.0]",True,B4_trial0_rep0_attempt0.csv,/Users/arthu/Desktop/CTM_Res-Pro/data/reach_to_grasp_dataset/data/participant_2/motion/B4_trial0_rep0_attempt0.csv,4,4,True,1.0,B4_trial0_rep1_attempt0.csv,4,target_object_corrected,0,board_data_0,trial_number,232,289,289,57,57,B1-B4_hand_active_board10,train
2,4,0,1,0,1,4,[4.0],False,B4_trial0_rep1_attempt0.csv,/Users/arthu/Desktop/CTM_Res-Pro/data/reach_to_grasp_dataset/data/participant_2/motion/B4_trial0_rep1_attempt0.csv,4,4,False,,,4,target_object_corrected,0,board_data_0,trial_number,225,280,280,55,55,B1-B4_hand_active_board10,train
2,4,0,2,0,1,4,[4.0],False,B4_trial0_rep2_attempt0.csv,/Users/arthu/Desktop/CTM_Res-Pro/data/reach_to_grasp_dataset/data/participant_2/motion/B4_trial0_rep2_attempt0.csv,4,4,False,,,4,target_object_corrected,0,board_data_0,trial_number,240,309,309,69,69,B1-B4_hand_active_board10,train
2,4,0,3,0,1,4,[4.0],False,B4_trial0_rep3_attempt0.csv,/Users/arthu/Desktop/CTM_Res-Pro/data/reach_to_grasp_dataset/data/participant_2/motion/B4_trial0_rep3_attempt0.csv,4,4,False,,,4,target_object_corrected,0,board_data_0,trial_number,215,271,271,56,56,B1-B4_hand_active_board10,val
2,4,1,0,0,1,5,"[0.0, 5.0]",True,B4_trial1_rep0_attempt0.csv,/Users/arthu/Desktop/CTM_Res-Pro/data/reach_to_grasp_dataset/data/participant_2/motion/B4_trial1_rep0_attempt0.csv,5,5,True,1.0,B4_trial1_rep1_attempt0.csv,5,target_object_corrected,1,board_data_1,trial_number,208,266,266,58,58,B1-B4_hand_active_board10,train
2,4,1,1,0,1,5,[5.0],False,B4_trial1_rep1_attempt0.csv,/Users/arthu/Desktop/CTM_Res-Pro/data/reach_to_grasp_dataset/data/participant_2/motion/B4_trial1_rep1_attempt0.csv,5,5,False,,,5,target_object_corrected,1,board_data_1,trial_number,226,290,290,64,64,B1-B4_hand_active_board10,train
2,4,1,2,0,1,5,[5.0],False,B4_trial1_rep2_attempt0.csv,/Users/arthu/Desktop/CTM_Res-Pro/data/reach_to_grasp_dataset/data/participant_2/motion/B4_trial1_rep2_attempt0.csv,5,5,False,,,5,target_object_corrected,1,board_data_1,trial_number,381,465,465,84,84,B1-B4_hand_active_board10,train
2,4,1,3,0,1,5,[5.0],False,B4_trial1_rep3_attempt0.csv,/Users/arthu/Desktop/CTM_Res-Pro/data/reach_to_grasp_dataset/data/participant_2/motion/B4_trial1_rep3_attempt0.csv,5,5,False,,,5,target_object_corrected,1,board_data_1,trial_number,215,283,283,68,68,B1-B4_hand_active_board10,val
2,4,2,0,0,1,6,"[1.0, 6.0]",True,B4_trial2_rep0_attempt0.csv,/Users/arthu/Desktop/CTM_Res-Pro/data/reach_to_grasp_dataset/data/participant_2/motion/B4_trial2_rep0_attempt0.csv,6,6,True,1.0,B4_trial2_rep1_attempt0.csv,6,target_object_corrected,2,board_data_2,trial_number,291,352,352,61,61,B1-B4_hand_active_board10,train
2,4,2,1,0,1,6,[6.0],False,B4_trial2_rep1_attempt0.csv,/Users/arthu/Desktop/CTM_Res-Pro/data/reach_to_grasp_dataset/data/participant_2/motion/B4_trial2_rep1_attempt0.csv,6,6,False,,,6,target_object_corrected,2,board_data_2,trial_number,309,366,366,57,57,B1-B4_hand_active_board10,train
2,4,2,2,0,1,6,[6.0],False,B4_trial2_rep2_attempt0.csv,/Users/arthu/Desktop/CTM_Res-Pro/data/reach_to_grasp_dataset/data/participant_2/motion/B4_trial2_rep2_attempt0.csv,6,6,False,,,6,target_object_corrected,2,board_data_2,trial_number,338,382,382,44,44,B1-B4_hand_active_board10,train
2,4,2,3,0,1,6,[6.0],False,B4_trial2_rep3_attempt0.csv,/Users/arthu/Desktop/CTM_Res-Pro/data/reach_to_grasp_dataset/data/participant_2/motion/B4_trial2_rep3_attempt0.csv,6,6,False,,,6,target_object_corrected,2,board_data_2,trial_number,285,364,364,79,79,B1-B4_hand_active_board10,val
2,4,3,0,0,1,7,"[2.0, 7.0]",True,B4_trial3_rep0_attempt0.csv,/Users/arthu/Desktop/CTM_Res-Pro/data/reach_to_grasp_dataset/data/participant_2/motion/B4_trial3_rep0_attempt0.csv,7,7,True,1.0,B4_trial3_rep1_attempt0.csv,7,target_object_corrected,3,board_data_3,trial_number,277,300,300,23,23,B1-B4_hand_active_board10,train
2,4,3,1,0,1,7,[7.0],False,B4_trial3_rep1_attempt0.csv,/Users/arthu/Desktop/CTM_Res-Pro/data/reach_to_grasp_dataset/data/participant_2/motion/B4_trial3_rep1_attempt0.csv,7,7,False,,,7,target_object_corrected,3,board_data_3,trial_number,262,266,266,4,4,B1-B4_hand_active_board10,train
2,4,3,2,0,1,7,[7.0],False,B4_trial3_rep2_attempt0.csv,/Users/arthu/Desktop/CTM_Res-Pro/data/reach_to_grasp_dataset/data/participant_2/motion/B4_trial3_rep2_attempt0.csv,7,7,False,,,7,target_object_corrected,3,board_data_3,trial_number,232,273,273,41,41,B1-B4_hand_active_board10,train
2,4,3,3,0,1,7,[7.0],False,B4_trial3_rep3_attempt0.csv,/Users/arthu/Desktop/CTM_Res-Pro/data/reach_to_grasp_dataset/data/participant_2/motion/B4_trial3_rep3_attempt0.csv,7,7,False,,,7,target_object_corrected,3,board_data_3,trial_number,305,352,352,47,47,B1-B4_hand_active_board10,val
2,4,4,0,1,1,0,[0.0],False,B4_trial4_rep0_attempt1.csv,/Users/arthu/Desktop/CTM_Res-Pro/data/reach_to_grasp_dataset/data/participant_2/motion/B4_trial4_rep0_attempt1.csv,0,0,True,1.0,B4_trial4_rep1_attempt0.csv,0,target_object_corrected,4,board_data_4,trial_number,209,260,260,51,51,B1-B4_hand_active_board10,train
2,4,4,1,0,1,0,[0.0],False,B4_trial4_rep1_attempt0.csv,/Users/arthu/Desktop/CTM_Res-Pro/data/reach_to_grasp_dataset/data/participant_2/motion/B4_trial4_rep1_attempt0.csv,0,0,False,,,0,target_object_corrected,4,board_data_4,trial_number,275,322,322,47,47,B1-B4_hand_active_board10,train
2,4,4,2,0,1,0,[0.0],False,B4_trial4_rep2_attempt0.csv,/Users/arthu/Desktop/CTM_Res-Pro/data/reach_to_grasp_dataset/data/participant_2/motion/B4_trial4_rep2_attempt0.csv,0,0,False,,,0,target_object_corrected,4,board_data_4,trial_number,224,271,271,47,47,B1-B4_hand_active_board10,train
2,4,4,3,0,1,0,[0.0],False,B4_trial4_rep3_attempt0.csv,/Users/arthu/Desktop/CTM_Res-Pro/data/reach_to_grasp_dataset/data/participant_2/motion/B4_trial4_rep3_attempt0.csv,0,0,False,,,0,target_object_corrected,4,board_data_4,trial_number,308,358,358,50,50,B1-B4_hand_active_board10,val
2,4,5,0,0,1,1,"[4.0, 1.0]",True,B4_trial5_rep0_attempt0.csv,/Users/arthu/Desktop/CTM_Res-Pro/data/reach_to_grasp_dataset/data/participant_2/motion/B4_trial5_rep0_attempt0.csv,1,1,True,1.0,B4_trial5_rep1_attempt0.csv,1,target_object_corrected,5,board_data_5,trial_number,228,289,289,61,61,B1-B4_hand_active_board10,train
2,4,5,1,0,1,1,[1.0],False,B4_trial5_rep1_attempt0.csv,/Users/arthu/Desktop/CTM_Res-Pro/data/reach_to_grasp_dataset/data/participant_2/motion/B4_trial5_rep1_attempt0.csv,1,1,False,,,1,target_object_corrected,5,board_data_5,trial_number,245,300,300,55,55,B1-B4_hand_active_board10,train
2,4,5,2,0,1,1,[1.0],False,B4_trial5_rep2_attempt0.csv,/Users/arthu/Desktop/CTM_Res-Pro/data/reach_to_grasp_dataset/data/participant_2/motion/B4_trial5_rep2_attempt0.csv,1,1,False,,,1,target_object_corrected,5,board_data_5,trial_number,241,314,314,73,73,B1-B4_hand_active_board10,train
2,4,5,3,0,1,1,[1.0],False,B4_trial5_rep3_attempt0.csv,/Users/arthu/Desktop/CTM_Res-Pro/data/reach_to_grasp_dataset/data/participant_2/motion/B4_trial5_rep3_attempt0.csv,1,1,False,,,1,target_object_corrected,5,board_data_5,trial_number,76,209,209,133,133,B1-B4_hand_active_board10,val
2,4,6,0,0,1,2,"[5.0, 2.0]",True,B4_trial6_rep0_attempt0.csv,/Users/arthu/Desktop/CTM_Res-Pro/data/reach_to_grasp_dataset/data/participant_2/motion/B4_trial6_rep0_attempt0.csv,2,2,True,1.0,B4_trial6_rep1_attempt0.csv,2,target_object_corrected,6,board_data_6,trial_number,222,285,285,63,63,B1-B4_hand_active_board10,train
2,4,6,1,0,1,2,[2.0],False,B4_trial6_rep1_attempt0.csv,/Users/arthu/Desktop/CTM_Res-Pro/data/reach_to_grasp_dataset/data/participant_2/motion/B4_trial6_rep1_attempt0.csv,2,2,False,,,2,target_object_corrected,6,board_data_6,trial_number,262,336,336,74,74,B1-B4_hand_active_board10,train
2,4,6,2,0,1,2,[2.0],False,B4_trial6_rep2_attempt0.csv,/Users/arthu/Desktop/CTM_Res-Pro/data/reach_to_grasp_dataset/data/participant_2/motion/B4_trial6_rep2_attempt0.csv,2,2,False,,,2,target_object_corrected,6,board_data_6,trial_number,409,459,459,50,50,B1-B4_hand_active_board10,train
2,4,6,3,0,1,2,[2.0],False,B4_trial6_rep3_attempt0.csv,/Users/arthu/Desktop/CTM_Res-Pro/data/reach_to_grasp_dataset/data/participant_2/motion/B4_trial6_rep3_attempt0.csv,2,2,False,,,2,target_object_corrected,6,board_data_6,trial_number,416,465,465,49,49,B1-B4_hand_active_board10,val
2,4,7,0,0,1,3,"[6.0, 3.0]",True,B4_trial7_rep0_attempt0.csv,/Users/arthu/Desktop/CTM_Res-Pro/data/reach_to_grasp_dataset/data/participant_2/motion/B4_trial7_rep0_attempt0.csv,3,3,True,1.0,B4_trial7_rep1_attempt0.csv,3,target_object_corrected,7,board_data_7,trial_number,204,255,255,51,51,B1-B4_hand_active_board10,train
2,4,7,1,0,1,3,[3.0],False,B4_trial7_rep1_attempt0.csv,/Users/arthu/Desktop/CTM_Res-Pro/data/reach_to_grasp_dataset/data/participant_2/motion/B4_trial7_rep1_attempt0.csv,3,3,False,,,3,target_object_corrected,7,board_data_7,trial_number,213,260,260,47,47,B1-B4_hand_active_board10,train
2,4,7,2,0,1,3,[3.0],False,B4_trial7_rep2_attempt0.csv,/Users/arthu/Desktop/CTM_Res-Pro/data/reach_to_grasp_dataset/data/participant_2/motion/B4_trial7_rep2_attempt0.csv,3,3,False,,,3,target_object_corrected,7,board_data_7,trial_number,217,272,272,55,55,B1-B4_hand_active_board10,train
2,4,7,3,0,1,3,[3.0],False,B4_trial7_rep3_attempt0.csv,/Users/arthu/Desktop/CTM_Res-Pro/data/reach_to_grasp_dataset/data/participant_2/motion/B4_trial7_rep3_attempt0.csv,3,3,False,,,3,target_object_corrected,7,board_data_7,trial_number,217,291,291,74,74,B1-B4_hand_active_board10,val
3,1,0,0,0,1,0,[0.0],False,B1_trial0_rep0_attempt0.csv,/Users/arthu/Desktop/CTM_Res-Pro/data/reach_to_grasp_dataset/data/participant_3/motion/B1_trial0_rep0_attempt0.csv,0,0,True,1.0,B1_trial0_rep1_attempt0.csv,0,target_object_corrected,0,board_data_0,trial_number,226,282,282,56,56,B1-B4_hand_active_board10,train
3,1,0,1,0,1,0,[0.0],False,B1_trial0_rep1_attempt0.csv,/Users/arthu/Desktop/CTM_Res-Pro/data/reach_to_grasp_dataset/data/participant_3/motion/B1_trial0_rep1_attempt0.csv,0,0,False,,,0,target_object_corrected,0,board_data_0,trial_number,229,287,287,58,58,B1-B4_hand_active_board10,train
3,1,0,2,0,1,0,[0.0],False,B1_trial0_rep2_attempt0.csv,/Users/arthu/Desktop/CTM_Res-Pro/data/reach_to_grasp_dataset/data/participant_3/motion/B1_trial0_rep2_attempt0.csv,0,0,False,,,0,target_object_corrected,0,board_data_0,trial_number,243,304,304,61,61,B1-B4_hand_active_board10,train
3,1,0,3,0,1,0,[0.0],False,B1_trial0_rep3_attempt0.csv,/Users/arthu/Desktop/CTM_Res-Pro/data/reach_to_grasp_dataset/data/participant_3/motion/B1_trial0_rep3_attempt0.csv,0,0,False,,,0,target_object_corrected,0,board_data_0,trial_number,230,283,283,53,53,B1-B4_hand_active_board10,val
3,1,1,0,0,1,1,"[0.0, 1.0]",True,B1_trial1_rep0_attempt0.csv,/Users/arthu/Desktop/CTM_Res-Pro/data/reach_to_grasp_dataset/data/participant_3/motion/B1_trial1_rep0_attempt0.csv,1,1,True,1.0,B1_trial1_rep1_attempt0.csv,1,target_object_corrected,1,board_data_1,trial_number,225,260,260,35,35,B1-B4_hand_active_board10,train
3,1,1,1,0,1,1,[1.0],False,B1_trial1_rep1_attempt0.csv,/Users/arthu/Desktop/CTM_Res-Pro/data/reach_to_grasp_dataset/data/participant_3/motion/B1_trial1_rep1_attempt0.csv,1,1,False,,,1,target_object_corrected,1,board_data_1,trial_number,226,285,285,59,59,B1-B4_hand_active_board10,train
3,1,1,2,0,1,1,[1.0],False,B1_trial1_rep2_attempt0.csv,/Users/arthu/Desktop/CTM_Res-Pro/data/reach_to_grasp_dataset/data/participant_3/motion/B1_trial1_rep2_attempt0.csv,1,1,False,,,1,target_object_corrected,1,board_data_1,trial_number,254,314,314,60,60,B1-B4_hand_active_board10,train
3,1,1,3,0,1,1,[1.0],False,B1_trial1_rep3_attempt0.csv,/Users/arthu/Desktop/CTM_Res-Pro/data/reach_to_grasp_dataset/data/participant_3/motion/B1_trial1_rep3_attempt0.csv,1,1,False,,,1,target_object_corrected,1,board_data_1,trial_number,223,282,282,59,59,B1-B4_hand_active_board10,val
3,1,2,0,0,1,2,"[1.0, 2.0]",True,B1_trial2_rep0_attempt0.csv,/Users/arthu/Desktop/CTM_Res-Pro/data/reach_to_grasp_dataset/data/participant_3/motion/B1_trial2_rep0_attempt0.csv,2,2,True,1.0,B1_trial2_rep1_attempt0.csv,2,target_object_corrected,2,board_data_2,trial_number,212,267,267,55,55,B1-B4_hand_active_board10,train
3,1,2,1,0,1,2,[2.0],False,B1_trial2_rep1_attempt0.csv,/Users/arthu/Desktop/CTM_Res-Pro/data/reach_to_grasp_dataset/data/participant_3/motion/B1_trial2_rep1_attempt0.csv,2,2,False,,,2,target_object_corrected,2,board_data_2,trial_number,223,275,275,52,52,B1-B4_hand_active_board10,train
3,1,2,2,0,1,2,[2.0],False,B1_trial2_rep2_attempt0.csv,/Users/arthu/Desktop/CTM_Res-Pro/data/reach_to_grasp_dataset/data/participant_3/motion/B1_trial2_rep2_attempt0.csv,2,2,False,,,2,target_object_corrected,2,board_data_2,trial_number,232,281,281,49,49,B1-B4_hand_active_board10,train
3,1,2,3,0,1,2,[2.0],False,B1_trial2_rep3_attempt0.csv,/Users/arthu/Desktop/CTM_Res-Pro/data/reach_to_grasp_dataset/data/participant_3/motion/B1_trial2_rep3_attempt0.csv,2,2,False,,,2,target_object_corrected,2,board_data_2,trial_number,218,275,275,57,57,B1-B4_hand_active_board10,val
3,1,3,0,0,1,3,"[2.0, 3.0]",True,B1_trial3_rep0_attempt0.csv,/Users/arthu/Desktop/CTM_Res-Pro/data/reach_to_grasp_dataset/data/participant_3/motion/B1_trial3_rep0_attempt0.csv,3,3,True,1.0,B1_trial3_rep1_attempt0.csv,3,target_object_corrected,3,board_data_3,trial_number,221,276,276,55,55,B1-B4_hand_active_board10,train
3,1,3,1,0,1,3,[3.0],False,B1_trial3_rep1_attempt0.csv,/Users/arthu/Desktop/CTM_Res-Pro/data/reach_to_grasp_dataset/data/participant_3/motion/B1_trial3_rep1_attempt0.csv,3,3,False,,,3,target_object_corrected,3,board_data_3,trial_number,227,295,295,68,68,B1-B4_hand_active_board10,train
3,1,3,2,0,1,3,[3.0],False,B1_trial3_rep2_attempt0.csv,/Users/arthu/Desktop/CTM_Res-Pro/data/reach_to_grasp_dataset/data/participant_3/motion/B1_trial3_rep2_attempt0.csv,3,3,False,,,3,target_object_corrected,3,board_data_3,trial_number,225,288,288,63,63,B1-B4_hand_active_board10,train
3,1,3,3,0,1,3,[3.0],False,B1_trial3_rep3_attempt0.csv,/Users/arthu/Desktop/CTM_Res-Pro/data/reach_to_grasp_dataset/data/participant_3/motion/B1_trial3_rep3_attempt0.csv,3,3,False,,,3,target_object_corrected,3,board_data_3,trial_number,232,290,290,58,58,B1-B4_hand_active_board10,val
3,1,4,0,0,1,4,"[3.0, 4.0]",True,B1_trial4_rep0_attempt0.csv,/Users/arthu/Desktop/CTM_Res-Pro/data/reach_to_grasp_dataset/data/participant_3/motion/B1_trial4_rep0_attempt0.csv,4,4,True,1.0,B1_trial4_rep1_attempt0.csv,4,target_object_corrected,4,board_data_4,trial_number,232,289,289,57,57,B1-B4_hand_active_board10,train
3,1,4,1,0,1,4,[4.0],False,B1_trial4_rep1_attempt0.csv,/Users/arthu/Desktop/CTM_Res-Pro/data/reach_to_grasp_dataset/data/participant_3/motion/B1_trial4_rep1_attempt0.csv,4,4,False,,,4,target_object_corrected,4,board_data_4,trial_number,230,296,296,66,66,B1-B4_hand_active_board10,train
3,1,4,2,0,1,4,[4.0],False,B1_trial4_rep2_attempt0.csv,/Users/arthu/Desktop/CTM_Res-Pro/data/reach_to_grasp_dataset/data/participant_3/motion/B1_trial4_rep2_attempt0.csv,4,4,False,,,4,target_object_corrected,4,board_data_4,trial_number,224,258,258,34,34,B1-B4_hand_active_board10,train
3,1,4,3,0,1,4,[4.0],False,B1_trial4_rep3_attempt0.csv,/Users/arthu/Desktop/CTM_Res-Pro/data/reach_to_grasp_dataset/data/participant_3/motion/B1_trial4_rep3_attempt0.csv,4,4,False,,,4,target_object_corrected,4,board_data_4,trial_number,245,293,293,48,48,B1-B4_hand_active_board10,val
3,1,5,0,0,1,5,"[4.0, 5.0]",True,B1_trial5_rep0_attempt0.csv,/Users/arthu/Desktop/CTM_Res-Pro/data/reach_to_grasp_dataset/data/participant_3/motion/B1_trial5_rep0_attempt0.csv,5,5,True,1.0,B1_trial5_rep1_attempt0.csv,5,target_object_corrected,5,board_data_5,trial_number,221,294,294,73,73,B1-B4_hand_active_board10,train
3,1,5,1,0,1,5,[5.0],False,B1_trial5_rep1_attempt0.csv,/Users/arthu/Desktop/CTM_Res-Pro/data/reach_to_grasp_dataset/data/participant_3/motion/B1_trial5_rep1_attempt0.csv,5,5,False,,,5,target_object_corrected,5,board_data_5,trial_number,224,292,292,68,68,B1-B4_hand_active_board10,train
3,1,5,2,0,1,5,[5.0],False,B1_trial5_rep2_attempt0.csv,/Users/arthu/Desktop/CTM_Res-Pro/data/reach_to_grasp_dataset/data/participant_3/motion/B1_trial5_rep2_attempt0.csv,5,5,False,,,5,target_object_corrected,5,board_data_5,trial_number,226,302,302,76,76,B1-B4_hand_active_board10,train
3,1,5,3,0,1,5,[5.0],False,B1_trial5_rep3_attempt0.csv,/Users/arthu/Desktop/CTM_Res-Pro/data/reach_to_grasp_dataset/data/participant_3/motion/B1_trial5_rep3_attempt0.csv,5,5,False,,,5,target_object_corrected,5,board_data_5,trial_number,221,293,293,72,72,B1-B4_hand_active_board10,val
3,1,6,0,0,1,6,"[5.0, 6.0]",True,B1_trial6_rep0_attempt0.csv,/Users/arthu/Desktop/CTM_Res-Pro/data/reach_to_grasp_dataset/data/participant_3/motion/B1_trial6_rep0_attempt0.csv,6,6,True,1.0,B1_trial6_rep1_attempt0.csv,6,target_object_corrected,6,board_data_6,trial_number,215,304,304,89,89,B1-B4_hand_active_board10,train
3,1,6,1,0,1,6,[6.0],False,B1_trial6_rep1_attempt0.csv,/Users/arthu/Desktop/CTM_Res-Pro/data/reach_to_grasp_dataset/data/participant_3/motion/B1_trial6_rep1_attempt0.csv,6,6,False,,,6,target_object_corrected,6,board_data_6,trial_number,230,275,275,45,45,B1-B4_hand_active_board10,train
3,1,6,2,0,1,6,[6.0],False,B1_trial6_rep2_attempt0.csv,/Users/arthu/Desktop/CTM_Res-Pro/data/reach_to_grasp_dataset/data/participant_3/motion/B1_trial6_rep2_attempt0.csv,6,6,False,,,6,target_object_corrected,6,board_data_6,trial_number,233,291,291,58,58,B1-B4_hand_active_board10,train
3,1,6,3,0,1,6,[6.0],False,B1_trial6_rep3_attempt0.csv,/Users/arthu/Desktop/CTM_Res-Pro/data/reach_to_grasp_dataset/data/participant_3/motion/B1_trial6_rep3_attempt0.csv,6,6,False,,,6,target_object_corrected,6,board_data_6,trial_number,231,303,303,72,72,B1-B4_hand_active_board10,val
3,1,7,0,0,1,7,"[6.0, 7.0]",True,B1_trial7_rep0_attempt0.csv,/Users/arthu/Desktop/CTM_Res-Pro/data/reach_to_grasp_dataset/data/participant_3/motion/B1_trial7_rep0_attempt0.csv,7,7,True,1.0,B1_trial7_rep1_attempt0.csv,7,target_object_corrected,7,board_data_7,trial_number,224,290,290,66,66,B1-B4_hand_active_board10,train
3,1,7,1,0,1,7,[7.0],False,B1_trial7_rep1_attempt0.csv,/Users/arthu/Desktop/CTM_Res-Pro/data/reach_to_grasp_dataset/data/participant_3/motion/B1_trial7_rep1_attempt0.csv,7,7,False,,,7,target_object_corrected,7,board_data_7,trial_number,220,289,289,69,69,B1-B4_hand_active_board10,train
3,1,7,2,0,1,7,[7.0],False,B1_trial7_rep2_attempt0.csv,/Users/arthu/Desktop/CTM_Res-Pro/data/reach_to_grasp_dataset/data/participant_3/motion/B1_trial7_rep2_attempt0.csv,7,7,False,,,7,target_object_corrected,7,board_data_7,trial_number,239,310,310,71,71,B1-B4_hand_active_board10,train
3,1,7,3,0,1,7,[7.0],False,B1_trial7_rep3_attempt0.csv,/Users/arthu/Desktop/CTM_Res-Pro/data/reach_to_grasp_dataset/data/participant_3/motion/B1_trial7_rep3_attempt0.csv,7,7,False,,,7,target_object_corrected,7,board_data_7,trial_number,214,258,258,44,44,B1-B4_hand_active_board10,val
3,2,0,0,0,1,7,[7.0],False,B2_trial0_rep0_attempt0.csv,/Users/arthu/Desktop/CTM_Res-Pro/data/reach_to_grasp_dataset/data/participant_3/motion/B2_trial0_rep0_attempt0.csv,7,7,True,1.0,B2_trial0_rep1_attempt0.csv,7,target_object_corrected,0,board_data_0,trial_number,210,271,271,61,61,B1-B4_hand_active_board10,train
3,2,0,1,0,1,7,[7.0],False,B2_trial0_rep1_attempt0.csv,/Users/arthu/Desktop/CTM_Res-Pro/data/reach_to_grasp_dataset/data/participant_3/motion/B2_trial0_rep1_attempt0.csv,7,7,False,,,7,target_object_corrected,0,board_data_0,trial_number,230,281,281,51,51,B1-B4_hand_active_board10,train
3,2,0,2,0,1,7,[7.0],False,B2_trial0_rep2_attempt0.csv,/Users/arthu/Desktop/CTM_Res-Pro/data/reach_to_grasp_dataset/data/participant_3/motion/B2_trial0_rep2_attempt0.csv,7,7,False,,,7,target_object_corrected,0,board_data_0,trial_number,229,277,277,48,48,B1-B4_hand_active_board10,train
3,2,0,3,0,1,7,[7.0],False,B2_trial0_rep3_attempt0.csv,/Users/arthu/Desktop/CTM_Res-Pro/data/reach_to_grasp_dataset/data/participant_3/motion/B2_trial0_rep3_attempt0.csv,7,7,False,,,7,target_object_corrected,0,board_data_0,trial_number,241,284,284,43,43,B1-B4_hand_active_board10,val
3,2,1,0,0,1,6,"[0.0, 6.0]",True,B2_trial1_rep0_attempt0.csv,/Users/arthu/Desktop/CTM_Res-Pro/data/reach_to_grasp_dataset/data/participant_3/motion/B2_trial1_rep0_attempt0.csv,6,6,True,1.0,B2_trial1_rep1_attempt0.csv,6,target_object_corrected,1,board_data_1,trial_number,224,293,293,69,69,B1-B4_hand_active_board10,train
3,2,1,1,0,1,6,[6.0],False,B2_trial1_rep1_attempt0.csv,/Users/arthu/Desktop/CTM_Res-Pro/data/reach_to_grasp_dataset/data/participant_3/motion/B2_trial1_rep1_attempt0.csv,6,6,False,,,6,target_object_corrected,1,board_data_1,trial_number,232,239,239,7,7,B1-B4_hand_active_board10,train
3,2,1,2,0,1,6,[6.0],False,B2_trial1_rep2_attempt0.csv,/Users/arthu/Desktop/CTM_Res-Pro/data/reach_to_grasp_dataset/data/participant_3/motion/B2_trial1_rep2_attempt0.csv,6,6,False,,,6,target_object_corrected,1,board_data_1,trial_number,226,310,310,84,84,B1-B4_hand_active_board10,train
3,2,1,3,0,1,6,[6.0],False,B2_trial1_rep3_attempt0.csv,/Users/arthu/Desktop/CTM_Res-Pro/data/reach_to_grasp_dataset/data/participant_3/motion/B2_trial1_rep3_attempt0.csv,6,6,False,,,6,target_object_corrected,1,board_data_1,trial_number,240,298,298,58,58,B1-B4_hand_active_board10,val
3,2,2,0,0,1,5,"[1.0, 5.0]",True,B2_trial2_rep0_attempt0.csv,/Users/arthu/Desktop/CTM_Res-Pro/data/reach_to_grasp_dataset/data/participant_3/motion/B2_trial2_rep0_attempt0.csv,5,5,True,1.0,B2_trial2_rep1_attempt0.csv,5,target_object_corrected,2,board_data_2,trial_number,241,299,299,58,58,B1-B4_hand_active_board10,train
3,2,2,1,0,1,5,[5.0],False,B2_trial2_rep1_attempt0.csv,/Users/arthu/Desktop/CTM_Res-Pro/data/reach_to_grasp_dataset/data/participant_3/motion/B2_trial2_rep1_attempt0.csv,5,5,False,,,5,target_object_corrected,2,board_data_2,trial_number,243,304,304,61,61,B1-B4_hand_active_board10,train
3,2,2,2,0,1,5,[5.0],False,B2_trial2_rep2_attempt0.csv,/Users/arthu/Desktop/CTM_Res-Pro/data/reach_to_grasp_dataset/data/participant_3/motion/B2_trial2_rep2_attempt0.csv,5,5,False,,,5,target_object_corrected,2,board_data_2,trial_number,225,285,285,60,60,B1-B4_hand_active_board10,train
3,2,2,3,0,1,5,[5.0],False,B2_trial2_rep3_attempt0.csv,/Users/arthu/Desktop/CTM_Res-Pro/data/reach_to_grasp_dataset/data/participant_3/motion/B2_trial2_rep3_attempt0.csv,5,5,False,,,5,target_object_corrected,2,board_data_2,trial_number,209,268,268,59,59,B1-B4_hand_active_board10,val
3,2,3,0,0,1,4,"[2.0, 4.0]",True,B2_trial3_rep0_attempt0.csv,/Users/arthu/Desktop/CTM_Res-Pro/data/reach_to_grasp_dataset/data/participant_3/motion/B2_trial3_rep0_attempt0.csv,4,4,True,1.0,B2_trial3_rep1_attempt0.csv,4,target_object_corrected,3,board_data_3,trial_number,294,296,296,2,2,B1-B4_hand_active_board10,train
3,2,3,1,0,1,4,[4.0],False,B2_trial3_rep1_attempt0.csv,/Users/arthu/Desktop/CTM_Res-Pro/data/reach_to_grasp_dataset/data/participant_3/motion/B2_trial3_rep1_attempt0.csv,4,4,False,,,4,target_object_corrected,3,board_data_3,trial_number,233,286,286,53,53,B1-B4_hand_active_board10,train
3,2,3,2,0,1,4,[4.0],False,B2_trial3_rep2_attempt0.csv,/Users/arthu/Desktop/CTM_Res-Pro/data/reach_to_grasp_dataset/data/participant_3/motion/B2_trial3_rep2_attempt0.csv,4,4,False,,,4,target_object_corrected,3,board_data_3,trial_number,227,287,287,60,60,B1-B4_hand_active_board10,train
3,2,3,3,0,1,4,[4.0],False,B2_trial3_rep3_attempt0.csv,/Users/arthu/Desktop/CTM_Res-Pro/data/reach_to_grasp_dataset/data/participant_3/motion/B2_trial3_rep3_attempt0.csv,4,4,False,,,4,target_object_corrected,3,board_data_3,trial_number,233,290,290,57,57,B1-B4_hand_active_board10,val
3,2,4,0,0,1,3,[3.0],False,B2_trial4_rep0_attempt0.csv,/Users/arthu/Desktop/CTM_Res-Pro/data/reach_to_grasp_dataset/data/participant_3/motion/B2_trial4_rep0_attempt0.csv,3,3,True,1.0,B2_trial4_rep1_attempt0.csv,3,target_object_corrected,4,board_data_4,trial_number,207,279,279,72,72,B1-B4_hand_active_board10,train
3,2,4,1,0,1,3,[3.0],False,B2_trial4_rep1_attempt0.csv,/Users/arthu/Desktop/CTM_Res-Pro/data/reach_to_grasp_dataset/data/participant_3/motion/B2_trial4_rep1_attempt0.csv,3,3,False,,,3,target_object_corrected,4,board_data_4,trial_number,220,282,282,62,62,B1-B4_hand_active_board10,train
3,2,4,2,0,1,3,[3.0],False,B2_trial4_rep2_attempt0.csv,/Users/arthu/Desktop/CTM_Res-Pro/data/reach_to_grasp_dataset/data/participant_3/motion/B2_trial4_rep2_attempt0.csv,3,3,False,,,3,target_object_corrected,4,board_data_4,trial_number,213,271,271,58,58,B1-B4_hand_active_board10,train
3,2,4,3,0,1,3,[3.0],False,B2_trial4_rep3_attempt0.csv,/Users/arthu/Desktop/CTM_Res-Pro/data/reach_to_grasp_dataset/data/participant_3/motion/B2_trial4_rep3_attempt0.csv,3,3,False,,,3,target_object_corrected,4,board_data_4,trial_number,215,272,272,57,57,B1-B4_hand_active_board10,val
3,2,5,0,0,1,2,"[4.0, 2.0]",True,B2_trial5_rep0_attempt0.csv,/Users/arthu/Desktop/CTM_Res-Pro/data/reach_to_grasp_dataset/data/participant_3/motion/B2_trial5_rep0_attempt0.csv,2,2,True,1.0,B2_trial5_rep1_attempt0.csv,2,target_object_corrected,5,board_data_5,trial_number,215,272,272,57,57,B1-B4_hand_active_board10,train
3,2,5,1,0,1,2,[2.0],False,B2_trial5_rep1_attempt0.csv,/Users/arthu/Desktop/CTM_Res-Pro/data/reach_to_grasp_dataset/data/participant_3/motion/B2_trial5_rep1_attempt0.csv,2,2,False,,,2,target_object_corrected,5,board_data_5,trial_number,234,304,304,70,70,B1-B4_hand_active_board10,train
3,2,5,2,0,1,2,[2.0],False,B2_trial5_rep2_attempt0.csv,/Users/arthu/Desktop/CTM_Res-Pro/data/reach_to_grasp_dataset/data/participant_3/motion/B2_trial5_rep2_attempt0.csv,2,2,False,,,2,target_object_corrected,5,board_data_5,trial_number,224,278,278,54,54,B1-B4_hand_active_board10,train
3,2,5,3,0,1,2,[2.0],False,B2_trial5_rep3_attempt0.csv,/Users/arthu/Desktop/CTM_Res-Pro/data/reach_to_grasp_dataset/data/participant_3/motion/B2_trial5_rep3_attempt0.csv,2,2,False,,,2,target_object_corrected,5,board_data_5,trial_number,225,281,281,56,56,B1-B4_hand_active_board10,val
3,2,6,0,0,1,1,"[5.0, 1.0]",True,B2_trial6_rep0_attempt0.csv,/Users/arthu/Desktop/CTM_Res-Pro/data/reach_to_grasp_dataset/data/participant_3/motion/B2_trial6_rep0_attempt0.csv,1,1,True,1.0,B2_trial6_rep1_attempt0.csv,1,target_object_corrected,6,board_data_6,trial_number,220,279,279,59,59,B1-B4_hand_active_board10,train
3,2,6,1,0,1,1,[1.0],False,B2_trial6_rep1_attempt0.csv,/Users/arthu/Desktop/CTM_Res-Pro/data/reach_to_grasp_dataset/data/participant_3/motion/B2_trial6_rep1_attempt0.csv,1,1,False,,,1,target_object_corrected,6,board_data_6,trial_number,218,287,287,69,69,B1-B4_hand_active_board10,train
3,2,6,2,0,1,1,[1.0],False,B2_trial6_rep2_attempt0.csv,/Users/arthu/Desktop/CTM_Res-Pro/data/reach_to_grasp_dataset/data/participant_3/motion/B2_trial6_rep2_attempt0.csv,1,1,False,,,1,target_object_corrected,6,board_data_6,trial_number,213,251,251,38,38,B1-B4_hand_active_board10,train
3,2,6,3,0,1,1,[1.0],False,B2_trial6_rep3_attempt0.csv,/Users/arthu/Desktop/CTM_Res-Pro/data/reach_to_grasp_dataset/data/participant_3/motion/B2_trial6_rep3_attempt0.csv,1,1,False,,,1,target_object_corrected,6,board_data_6,trial_number,223,285,285,62,62,B1-B4_hand_active_board10,val
3,2,7,0,0,1,0,"[6.0, 0.0]",True,B2_trial7_rep0_attempt0.csv,/Users/arthu/Desktop/CTM_Res-Pro/data/reach_to_grasp_dataset/data/participant_3/motion/B2_trial7_rep0_attempt0.csv,0,0,True,1.0,B2_trial7_rep1_attempt0.csv,0,target_object_corrected,7,board_data_7,trial_number,214,267,267,53,53,B1-B4_hand_active_board10,train
3,2,7,1,0,1,0,[0.0],False,B2_trial7_rep1_attempt0.csv,/Users/arthu/Desktop/CTM_Res-Pro/data/reach_to_grasp_dataset/data/participant_3/motion/B2_trial7_rep1_attempt0.csv,0,0,False,,,0,target_object_corrected,7,board_data_7,trial_number,226,282,282,56,56,B1-B4_hand_active_board10,train
3,2,7,2,0,1,0,[0.0],False,B2_trial7_rep2_attempt0.csv,/Users/arthu/Desktop/CTM_Res-Pro/data/reach_to_grasp_dataset/data/participant_3/motion/B2_trial7_rep2_attempt0.csv,0,0,False,,,0,target_object_corrected,7,board_data_7,trial_number,225,287,287,62,62,B1-B4_hand_active_board10,train
3,2,7,3,0,1,0,[0.0],False,B2_trial7_rep3_attempt0.csv,/Users/arthu/Desktop/CTM_Res-Pro/data/reach_to_grasp_dataset/data/participant_3/motion/B2_trial7_rep3_attempt0.csv,0,0,False,,,0,target_object_corrected,7,board_data_7,trial_number,226,285,285,59,59,B1-B4_hand_active_board10,val
3,3,0,0,0,1,3,"[7.0, 3.0]",True,B3_trial0_rep0_attempt0.csv,/Users/arthu/Desktop/CTM_Res-Pro/data/reach_to_grasp_dataset/data/participant_3/motion/B3_trial0_rep0_attempt0.csv,3,3,True,1.0,B3_trial0_rep1_attempt0.csv,3,target_object_corrected,0,board_data_0,trial_number,219,277,277,58,58,B1-B4_hand_active_board10,train
3,3,0,1,0,1,3,[3.0],False,B3_trial0_rep1_attempt0.csv,/Users/arthu/Desktop/CTM_Res-Pro/data/reach_to_grasp_dataset/data/participant_3/motion/B3_trial0_rep1_attempt0.csv,3,3,False,,,3,target_object_corrected,0,board_data_0,trial_number,219,281,281,62,62,B1-B4_hand_active_board10,train
3,3,0,2,0,1,3,[3.0],False,B3_trial0_rep2_attempt0.csv,/Users/arthu/Desktop/CTM_Res-Pro/data/reach_to_grasp_dataset/data/participant_3/motion/B3_trial0_rep2_attempt0.csv,3,3,False,,,3,target_object_corrected,0,board_data_0,trial_number,229,279,279,50,50,B1-B4_hand_active_board10,train
3,3,0,3,0,1,3,[3.0],False,B3_trial0_rep3_attempt0.csv,/Users/arthu/Desktop/CTM_Res-Pro/data/reach_to_grasp_dataset/data/participant_3/motion/B3_trial0_rep3_attempt0.csv,3,3,False,,,3,target_object_corrected,0,board_data_0,trial_number,223,278,278,55,55,B1-B4_hand_active_board10,val
3,3,1,0,0,1,2,"[0.0, 2.0]",True,B3_trial1_rep0_attempt0.csv,/Users/arthu/Desktop/CTM_Res-Pro/data/reach_to_grasp_dataset/data/participant_3/motion/B3_trial1_rep0_attempt0.csv,2,2,True,1.0,B3_trial1_rep1_attempt0.csv,2,target_object_corrected,1,board_data_1,trial_number,222,278,278,56,56,B1-B4_hand_active_board10,train
3,3,1,1,0,1,2,[2.0],False,B3_trial1_rep1_attempt0.csv,/Users/arthu/Desktop/CTM_Res-Pro/data/reach_to_grasp_dataset/data/participant_3/motion/B3_trial1_rep1_attempt0.csv,2,2,False,,,2,target_object_corrected,1,board_data_1,trial_number,220,278,278,58,58,B1-B4_hand_active_board10,train
3,3,1,2,0,1,2,[2.0],False,B3_trial1_rep2_attempt0.csv,/Users/arthu/Desktop/CTM_Res-Pro/data/reach_to_grasp_dataset/data/participant_3/motion/B3_trial1_rep2_attempt0.csv,2,2,False,,,2,target_object_corrected,1,board_data_1,trial_number,226,278,278,52,52,B1-B4_hand_active_board10,train
3,3,1,3,0,1,2,[2.0],False,B3_trial1_rep3_attempt0.csv,/Users/arthu/Desktop/CTM_Res-Pro/data/reach_to_grasp_dataset/data/participant_3/motion/B3_trial1_rep3_attempt0.csv,2,2,False,,,2,target_object_corrected,1,board_data_1,trial_number,216,245,245,29,29,B1-B4_hand_active_board10,val
3,3,2,0,0,1,1,[1.0],False,B3_trial2_rep0_attempt0.csv,/Users/arthu/Desktop/CTM_Res-Pro/data/reach_to_grasp_dataset/data/participant_3/motion/B3_trial2_rep0_attempt0.csv,1,1,True,1.0,B3_trial2_rep1_attempt0.csv,1,target_object_corrected,2,board_data_2,trial_number,219,280,280,61,61,B1-B4_hand_active_board10,train
3,3,2,1,0,1,1,[1.0],False,B3_trial2_rep1_attempt0.csv,/Users/arthu/Desktop/CTM_Res-Pro/data/reach_to_grasp_dataset/data/participant_3/motion/B3_trial2_rep1_attempt0.csv,1,1,False,,,1,target_object_corrected,2,board_data_2,trial_number,214,256,256,42,42,B1-B4_hand_active_board10,train
3,3,2,2,0,1,1,[1.0],False,B3_trial2_rep2_attempt0.csv,/Users/arthu/Desktop/CTM_Res-Pro/data/reach_to_grasp_dataset/data/participant_3/motion/B3_trial2_rep2_attempt0.csv,1,1,False,,,1,target_object_corrected,2,board_data_2,trial_number,233,284,284,51,51,B1-B4_hand_active_board10,train
3,3,2,3,0,1,1,[1.0],False,B3_trial2_rep3_attempt0.csv,/Users/arthu/Desktop/CTM_Res-Pro/data/reach_to_grasp_dataset/data/participant_3/motion/B3_trial2_rep3_attempt0.csv,1,1,False,,,1,target_object_corrected,2,board_data_2,trial_number,228,284,284,56,56,B1-B4_hand_active_board10,val
3,3,3,0,0,1,0,"[2.0, 0.0]",True,B3_trial3_rep0_attempt0.csv,/Users/arthu/Desktop/CTM_Res-Pro/data/reach_to_grasp_dataset/data/participant_3/motion/B3_trial3_rep0_attempt0.csv,0,0,True,1.0,B3_trial3_rep1_attempt0.csv,0,target_object_corrected,3,board_data_3,trial_number,223,257,257,34,34,B1-B4_hand_active_board10,train
3,3,3,1,0,1,0,[0.0],False,B3_trial3_rep1_attempt0.csv,/Users/arthu/Desktop/CTM_Res-Pro/data/reach_to_grasp_dataset/data/participant_3/motion/B3_trial3_rep1_attempt0.csv,0,0,False,,,0,target_object_corrected,3,board_data_3,trial_number,214,257,257,43,43,B1-B4_hand_active_board10,train
3,3,3,2,0,1,0,[0.0],False,B3_trial3_rep2_attempt0.csv,/Users/arthu/Desktop/CTM_Res-Pro/data/reach_to_grasp_dataset/data/participant_3/motion/B3_trial3_rep2_attempt0.csv,0,0,False,,,0,target_object_corrected,3,board_data_3,trial_number,241,269,269,28,28,B1-B4_hand_active_board10,train
3,3,3,3,0,1,0,[0.0],False,B3_trial3_rep3_attempt0.csv,/Users/arthu/Desktop/CTM_Res-Pro/data/reach_to_grasp_dataset/data/participant_3/motion/B3_trial3_rep3_attempt0.csv,0,0,False,,,0,target_object_corrected,3,board_data_3,trial_number,235,286,286,51,51,B1-B4_hand_active_board10,val
3,3,4,0,0,1,7,"[3.0, 7.0]",True,B3_trial4_rep0_attempt0.csv,/Users/arthu/Desktop/CTM_Res-Pro/data/reach_to_grasp_dataset/data/participant_3/motion/B3_trial4_rep0_attempt0.csv,7,7,True,1.0,B3_trial4_rep1_attempt0.csv,7,target_object_corrected,4,board_data_4,trial_number,209,271,271,62,62,B1-B4_hand_active_board10,train
3,3,4,1,0,1,7,[7.0],False,B3_trial4_rep1_attempt0.csv,/Users/arthu/Desktop/CTM_Res-Pro/data/reach_to_grasp_dataset/data/participant_3/motion/B3_trial4_rep1_attempt0.csv,7,7,False,,,7,target_object_corrected,4,board_data_4,trial_number,226,275,275,49,49,B1-B4_hand_active_board10,train
3,3,4,2,0,1,7,[7.0],False,B3_trial4_rep2_attempt0.csv,/Users/arthu/Desktop/CTM_Res-Pro/data/reach_to_grasp_dataset/data/participant_3/motion/B3_trial4_rep2_attempt0.csv,7,7,False,,,7,target_object_corrected,4,board_data_4,trial_number,223,273,273,50,50,B1-B4_hand_active_board10,train
3,3,4,3,0,1,7,[7.0],False,B3_trial4_rep3_attempt0.csv,/Users/arthu/Desktop/CTM_Res-Pro/data/reach_to_grasp_dataset/data/participant_3/motion/B3_trial4_rep3_attempt0.csv,7,7,False,,,7,target_object_corrected,4,board_data_4,trial_number,238,304,304,66,66,B1-B4_hand_active_board10,val
3,3,5,0,0,1,6,"[4.0, 6.0]",True,B3_trial5_rep0_attempt0.csv,/Users/arthu/Desktop/CTM_Res-Pro/data/reach_to_grasp_dataset/data/participant_3/motion/B3_trial5_rep0_attempt0.csv,6,6,True,1.0,B3_trial5_rep1_attempt0.csv,6,target_object_corrected,5,board_data_5,trial_number,212,246,246,34,34,B1-B4_hand_active_board10,train
3,3,5,1,0,1,6,[6.0],False,B3_trial5_rep1_attempt0.csv,/Users/arthu/Desktop/CTM_Res-Pro/data/reach_to_grasp_dataset/data/participant_3/motion/B3_trial5_rep1_attempt0.csv,6,6,False,,,6,target_object_corrected,5,board_data_5,trial_number,215,280,280,65,65,B1-B4_hand_active_board10,train
3,3,5,2,0,1,6,[6.0],False,B3_trial5_rep2_attempt0.csv,/Users/arthu/Desktop/CTM_Res-Pro/data/reach_to_grasp_dataset/data/participant_3/motion/B3_trial5_rep2_attempt0.csv,6,6,False,,,6,target_object_corrected,5,board_data_5,trial_number,220,268,268,48,48,B1-B4_hand_active_board10,train
3,3,5,3,0,1,6,[6.0],False,B3_trial5_rep3_attempt0.csv,/Users/arthu/Desktop/CTM_Res-Pro/data/reach_to_grasp_dataset/data/participant_3/motion/B3_trial5_rep3_attempt0.csv,6,6,False,,,6,target_object_corrected,5,board_data_5,trial_number,231,311,311,80,80,B1-B4_hand_active_board10,val
3,3,6,0,0,1,5,[5.0],False,B3_trial6_rep0_attempt0.csv,/Users/arthu/Desktop/CTM_Res-Pro/data/reach_to_grasp_dataset/data/participant_3/motion/B3_trial6_rep0_attempt0.csv,5,5,True,1.0,B3_trial6_rep1_attempt0.csv,5,target_object_corrected,6,board_data_6,trial_number,219,319,319,100,100,B1-B4_hand_active_board10,train
3,3,6,1,0,1,5,[5.0],False,B3_trial6_rep1_attempt0.csv,/Users/arthu/Desktop/CTM_Res-Pro/data/reach_to_grasp_dataset/data/participant_3/motion/B3_trial6_rep1_attempt0.csv,5,5,False,,,5,target_object_corrected,6,board_data_6,trial_number,224,252,252,28,28,B1-B4_hand_active_board10,train
3,3,6,2,0,1,5,[5.0],False,B3_trial6_rep2_attempt0.csv,/Users/arthu/Desktop/CTM_Res-Pro/data/reach_to_grasp_dataset/data/participant_3/motion/B3_trial6_rep2_attempt0.csv,5,5,False,,,5,target_object_corrected,6,board_data_6,trial_number,215,274,274,59,59,B1-B4_hand_active_board10,train
3,3,6,3,0,1,5,[5.0],False,B3_trial6_rep3_attempt0.csv,/Users/arthu/Desktop/CTM_Res-Pro/data/reach_to_grasp_dataset/data/participant_3/motion/B3_trial6_rep3_attempt0.csv,5,5,False,,,5,target_object_corrected,6,board_data_6,trial_number,226,301,301,75,75,B1-B4_hand_active_board10,val
3,3,7,0,0,1,4,"[6.0, 4.0]",True,B3_trial7_rep0_attempt0.csv,/Users/arthu/Desktop/CTM_Res-Pro/data/reach_to_grasp_dataset/data/participant_3/motion/B3_trial7_rep0_attempt0.csv,4,4,True,1.0,B3_trial7_rep1_attempt0.csv,4,target_object_corrected,7,board_data_7,trial_number,218,279,279,61,61,B1-B4_hand_active_board10,train
3,3,7,1,0,1,4,[4.0],False,B3_trial7_rep1_attempt0.csv,/Users/arthu/Desktop/CTM_Res-Pro/data/reach_to_grasp_dataset/data/participant_3/motion/B3_trial7_rep1_attempt0.csv,4,4,False,,,4,target_object_corrected,7,board_data_7,trial_number,235,313,313,78,78,B1-B4_hand_active_board10,train
3,3,7,2,0,1,4,[4.0],False,B3_trial7_rep2_attempt0.csv,/Users/arthu/Desktop/CTM_Res-Pro/data/reach_to_grasp_dataset/data/participant_3/motion/B3_trial7_rep2_attempt0.csv,4,4,False,,,4,target_object_corrected,7,board_data_7,trial_number,216,276,276,60,60,B1-B4_hand_active_board10,train
3,3,7,3,0,1,4,[4.0],False,B3_trial7_rep3_attempt0.csv,/Users/arthu/Desktop/CTM_Res-Pro/data/reach_to_grasp_dataset/data/participant_3/motion/B3_trial7_rep3_attempt0.csv,4,4,False,,,4,target_object_corrected,7,board_data_7,trial_number,216,280,280,64,64,B1-B4_hand_active_board10,val
3,4,0,0,0,1,4,"[7.0, 4.0]",True,B4_trial0_rep0_attempt0.csv,/Users/arthu/Desktop/CTM_Res-Pro/data/reach_to_grasp_dataset/data/participant_3/motion/B4_trial0_rep0_attempt0.csv,4,4,True,1.0,B4_trial0_rep1_attempt0.csv,4,target_object_corrected,0,board_data_0,trial_number,227,280,280,53,53,B1-B4_hand_active_board10,train
3,4,0,1,0,1,4,[4.0],False,B4_trial0_rep1_attempt0.csv,/Users/arthu/Desktop/CTM_Res-Pro/data/reach_to_grasp_dataset/data/participant_3/motion/B4_trial0_rep1_attempt0.csv,4,4,False,,,4,target_object_corrected,0,board_data_0,trial_number,234,302,302,68,68,B1-B4_hand_active_board10,train
3,4,0,2,0,1,4,[4.0],False,B4_trial0_rep2_attempt0.csv,/Users/arthu/Desktop/CTM_Res-Pro/data/reach_to_grasp_dataset/data/participant_3/motion/B4_trial0_rep2_attempt0.csv,4,4,False,,,4,target_object_corrected,0,board_data_0,trial_number,237,313,313,76,76,B1-B4_hand_active_board10,train
3,4,0,3,0,1,4,[4.0],False,B4_trial0_rep3_attempt0.csv,/Users/arthu/Desktop/CTM_Res-Pro/data/reach_to_grasp_dataset/data/participant_3/motion/B4_trial0_rep3_attempt0.csv,4,4,False,,,4,target_object_corrected,0,board_data_0,trial_number,235,297,297,62,62,B1-B4_hand_active_board10,val
3,4,1,0,0,1,5,"[0.0, 5.0]",True,B4_trial1_rep0_attempt0.csv,/Users/arthu/Desktop/CTM_Res-Pro/data/reach_to_grasp_dataset/data/participant_3/motion/B4_trial1_rep0_attempt0.csv,5,5,True,1.0,B4_trial1_rep1_attempt0.csv,5,target_object_corrected,1,board_data_1,trial_number,209,267,267,58,58,B1-B4_hand_active_board10,train
3,4,1,1,0,1,5,[5.0],False,B4_trial1_rep1_attempt0.csv,/Users/arthu/Desktop/CTM_Res-Pro/data/reach_to_grasp_dataset/data/participant_3/motion/B4_trial1_rep1_attempt0.csv,5,5,False,,,5,target_object_corrected,1,board_data_1,trial_number,249,302,302,53,53,B1-B4_hand_active_board10,train
3,4,1,2,0,1,5,[5.0],False,B4_trial1_rep2_attempt0.csv,/Users/arthu/Desktop/CTM_Res-Pro/data/reach_to_grasp_dataset/data/participant_3/motion/B4_trial1_rep2_attempt0.csv,5,5,False,,,5,target_object_corrected,1,board_data_1,trial_number,231,282,282,51,51,B1-B4_hand_active_board10,train
3,4,1,3,0,1,5,[5.0],False,B4_trial1_rep3_attempt0.csv,/Users/arthu/Desktop/CTM_Res-Pro/data/reach_to_grasp_dataset/data/participant_3/motion/B4_trial1_rep3_attempt0.csv,5,5,False,,,5,target_object_corrected,1,board_data_1,trial_number,228,294,294,66,66,B1-B4_hand_active_board10,val
3,4,2,0,0,1,6,"[1.0, 6.0]",True,B4_trial2_rep0_attempt0.csv,/Users/arthu/Desktop/CTM_Res-Pro/data/reach_to_grasp_dataset/data/participant_3/motion/B4_trial2_rep0_attempt0.csv,6,6,True,1.0,B4_trial2_rep1_attempt0.csv,6,target_object_corrected,2,board_data_2,trial_number,213,304,304,91,91,B1-B4_hand_active_board10,train
3,4,2,1,0,1,6,[6.0],False,B4_trial2_rep1_attempt0.csv,/Users/arthu/Desktop/CTM_Res-Pro/data/reach_to_grasp_dataset/data/participant_3/motion/B4_trial2_rep1_attempt0.csv,6,6,False,,,6,target_object_corrected,2,board_data_2,trial_number,236,298,298,62,62,B1-B4_hand_active_board10,train
3,4,2,2,0,1,6,[6.0],False,B4_trial2_rep2_attempt0.csv,/Users/arthu/Desktop/CTM_Res-Pro/data/reach_to_grasp_dataset/data/participant_3/motion/B4_trial2_rep2_attempt0.csv,6,6,False,,,6,target_object_corrected,2,board_data_2,trial_number,230,291,291,61,61,B1-B4_hand_active_board10,train
3,4,2,3,0,1,6,[6.0],False,B4_trial2_rep3_attempt0.csv,/Users/arthu/Desktop/CTM_Res-Pro/data/reach_to_grasp_dataset/data/participant_3/motion/B4_trial2_rep3_attempt0.csv,6,6,False,,,6,target_object_corrected,2,board_data_2,trial_number,220,255,255,35,35,B1-B4_hand_active_board10,val
3,4,3,0,0,1,7,"[2.0, 7.0]",True,B4_trial3_rep0_attempt0.csv,/Users/arthu/Desktop/CTM_Res-Pro/data/reach_to_grasp_dataset/data/participant_3/motion/B4_trial3_rep0_attempt0.csv,7,7,True,1.0,B4_trial3_rep1_attempt0.csv,7,target_object_corrected,3,board_data_3,trial_number,226,281,281,55,55,B1-B4_hand_active_board10,train
3,4,3,1,0,1,7,[7.0],False,B4_trial3_rep1_attempt0.csv,/Users/arthu/Desktop/CTM_Res-Pro/data/reach_to_grasp_dataset/data/participant_3/motion/B4_trial3_rep1_attempt0.csv,7,7,False,,,7,target_object_corrected,3,board_data_3,trial_number,223,278,278,55,55,B1-B4_hand_active_board10,train
3,4,3,2,0,1,7,[7.0],False,B4_trial3_rep2_attempt0.csv,/Users/arthu/Desktop/CTM_Res-Pro/data/reach_to_grasp_dataset/data/participant_3/motion/B4_trial3_rep2_attempt0.csv,7,7,False,,,7,target_object_corrected,3,board_data_3,trial_number,240,264,264,24,24,B1-B4_hand_active_board10,train
3,4,3,3,0,1,7,[7.0],False,B4_trial3_rep3_attempt0.csv,/Users/arthu/Desktop/CTM_Res-Pro/data/reach_to_grasp_dataset/data/participant_3/motion/B4_trial3_rep3_attempt0.csv,7,7,False,,,7,target_object_corrected,3,board_data_3,trial_number,225,270,270,45,45,B1-B4_hand_active_board10,val
3,4,4,0,0,1,0,"[3.0, 0.0]",True,B4_trial4_rep0_attempt0.csv,/Users/arthu/Desktop/CTM_Res-Pro/data/reach_to_grasp_dataset/data/participant_3/motion/B4_trial4_rep0_attempt0.csv,0,0,True,1.0,B4_trial4_rep1_attempt0.csv,0,target_object_corrected,4,board_data_4,trial_number,225,270,270,45,45,B1-B4_hand_active_board10,train
3,4,4,1,0,1,0,[0.0],False,B4_trial4_rep1_attempt0.csv,/Users/arthu/Desktop/CTM_Res-Pro/data/reach_to_grasp_dataset/data/participant_3/motion/B4_trial4_rep1_attempt0.csv,0,0,False,,,0,target_object_corrected,4,board_data_4,trial_number,230,264,264,34,34,B1-B4_hand_active_board10,train
3,4,4,2,0,1,0,[0.0],False,B4_trial4_rep2_attempt0.csv,/Users/arthu/Desktop/CTM_Res-Pro/data/reach_to_grasp_dataset/data/participant_3/motion/B4_trial4_rep2_attempt0.csv,0,0,False,,,0,target_object_corrected,4,board_data_4,trial_number,215,257,257,42,42,B1-B4_hand_active_board10,train
3,4,4,3,0,1,0,[0.0],False,B4_trial4_rep3_attempt0.csv,/Users/arthu/Desktop/CTM_Res-Pro/data/reach_to_grasp_dataset/data/participant_3/motion/B4_trial4_rep3_attempt0.csv,0,0,False,,,0,target_object_corrected,4,board_data_4,trial_number,231,265,265,34,34,B1-B4_hand_active_board10,val
3,4,5,0,0,1,1,"[4.0, 1.0]",True,B4_trial5_rep0_attempt0.csv,/Users/arthu/Desktop/CTM_Res-Pro/data/reach_to_grasp_dataset/data/participant_3/motion/B4_trial5_rep0_attempt0.csv,1,1,True,1.0,B4_trial5_rep1_attempt0.csv,1,target_object_corrected,5,board_data_5,trial_number,221,287,287,66,66,B1-B4_hand_active_board10,train
3,4,5,1,0,1,1,[1.0],False,B4_trial5_rep1_attempt0.csv,/Users/arthu/Desktop/CTM_Res-Pro/data/reach_to_grasp_dataset/data/participant_3/motion/B4_trial5_rep1_attempt0.csv,1,1,False,,,1,target_object_corrected,5,board_data_5,trial_number,207,268,268,61,61,B1-B4_hand_active_board10,train
3,4,5,2,0,1,1,[1.0],False,B4_trial5_rep2_attempt0.csv,/Users/arthu/Desktop/CTM_Res-Pro/data/reach_to_grasp_dataset/data/participant_3/motion/B4_trial5_rep2_attempt0.csv,1,1,False,,,1,target_object_corrected,5,board_data_5,trial_number,219,276,276,57,57,B1-B4_hand_active_board10,train
3,4,5,3,0,1,1,[1.0],False,B4_trial5_rep3_attempt0.csv,/Users/arthu/Desktop/CTM_Res-Pro/data/reach_to_grasp_dataset/data/participant_3/motion/B4_trial5_rep3_attempt0.csv,1,1,False,,,1,target_object_corrected,5,board_data_5,trial_number,233,280,280,47,47,B1-B4_hand_active_board10,val
3,4,6,0,0,1,2,"[5.0, 2.0]",True,B4_trial6_rep0_attempt0.csv,/Users/arthu/Desktop/CTM_Res-Pro/data/reach_to_grasp_dataset/data/participant_3/motion/B4_trial6_rep0_attempt0.csv,2,2,True,1.0,B4_trial6_rep1_attempt0.csv,2,target_object_corrected,6,board_data_6,trial_number,211,294,294,83,83,B1-B4_hand_active_board10,train
3,4,6,1,0,1,2,[2.0],False,B4_trial6_rep1_attempt0.csv,/Users/arthu/Desktop/CTM_Res-Pro/data/reach_to_grasp_dataset/data/participant_3/motion/B4_trial6_rep1_attempt0.csv,2,2,False,,,2,target_object_corrected,6,board_data_6,trial_number,216,280,280,64,64,B1-B4_hand_active_board10,train
3,4,6,2,0,1,2,[2.0],False,B4_trial6_rep2_attempt0.csv,/Users/arthu/Desktop/CTM_Res-Pro/data/reach_to_grasp_dataset/data/participant_3/motion/B4_trial6_rep2_attempt0.csv,2,2,False,,,2,target_object_corrected,6,board_data_6,trial_number,209,266,266,57,57,B1-B4_hand_active_board10,train
3,4,6,3,0,1,2,[2.0],False,B4_trial6_rep3_attempt0.csv,/Users/arthu/Desktop/CTM_Res-Pro/data/reach_to_grasp_dataset/data/participant_3/motion/B4_trial6_rep3_attempt0.csv,2,2,False,,,2,target_object_corrected,6,board_data_6,trial_number,214,285,285,71,71,B1-B4_hand_active_board10,val
3,4,7,0,0,1,3,"[6.0, 3.0]",True,B4_trial7_rep0_attempt0.csv,/Users/arthu/Desktop/CTM_Res-Pro/data/reach_to_grasp_dataset/data/participant_3/motion/B4_trial7_rep0_attempt0.csv,3,3,True,1.0,B4_trial7_rep1_attempt0.csv,3,target_object_corrected,7,board_data_7,trial_number,207,265,265,58,58,B1-B4_hand_active_board10,train
3,4,7,1,0,1,3,[3.0],False,B4_trial7_rep1_attempt0.csv,/Users/arthu/Desktop/CTM_Res-Pro/data/reach_to_grasp_dataset/data/participant_3/motion/B4_trial7_rep1_attempt0.csv,3,3,False,,,3,target_object_corrected,7,board_data_7,trial_number,226,279,279,53,53,B1-B4_hand_active_board10,train
3,4,7,2,0,1,3,[3.0],False,B4_trial7_rep2_attempt0.csv,/Users/arthu/Desktop/CTM_Res-Pro/data/reach_to_grasp_dataset/data/participant_3/motion/B4_trial7_rep2_attempt0.csv,3,3,False,,,3,target_object_corrected,7,board_data_7,trial_number,216,280,280,64,64,B1-B4_hand_active_board10,train
3,4,7,3,0,1,3,[3.0],False,B4_trial7_rep3_attempt0.csv,/Users/arthu/Desktop/CTM_Res-Pro/data/reach_to_grasp_dataset/data/participant_3/motion/B4_trial7_rep3_attempt0.csv,3,3,False,,,3,target_object_corrected,7,board_data_7,trial_number,223,273,273,50,50,B1-B4_hand_active_board10,val
4,1,0,0,0,1,0,"[3.0, 0.0]",True,B1_trial0_rep0_attempt0.csv,/Users/arthu/Desktop/CTM_Res-Pro/data/reach_to_grasp_dataset/data/participant_4/motion/B1_trial0_rep0_attempt0.csv,0,0,True,1.0,B1_trial0_rep1_attempt0.csv,0,target_object_corrected,0,board_data_0,trial_number,225,263,263,38,38,B1-B4_hand_active_board10,train
4,1,0,1,0,1,0,[0.0],False,B1_trial0_rep1_attempt0.csv,/Users/arthu/Desktop/CTM_Res-Pro/data/reach_to_grasp_dataset/data/participant_4/motion/B1_trial0_rep1_attempt0.csv,0,0,False,,,0,target_object_corrected,0,board_data_0,trial_number,248,310,310,62,62,B1-B4_hand_active_board10,train
4,1,0,2,0,1,0,[0.0],False,B1_trial0_rep2_attempt0.csv,/Users/arthu/Desktop/CTM_Res-Pro/data/reach_to_grasp_dataset/data/participant_4/motion/B1_trial0_rep2_attempt0.csv,0,0,False,,,0,target_object_corrected,0,board_data_0,trial_number,249,290,290,41,41,B1-B4_hand_active_board10,train
4,1,0,3,0,1,0,[0.0],False,B1_trial0_rep3_attempt0.csv,/Users/arthu/Desktop/CTM_Res-Pro/data/reach_to_grasp_dataset/data/participant_4/motion/B1_trial0_rep3_attempt0.csv,0,0,False,,,0,target_object_corrected,0,board_data_0,trial_number,273,327,327,54,54,B1-B4_hand_active_board10,val
4,1,1,0,0,1,1,"[0.0, 1.0]",True,B1_trial1_rep0_attempt0.csv,/Users/arthu/Desktop/CTM_Res-Pro/data/reach_to_grasp_dataset/data/participant_4/motion/B1_trial1_rep0_attempt0.csv,1,1,True,1.0,B1_trial1_rep1_attempt0.csv,1,target_object_corrected,1,board_data_1,trial_number,217,269,269,52,52,B1-B4_hand_active_board10,train
4,1,1,1,0,1,1,[1.0],False,B1_trial1_rep1_attempt0.csv,/Users/arthu/Desktop/CTM_Res-Pro/data/reach_to_grasp_dataset/data/participant_4/motion/B1_trial1_rep1_attempt0.csv,1,1,False,,,1,target_object_corrected,1,board_data_1,trial_number,226,283,283,57,57,B1-B4_hand_active_board10,train
4,1,1,2,0,1,1,[1.0],False,B1_trial1_rep2_attempt0.csv,/Users/arthu/Desktop/CTM_Res-Pro/data/reach_to_grasp_dataset/data/participant_4/motion/B1_trial1_rep2_attempt0.csv,1,1,False,,,1,target_object_corrected,1,board_data_1,trial_number,233,301,301,68,68,B1-B4_hand_active_board10,train
4,1,1,3,0,1,1,[1.0],False,B1_trial1_rep3_attempt0.csv,/Users/arthu/Desktop/CTM_Res-Pro/data/reach_to_grasp_dataset/data/participant_4/motion/B1_trial1_rep3_attempt0.csv,1,1,False,,,1,target_object_corrected,1,board_data_1,trial_number,331,409,409,78,78,B1-B4_hand_active_board10,val
4,1,2,0,0,1,2,"[1.0, 2.0]",True,B1_trial2_rep0_attempt0.csv,/Users/arthu/Desktop/CTM_Res-Pro/data/reach_to_grasp_dataset/data/participant_4/motion/B1_trial2_rep0_attempt0.csv,2,2,True,1.0,B1_trial2_rep1_attempt0.csv,2,target_object_corrected,2,board_data_2,trial_number,260,352,352,92,92,B1-B4_hand_active_board10,train
4,1,2,1,0,1,2,[2.0],False,B1_trial2_rep1_attempt0.csv,/Users/arthu/Desktop/CTM_Res-Pro/data/reach_to_grasp_dataset/data/participant_4/motion/B1_trial2_rep1_attempt0.csv,2,2,False,,,2,target_object_corrected,2,board_data_2,trial_number,259,348,348,89,89,B1-B4_hand_active_board10,train
4,1,2,2,0,1,2,[2.0],False,B1_trial2_rep2_attempt0.csv,/Users/arthu/Desktop/CTM_Res-Pro/data/reach_to_grasp_dataset/data/participant_4/motion/B1_trial2_rep2_attempt0.csv,2,2,False,,,2,target_object_corrected,2,board_data_2,trial_number,234,312,312,78,78,B1-B4_hand_active_board10,train
4,1,2,3,0,1,2,[2.0],False,B1_trial2_rep3_attempt0.csv,/Users/arthu/Desktop/CTM_Res-Pro/data/reach_to_grasp_dataset/data/participant_4/motion/B1_trial2_rep3_attempt0.csv,2,2,False,,,2,target_object_corrected,2,board_data_2,trial_number,223,301,301,78,78,B1-B4_hand_active_board10,val
4,1,3,0,0,1,3,"[2.0, 3.0]",True,B1_trial3_rep0_attempt0.csv,/Users/arthu/Desktop/CTM_Res-Pro/data/reach_to_grasp_dataset/data/participant_4/motion/B1_trial3_rep0_attempt0.csv,3,3,True,1.0,B1_trial3_rep1_attempt0.csv,3,target_object_corrected,3,board_data_3,trial_number,228,296,296,68,68,B1-B4_hand_active_board10,train
4,1,3,1,0,1,3,[3.0],False,B1_trial3_rep1_attempt0.csv,/Users/arthu/Desktop/CTM_Res-Pro/data/reach_to_grasp_dataset/data/participant_4/motion/B1_trial3_rep1_attempt0.csv,3,3,False,,,3,target_object_corrected,3,board_data_3,trial_number,251,322,322,71,71,B1-B4_hand_active_board10,train
4,1,3,2,0,1,3,[3.0],False,B1_trial3_rep2_attempt0.csv,/Users/arthu/Desktop/CTM_Res-Pro/data/reach_to_grasp_dataset/data/participant_4/motion/B1_trial3_rep2_attempt0.csv,3,3,False,,,3,target_object_corrected,3,board_data_3,trial_number,247,311,311,64,64,B1-B4_hand_active_board10,train
4,1,3,3,0,1,3,[3.0],False,B1_trial3_rep3_attempt0.csv,/Users/arthu/Desktop/CTM_Res-Pro/data/reach_to_grasp_dataset/data/participant_4/motion/B1_trial3_rep3_attempt0.csv,3,3,False,,,3,target_object_corrected,3,board_data_3,trial_number,254,338,338,84,84,B1-B4_hand_active_board10,val
4,1,4,0,0,1,4,"[3.0, 4.0]",True,B1_trial4_rep0_attempt0.csv,/Users/arthu/Desktop/CTM_Res-Pro/data/reach_to_grasp_dataset/data/participant_4/motion/B1_trial4_rep0_attempt0.csv,4,4,True,1.0,B1_trial4_rep1_attempt0.csv,4,target_object_corrected,4,board_data_4,trial_number,222,297,297,75,75,B1-B4_hand_active_board10,train
4,1,4,1,0,1,4,[4.0],False,B1_trial4_rep1_attempt0.csv,/Users/arthu/Desktop/CTM_Res-Pro/data/reach_to_grasp_dataset/data/participant_4/motion/B1_trial4_rep1_attempt0.csv,4,4,False,,,4,target_object_corrected,4,board_data_4,trial_number,248,319,319,71,71,B1-B4_hand_active_board10,train
4,1,4,2,0,1,4,[4.0],False,B1_trial4_rep2_attempt0.csv,/Users/arthu/Desktop/CTM_Res-Pro/data/reach_to_grasp_dataset/data/participant_4/motion/B1_trial4_rep2_attempt0.csv,4,4,False,,,4,target_object_corrected,4,board_data_4,trial_number,254,324,324,70,70,B1-B4_hand_active_board10,train
4,1,4,3,0,1,4,[4.0],False,B1_trial4_rep3_attempt0.csv,/Users/arthu/Desktop/CTM_Res-Pro/data/reach_to_grasp_dataset/data/participant_4/motion/B1_trial4_rep3_attempt0.csv,4,4,False,,,4,target_object_corrected,4,board_data_4,trial_number,247,343,343,96,96,B1-B4_hand_active_board10,val
4,1,5,0,0,1,5,"[4.0, 5.0]",True,B1_trial5_rep0_attempt0.csv,/Users/arthu/Desktop/CTM_Res-Pro/data/reach_to_grasp_dataset/data/participant_4/motion/B1_trial5_rep0_attempt0.csv,5,5,True,1.0,B1_trial5_rep1_attempt0.csv,5,target_object_corrected,5,board_data_5,trial_number,216,287,287,71,71,B1-B4_hand_active_board10,train
4,1,5,1,0,1,5,[5.0],False,B1_trial5_rep1_attempt0.csv,/Users/arthu/Desktop/CTM_Res-Pro/data/reach_to_grasp_dataset/data/participant_4/motion/B1_trial5_rep1_attempt0.csv,5,5,False,,,5,target_object_corrected,5,board_data_5,trial_number,223,277,277,54,54,B1-B4_hand_active_board10,train
4,1,5,2,0,1,5,[5.0],False,B1_trial5_rep2_attempt0.csv,/Users/arthu/Desktop/CTM_Res-Pro/data/reach_to_grasp_dataset/data/participant_4/motion/B1_trial5_rep2_attempt0.csv,5,5,False,,,5,target_object_corrected,5,board_data_5,trial_number,365,428,428,63,63,B1-B4_hand_active_board10,train
4,1,5,3,0,1,5,[5.0],False,B1_trial5_rep3_attempt0.csv,/Users/arthu/Desktop/CTM_Res-Pro/data/reach_to_grasp_dataset/data/participant_4/motion/B1_trial5_rep3_attempt0.csv,5,5,False,,,5,target_object_corrected,5,board_data_5,trial_number,234,309,309,75,75,B1-B4_hand_active_board10,val
4,1,6,0,1,1,6,[6.0],False,B1_trial6_rep0_attempt1.csv,/Users/arthu/Desktop/CTM_Res-Pro/data/reach_to_grasp_dataset/data/participant_4/motion/B1_trial6_rep0_attempt1.csv,6,6,True,1.0,B1_trial6_rep1_attempt0.csv,6,target_object_corrected,6,board_data_6,trial_number,208,262,262,54,54,B1-B4_hand_active_board10,train
4,1,6,1,0,1,6,[6.0],False,B1_trial6_rep1_attempt0.csv,/Users/arthu/Desktop/CTM_Res-Pro/data/reach_to_grasp_dataset/data/participant_4/motion/B1_trial6_rep1_attempt0.csv,6,6,False,,,6,target_object_corrected,6,board_data_6,trial_number,208,280,280,72,72,B1-B4_hand_active_board10,train
4,1,6,2,0,1,6,[6.0],False,B1_trial6_rep2_attempt0.csv,/Users/arthu/Desktop/CTM_Res-Pro/data/reach_to_grasp_dataset/data/participant_4/motion/B1_trial6_rep2_attempt0.csv,6,6,False,,,6,target_object_corrected,6,board_data_6,trial_number,246,344,344,98,98,B1-B4_hand_active_board10,train
4,1,6,3,0,1,6,[6.0],False,B1_trial6_rep3_attempt0.csv,/Users/arthu/Desktop/CTM_Res-Pro/data/reach_to_grasp_dataset/data/participant_4/motion/B1_trial6_rep3_attempt0.csv,6,6,False,,,6,target_object_corrected,6,board_data_6,trial_number,255,335,335,80,80,B1-B4_hand_active_board10,val
4,1,7,0,0,1,7,"[6.0, 7.0]",True,B1_trial7_rep0_attempt0.csv,/Users/arthu/Desktop/CTM_Res-Pro/data/reach_to_grasp_dataset/data/participant_4/motion/B1_trial7_rep0_attempt0.csv,7,7,True,1.0,B1_trial7_rep1_attempt0.csv,7,target_object_corrected,7,board_data_7,trial_number,209,284,284,75,75,B1-B4_hand_active_board10,train
4,1,7,1,0,1,7,[7.0],False,B1_trial7_rep1_attempt0.csv,/Users/arthu/Desktop/CTM_Res-Pro/data/reach_to_grasp_dataset/data/participant_4/motion/B1_trial7_rep1_attempt0.csv,7,7,False,,,7,target_object_corrected,7,board_data_7,trial_number,219,293,293,74,74,B1-B4_hand_active_board10,train
4,1,7,2,0,1,7,[7.0],False,B1_trial7_rep2_attempt0.csv,/Users/arthu/Desktop/CTM_Res-Pro/data/reach_to_grasp_dataset/data/participant_4/motion/B1_trial7_rep2_attempt0.csv,7,7,False,,,7,target_object_corrected,7,board_data_7,trial_number,224,319,319,95,95,B1-B4_hand_active_board10,train
4,1,7,3,0,1,7,[7.0],False,B1_trial7_rep3_attempt0.csv,/Users/arthu/Desktop/CTM_Res-Pro/data/reach_to_grasp_dataset/data/participant_4/motion/B1_trial7_rep3_attempt0.csv,7,7,False,,,7,target_object_corrected,7,board_data_7,trial_number,219,270,270,51,51,B1-B4_hand_active_board10,val
4,2,0,0,0,1,7,[7.0],False,B2_trial0_rep0_attempt0.csv,/Users/arthu/Desktop/CTM_Res-Pro/data/reach_to_grasp_dataset/data/participant_4/motion/B2_trial0_rep0_attempt0.csv,7,7,True,1.0,B2_trial0_rep1_attempt0.csv,7,target_object_corrected,0,board_data_0,trial_number,243,327,327,84,84,B1-B4_hand_active_board10,train
4,2,0,1,0,1,7,[7.0],False,B2_trial0_rep1_attempt0.csv,/Users/arthu/Desktop/CTM_Res-Pro/data/reach_to_grasp_dataset/data/participant_4/motion/B2_trial0_rep1_attempt0.csv,7,7,False,,,7,target_object_corrected,0,board_data_0,trial_number,233,320,320,87,87,B1-B4_hand_active_board10,train
4,2,0,2,0,1,7,[7.0],False,B2_trial0_rep2_attempt0.csv,/Users/arthu/Desktop/CTM_Res-Pro/data/reach_to_grasp_dataset/data/participant_4/motion/B2_trial0_rep2_attempt0.csv,7,7,False,,,7,target_object_corrected,0,board_data_0,trial_number,226,292,292,66,66,B1-B4_hand_active_board10,train
4,2,0,3,0,1,7,[7.0],False,B2_trial0_rep3_attempt0.csv,/Users/arthu/Desktop/CTM_Res-Pro/data/reach_to_grasp_dataset/data/participant_4/motion/B2_trial0_rep3_attempt0.csv,7,7,False,,,7,target_object_corrected,0,board_data_0,trial_number,252,350,350,98,98,B1-B4_hand_active_board10,val
4,2,1,0,0,1,6,"[0.0, 6.0]",True,B2_trial1_rep0_attempt0.csv,/Users/arthu/Desktop/CTM_Res-Pro/data/reach_to_grasp_dataset/data/participant_4/motion/B2_trial1_rep0_attempt0.csv,6,6,True,1.0,B2_trial1_rep1_attempt0.csv,6,target_object_corrected,1,board_data_1,trial_number,293,364,364,71,71,B1-B4_hand_active_board10,train
4,2,1,1,0,1,6,[6.0],False,B2_trial1_rep1_attempt0.csv,/Users/arthu/Desktop/CTM_Res-Pro/data/reach_to_grasp_dataset/data/participant_4/motion/B2_trial1_rep1_attempt0.csv,6,6,False,,,6,target_object_corrected,1,board_data_1,trial_number,255,328,328,73,73,B1-B4_hand_active_board10,train
4,2,1,2,0,1,6,[6.0],False,B2_trial1_rep2_attempt0.csv,/Users/arthu/Desktop/CTM_Res-Pro/data/reach_to_grasp_dataset/data/participant_4/motion/B2_trial1_rep2_attempt0.csv,6,6,False,,,6,target_object_corrected,1,board_data_1,trial_number,253,328,328,75,75,B1-B4_hand_active_board10,train
4,2,1,3,0,1,6,[6.0],False,B2_trial1_rep3_attempt0.csv,/Users/arthu/Desktop/CTM_Res-Pro/data/reach_to_grasp_dataset/data/participant_4/motion/B2_trial1_rep3_attempt0.csv,6,6,False,,,6,target_object_corrected,1,board_data_1,trial_number,246,300,300,54,54,B1-B4_hand_active_board10,val
4,2,2,0,0,1,5,"[1.0, 5.0]",True,B2_trial2_rep0_attempt0.csv,/Users/arthu/Desktop/CTM_Res-Pro/data/reach_to_grasp_dataset/data/participant_4/motion/B2_trial2_rep0_attempt0.csv,5,5,True,1.0,B2_trial2_rep1_attempt0.csv,5,target_object_corrected,2,board_data_2,trial_number,228,303,303,75,75,B1-B4_hand_active_board10,train
4,2,2,1,0,1,5,[5.0],False,B2_trial2_rep1_attempt0.csv,/Users/arthu/Desktop/CTM_Res-Pro/data/reach_to_grasp_dataset/data/participant_4/motion/B2_trial2_rep1_attempt0.csv,5,5,False,,,5,target_object_corrected,2,board_data_2,trial_number,267,332,332,65,65,B1-B4_hand_active_board10,train
4,2,2,2,0,1,5,[5.0],False,B2_trial2_rep2_attempt0.csv,/Users/arthu/Desktop/CTM_Res-Pro/data/reach_to_grasp_dataset/data/participant_4/motion/B2_trial2_rep2_attempt0.csv,5,5,False,,,5,target_object_corrected,2,board_data_2,trial_number,274,347,347,73,73,B1-B4_hand_active_board10,train
4,2,2,3,1,1,5,[5.0],False,B2_trial2_rep3_attempt1.csv,/Users/arthu/Desktop/CTM_Res-Pro/data/reach_to_grasp_dataset/data/participant_4/motion/B2_trial2_rep3_attempt1.csv,5,5,False,,,5,target_object_corrected,2,board_data_2,trial_number,220,283,283,63,63,B1-B4_hand_active_board10,val
4,2,3,0,0,1,4,"[2.0, 4.0]",True,B2_trial3_rep0_attempt0.csv,/Users/arthu/Desktop/CTM_Res-Pro/data/reach_to_grasp_dataset/data/participant_4/motion/B2_trial3_rep0_attempt0.csv,4,4,True,1.0,B2_trial3_rep1_attempt0.csv,4,target_object_corrected,3,board_data_3,trial_number,259,262,262,3,3,B1-B4_hand_active_board10,train
4,2,3,1,0,1,4,[4.0],False,B2_trial3_rep1_attempt0.csv,/Users/arthu/Desktop/CTM_Res-Pro/data/reach_to_grasp_dataset/data/participant_4/motion/B2_trial3_rep1_attempt0.csv,4,4,False,,,4,target_object_corrected,3,board_data_3,trial_number,241,284,284,43,43,B1-B4_hand_active_board10,train
4,2,3,2,0,1,4,[4.0],False,B2_trial3_rep2_attempt0.csv,/Users/arthu/Desktop/CTM_Res-Pro/data/reach_to_grasp_dataset/data/participant_4/motion/B2_trial3_rep2_attempt0.csv,4,4,False,,,4,target_object_corrected,3,board_data_3,trial_number,240,281,281,41,41,B1-B4_hand_active_board10,train
4,2,3,3,0,1,4,[4.0],False,B2_trial3_rep3_attempt0.csv,/Users/arthu/Desktop/CTM_Res-Pro/data/reach_to_grasp_dataset/data/participant_4/motion/B2_trial3_rep3_attempt0.csv,4,4,False,,,4,target_object_corrected,3,board_data_3,trial_number,375,415,415,40,40,B1-B4_hand_active_board10,val
4,2,4,0,0,1,3,[3.0],False,B2_trial4_rep0_attempt0.csv,/Users/arthu/Desktop/CTM_Res-Pro/data/reach_to_grasp_dataset/data/participant_4/motion/B2_trial4_rep0_attempt0.csv,3,3,True,1.0,B2_trial4_rep1_attempt0.csv,3,target_object_corrected,4,board_data_4,trial_number,223,291,291,68,68,B1-B4_hand_active_board10,train
4,2,4,1,0,1,3,[3.0],False,B2_trial4_rep1_attempt0.csv,/Users/arthu/Desktop/CTM_Res-Pro/data/reach_to_grasp_dataset/data/participant_4/motion/B2_trial4_rep1_attempt0.csv,3,3,False,,,3,target_object_corrected,4,board_data_4,trial_number,225,281,281,56,56,B1-B4_hand_active_board10,train
4,2,4,2,0,1,3,[3.0],False,B2_trial4_rep2_attempt0.csv,/Users/arthu/Desktop/CTM_Res-Pro/data/reach_to_grasp_dataset/data/participant_4/motion/B2_trial4_rep2_attempt0.csv,3,3,False,,,3,target_object_corrected,4,board_data_4,trial_number,232,282,282,50,50,B1-B4_hand_active_board10,train
4,2,4,3,0,1,3,[3.0],False,B2_trial4_rep3_attempt0.csv,/Users/arthu/Desktop/CTM_Res-Pro/data/reach_to_grasp_dataset/data/participant_4/motion/B2_trial4_rep3_attempt0.csv,3,3,False,,,3,target_object_corrected,4,board_data_4,trial_number,220,261,261,41,41,B1-B4_hand_active_board10,val
4,2,5,0,0,1,2,"[4.0, 2.0]",True,B2_trial5_rep0_attempt0.csv,/Users/arthu/Desktop/CTM_Res-Pro/data/reach_to_grasp_dataset/data/participant_4/motion/B2_trial5_rep0_attempt0.csv,2,2,True,1.0,B2_trial5_rep1_attempt0.csv,2,target_object_corrected,5,board_data_5,trial_number,269,369,369,100,100,B1-B4_hand_active_board10,train
4,2,5,1,0,1,2,[2.0],False,B2_trial5_rep1_attempt0.csv,/Users/arthu/Desktop/CTM_Res-Pro/data/reach_to_grasp_dataset/data/participant_4/motion/B2_trial5_rep1_attempt0.csv,2,2,False,,,2,target_object_corrected,5,board_data_5,trial_number,229,295,295,66,66,B1-B4_hand_active_board10,train
4,2,5,2,0,1,2,[2.0],False,B2_trial5_rep2_attempt0.csv,/Users/arthu/Desktop/CTM_Res-Pro/data/reach_to_grasp_dataset/data/participant_4/motion/B2_trial5_rep2_attempt0.csv,2,2,False,,,2,target_object_corrected,5,board_data_5,trial_number,216,292,292,76,76,B1-B4_hand_active_board10,train
4,2,5,3,0,1,2,[2.0],False,B2_trial5_rep3_attempt0.csv,/Users/arthu/Desktop/CTM_Res-Pro/data/reach_to_grasp_dataset/data/participant_4/motion/B2_trial5_rep3_attempt0.csv,2,2,False,,,2,target_object_corrected,5,board_data_5,trial_number,283,364,364,81,81,B1-B4_hand_active_board10,val
4,2,6,0,0,1,1,"[5.0, 1.0]",True,B2_trial6_rep0_attempt0.csv,/Users/arthu/Desktop/CTM_Res-Pro/data/reach_to_grasp_dataset/data/participant_4/motion/B2_trial6_rep0_attempt0.csv,1,1,True,1.0,B2_trial6_rep1_attempt0.csv,1,target_object_corrected,6,board_data_6,trial_number,205,249,249,44,44,B1-B4_hand_active_board10,train
4,2,6,1,0,1,1,[1.0],False,B2_trial6_rep1_attempt0.csv,/Users/arthu/Desktop/CTM_Res-Pro/data/reach_to_grasp_dataset/data/participant_4/motion/B2_trial6_rep1_attempt0.csv,1,1,False,,,1,target_object_corrected,6,board_data_6,trial_number,336,383,383,47,47,B1-B4_hand_active_board10,train
4,2,6,2,0,1,1,[1.0],False,B2_trial6_rep2_attempt0.csv,/Users/arthu/Desktop/CTM_Res-Pro/data/reach_to_grasp_dataset/data/participant_4/motion/B2_trial6_rep2_attempt0.csv,1,1,False,,,1,target_object_corrected,6,board_data_6,trial_number,236,288,288,52,52,B1-B4_hand_active_board10,train
4,2,6,3,0,1,1,[1.0],False,B2_trial6_rep3_attempt0.csv,/Users/arthu/Desktop/CTM_Res-Pro/data/reach_to_grasp_dataset/data/participant_4/motion/B2_trial6_rep3_attempt0.csv,1,1,False,,,1,target_object_corrected,6,board_data_6,trial_number,237,286,286,49,49,B1-B4_hand_active_board10,val
4,2,7,0,1,1,0,[0.0],False,B2_trial7_rep0_attempt1.csv,/Users/arthu/Desktop/CTM_Res-Pro/data/reach_to_grasp_dataset/data/participant_4/motion/B2_trial7_rep0_attempt1.csv,0,0,True,1.0,B2_trial7_rep1_attempt0.csv,0,target_object_corrected,7,board_data_7,trial_number,208,274,274,66,66,B1-B4_hand_active_board10,train
4,2,7,1,0,1,0,[0.0],False,B2_trial7_rep1_attempt0.csv,/Users/arthu/Desktop/CTM_Res-Pro/data/reach_to_grasp_dataset/data/participant_4/motion/B2_trial7_rep1_attempt0.csv,0,0,False,,,0,target_object_corrected,7,board_data_7,trial_number,257,312,312,55,55,B1-B4_hand_active_board10,train
4,2,7,2,0,1,0,[0.0],False,B2_trial7_rep2_attempt0.csv,/Users/arthu/Desktop/CTM_Res-Pro/data/reach_to_grasp_dataset/data/participant_4/motion/B2_trial7_rep2_attempt0.csv,0,0,False,,,0,target_object_corrected,7,board_data_7,trial_number,219,275,275,56,56,B1-B4_hand_active_board10,train
4,2,7,3,0,1,0,[0.0],False,B2_trial7_rep3_attempt0.csv,/Users/arthu/Desktop/CTM_Res-Pro/data/reach_to_grasp_dataset/data/participant_4/motion/B2_trial7_rep3_attempt0.csv,0,0,False,,,0,target_object_corrected,7,board_data_7,trial_number,230,287,287,57,57,B1-B4_hand_active_board10,val
4,3,0,0,0,1,3,"[7.0, 3.0]",True,B3_trial0_rep0_attempt0.csv,/Users/arthu/Desktop/CTM_Res-Pro/data/reach_to_grasp_dataset/data/participant_4/motion/B3_trial0_rep0_attempt0.csv,3,3,True,1.0,B3_trial0_rep1_attempt0.csv,3,target_object_corrected,0,board_data_0,trial_number,227,304,304,77,77,B1-B4_hand_active_board10,train
4,3,0,1,0,1,3,[3.0],False,B3_trial0_rep1_attempt0.csv,/Users/arthu/Desktop/CTM_Res-Pro/data/reach_to_grasp_dataset/data/participant_4/motion/B3_trial0_rep1_attempt0.csv,3,3,False,,,3,target_object_corrected,0,board_data_0,trial_number,299,352,352,53,53,B1-B4_hand_active_board10,train
4,3,0,2,0,1,3,[3.0],False,B3_trial0_rep2_attempt0.csv,/Users/arthu/Desktop/CTM_Res-Pro/data/reach_to_grasp_dataset/data/participant_4/motion/B3_trial0_rep2_attempt0.csv,3,3,False,,,3,target_object_corrected,0,board_data_0,trial_number,278,343,343,65,65,B1-B4_hand_active_board10,train
4,3,0,3,0,1,3,[3.0],False,B3_trial0_rep3_attempt0.csv,/Users/arthu/Desktop/CTM_Res-Pro/data/reach_to_grasp_dataset/data/participant_4/motion/B3_trial0_rep3_attempt0.csv,3,3,False,,,3,target_object_corrected,0,board_data_0,trial_number,352,413,413,61,61,B1-B4_hand_active_board10,val
4,3,1,0,0,1,2,"[0.0, 2.0]",True,B3_trial1_rep0_attempt0.csv,/Users/arthu/Desktop/CTM_Res-Pro/data/reach_to_grasp_dataset/data/participant_4/motion/B3_trial1_rep0_attempt0.csv,2,2,True,1.0,B3_trial1_rep1_attempt0.csv,2,target_object_corrected,1,board_data_1,trial_number,213,239,239,26,26,B1-B4_hand_active_board10,train
4,3,1,1,0,1,2,[2.0],False,B3_trial1_rep1_attempt0.csv,/Users/arthu/Desktop/CTM_Res-Pro/data/reach_to_grasp_dataset/data/participant_4/motion/B3_trial1_rep1_attempt0.csv,2,2,False,,,2,target_object_corrected,1,board_data_1,trial_number,278,351,351,73,73,B1-B4_hand_active_board10,train
4,3,1,2,0,1,2,[2.0],False,B3_trial1_rep2_attempt0.csv,/Users/arthu/Desktop/CTM_Res-Pro/data/reach_to_grasp_dataset/data/participant_4/motion/B3_trial1_rep2_attempt0.csv,2,2,False,,,2,target_object_corrected,1,board_data_1,trial_number,296,365,365,69,69,B1-B4_hand_active_board10,train
4,3,1,3,0,1,2,[2.0],False,B3_trial1_rep3_attempt0.csv,/Users/arthu/Desktop/CTM_Res-Pro/data/reach_to_grasp_dataset/data/participant_4/motion/B3_trial1_rep3_attempt0.csv,2,2,False,,,2,target_object_corrected,1,board_data_1,trial_number,231,297,297,66,66,B1-B4_hand_active_board10,val
4,3,2,0,0,1,1,[1.0],False,B3_trial2_rep0_attempt0.csv,/Users/arthu/Desktop/CTM_Res-Pro/data/reach_to_grasp_dataset/data/participant_4/motion/B3_trial2_rep0_attempt0.csv,1,1,True,1.0,B3_trial2_rep1_attempt0.csv,1,target_object_corrected,2,board_data_2,trial_number,234,280,280,46,46,B1-B4_hand_active_board10,train
4,3,2,1,0,1,1,[1.0],False,B3_trial2_rep1_attempt0.csv,/Users/arthu/Desktop/CTM_Res-Pro/data/reach_to_grasp_dataset/data/participant_4/motion/B3_trial2_rep1_attempt0.csv,1,1,False,,,1,target_object_corrected,2,board_data_2,trial_number,236,283,283,47,47,B1-B4_hand_active_board10,train
4,3,2,2,0,1,1,[1.0],False,B3_trial2_rep2_attempt0.csv,/Users/arthu/Desktop/CTM_Res-Pro/data/reach_to_grasp_dataset/data/participant_4/motion/B3_trial2_rep2_attempt0.csv,1,1,False,,,1,target_object_corrected,2,board_data_2,trial_number,274,334,334,60,60,B1-B4_hand_active_board10,train
4,3,2,3,0,1,1,[1.0],False,B3_trial2_rep3_attempt0.csv,/Users/arthu/Desktop/CTM_Res-Pro/data/reach_to_grasp_dataset/data/participant_4/motion/B3_trial2_rep3_attempt0.csv,1,1,False,,,1,target_object_corrected,2,board_data_2,trial_number,336,379,379,43,43,B1-B4_hand_active_board10,val
4,3,3,0,0,1,0,"[2.0, 0.0]",True,B3_trial3_rep0_attempt0.csv,/Users/arthu/Desktop/CTM_Res-Pro/data/reach_to_grasp_dataset/data/participant_4/motion/B3_trial3_rep0_attempt0.csv,0,0,True,1.0,B3_trial3_rep1_attempt0.csv,0,target_object_corrected,3,board_data_3,trial_number,237,293,293,56,56,B1-B4_hand_active_board10,train
4,3,3,1,0,1,0,[0.0],False,B3_trial3_rep1_attempt0.csv,/Users/arthu/Desktop/CTM_Res-Pro/data/reach_to_grasp_dataset/data/participant_4/motion/B3_trial3_rep1_attempt0.csv,0,0,False,,,0,target_object_corrected,3,board_data_3,trial_number,219,276,276,57,57,B1-B4_hand_active_board10,train
4,3,3,2,0,1,0,[0.0],False,B3_trial3_rep2_attempt0.csv,/Users/arthu/Desktop/CTM_Res-Pro/data/reach_to_grasp_dataset/data/participant_4/motion/B3_trial3_rep2_attempt0.csv,0,0,False,,,0,target_object_corrected,3,board_data_3,trial_number,258,317,317,59,59,B1-B4_hand_active_board10,train
4,3,3,3,0,1,0,[0.0],False,B3_trial3_rep3_attempt0.csv,/Users/arthu/Desktop/CTM_Res-Pro/data/reach_to_grasp_dataset/data/participant_4/motion/B3_trial3_rep3_attempt0.csv,0,0,False,,,0,target_object_corrected,3,board_data_3,trial_number,290,343,343,53,53,B1-B4_hand_active_board10,val
4,3,4,0,0,1,7,"[3.0, 7.0]",True,B3_trial4_rep0_attempt0.csv,/Users/arthu/Desktop/CTM_Res-Pro/data/reach_to_grasp_dataset/data/participant_4/motion/B3_trial4_rep0_attempt0.csv,7,7,True,1.0,B3_trial4_rep1_attempt0.csv,7,target_object_corrected,4,board_data_4,trial_number,244,314,314,70,70,B1-B4_hand_active_board10,train
4,3,4,1,0,1,7,[7.0],False,B3_trial4_rep1_attempt0.csv,/Users/arthu/Desktop/CTM_Res-Pro/data/reach_to_grasp_dataset/data/participant_4/motion/B3_trial4_rep1_attempt0.csv,7,7,False,,,7,target_object_corrected,4,board_data_4,trial_number,279,375,375,96,96,B1-B4_hand_active_board10,train
4,3,4,2,0,1,7,[7.0],False,B3_trial4_rep2_attempt0.csv,/Users/arthu/Desktop/CTM_Res-Pro/data/reach_to_grasp_dataset/data/participant_4/motion/B3_trial4_rep2_attempt0.csv,7,7,False,,,7,target_object_corrected,4,board_data_4,trial_number,239,299,299,60,60,B1-B4_hand_active_board10,train
4,3,4,3,0,1,7,[7.0],False,B3_trial4_rep3_attempt0.csv,/Users/arthu/Desktop/CTM_Res-Pro/data/reach_to_grasp_dataset/data/participant_4/motion/B3_trial4_rep3_attempt0.csv,7,7,False,,,7,target_object_corrected,4,board_data_4,trial_number,248,309,309,61,61,B1-B4_hand_active_board10,val
4,3,5,0,0,1,6,"[4.0, 6.0]",True,B3_trial5_rep0_attempt0.csv,/Users/arthu/Desktop/CTM_Res-Pro/data/reach_to_grasp_dataset/data/participant_4/motion/B3_trial5_rep0_attempt0.csv,6,6,True,1.0,B3_trial5_rep1_attempt0.csv,6,target_object_corrected,5,board_data_5,trial_number,231,297,297,66,66,B1-B4_hand_active_board10,train
4,3,5,1,0,1,6,[6.0],False,B3_trial5_rep1_attempt0.csv,/Users/arthu/Desktop/CTM_Res-Pro/data/reach_to_grasp_dataset/data/participant_4/motion/B3_trial5_rep1_attempt0.csv,6,6,False,,,6,target_object_corrected,5,board_data_5,trial_number,215,283,283,68,68,B1-B4_hand_active_board10,train
4,3,5,2,0,1,6,[6.0],False,B3_trial5_rep2_attempt0.csv,/Users/arthu/Desktop/CTM_Res-Pro/data/reach_to_grasp_dataset/data/participant_4/motion/B3_trial5_rep2_attempt0.csv,6,6,False,,,6,target_object_corrected,5,board_data_5,trial_number,223,303,303,80,80,B1-B4_hand_active_board10,train
4,3,5,3,0,1,6,[6.0],False,B3_trial5_rep3_attempt0.csv,/Users/arthu/Desktop/CTM_Res-Pro/data/reach_to_grasp_dataset/data/participant_4/motion/B3_trial5_rep3_attempt0.csv,6,6,False,,,6,target_object_corrected,5,board_data_5,trial_number,227,301,301,74,74,B1-B4_hand_active_board10,val
4,3,6,0,1,1,5,[5.0],False,B3_trial6_rep0_attempt1.csv,/Users/arthu/Desktop/CTM_Res-Pro/data/reach_to_grasp_dataset/data/participant_4/motion/B3_trial6_rep0_attempt1.csv,5,5,True,1.0,B3_trial6_rep1_attempt0.csv,5,target_object_corrected,6,board_data_6,trial_number,253,339,339,86,86,B1-B4_hand_active_board10,train
4,3,6,1,0,1,5,[5.0],False,B3_trial6_rep1_attempt0.csv,/Users/arthu/Desktop/CTM_Res-Pro/data/reach_to_grasp_dataset/data/participant_4/motion/B3_trial6_rep1_attempt0.csv,5,5,False,,,5,target_object_corrected,6,board_data_6,trial_number,321,408,408,87,87,B1-B4_hand_active_board10,train
4,3,6,2,0,1,5,[5.0],False,B3_trial6_rep2_attempt0.csv,/Users/arthu/Desktop/CTM_Res-Pro/data/reach_to_grasp_dataset/data/participant_4/motion/B3_trial6_rep2_attempt0.csv,5,5,False,,,5,target_object_corrected,6,board_data_6,trial_number,277,399,399,122,122,B1-B4_hand_active_board10,train
4,3,6,3,0,1,5,[5.0],False,B3_trial6_rep3_attempt0.csv,/Users/arthu/Desktop/CTM_Res-Pro/data/reach_to_grasp_dataset/data/participant_4/motion/B3_trial6_rep3_attempt0.csv,5,5,False,,,5,target_object_corrected,6,board_data_6,trial_number,243,354,354,111,111,B1-B4_hand_active_board10,val
4,3,7,0,1,1,4,[4.0],False,B3_trial7_rep0_attempt1.csv,/Users/arthu/Desktop/CTM_Res-Pro/data/reach_to_grasp_dataset/data/participant_4/motion/B3_trial7_rep0_attempt1.csv,4,4,True,1.0,B3_trial7_rep1_attempt0.csv,4,target_object_corrected,7,board_data_7,trial_number,55,124,124,69,69,B1-B4_hand_active_board10,train
4,3,7,1,0,1,4,[4.0],False,B3_trial7_rep1_attempt0.csv,/Users/arthu/Desktop/CTM_Res-Pro/data/reach_to_grasp_dataset/data/participant_4/motion/B3_trial7_rep1_attempt0.csv,4,4,False,,,4,target_object_corrected,7,board_data_7,trial_number,175,251,251,76,76,B1-B4_hand_active_board10,train
4,3,7,2,0,1,4,[4.0],False,B3_trial7_rep2_attempt0.csv,/Users/arthu/Desktop/CTM_Res-Pro/data/reach_to_grasp_dataset/data/participant_4/motion/B3_trial7_rep2_attempt0.csv,4,4,False,,,4,target_object_corrected,7,board_data_7,trial_number,223,296,296,73,73,B1-B4_hand_active_board10,train
4,3,7,3,0,1,4,[4.0],False,B3_trial7_rep3_attempt0.csv,/Users/arthu/Desktop/CTM_Res-Pro/data/reach_to_grasp_dataset/data/participant_4/motion/B3_trial7_rep3_attempt0.csv,4,4,False,,,4,target_object_corrected,7,board_data_7,trial_number,259,336,336,77,77,B1-B4_hand_active_board10,val
4,4,0,0,0,1,4,"[7.0, 4.0]",True,B4_trial0_rep0_attempt0.csv,/Users/arthu/Desktop/CTM_Res-Pro/data/reach_to_grasp_dataset/data/participant_4/motion/B4_trial0_rep0_attempt0.csv,4,4,True,1.0,B4_trial0_rep1_attempt0.csv,4,target_object_corrected,0,board_data_0,trial_number,210,257,257,47,47,B1-B4_hand_active_board10,train
4,4,0,1,0,1,4,[4.0],False,B4_trial0_rep1_attempt0.csv,/Users/arthu/Desktop/CTM_Res-Pro/data/reach_to_grasp_dataset/data/participant_4/motion/B4_trial0_rep1_attempt0.csv,4,4,False,,,4,target_object_corrected,0,board_data_0,trial_number,325,389,389,64,64,B1-B4_hand_active_board10,train
4,4,0,2,0,1,4,[4.0],False,B4_trial0_rep2_attempt0.csv,/Users/arthu/Desktop/CTM_Res-Pro/data/reach_to_grasp_dataset/data/participant_4/motion/B4_trial0_rep2_attempt0.csv,4,4,False,,,4,target_object_corrected,0,board_data_0,trial_number,277,337,337,60,60,B1-B4_hand_active_board10,train
4,4,0,3,0,1,4,[4.0],False,B4_trial0_rep3_attempt0.csv,/Users/arthu/Desktop/CTM_Res-Pro/data/reach_to_grasp_dataset/data/participant_4/motion/B4_trial0_rep3_attempt0.csv,4,4,False,,,4,target_object_corrected,0,board_data_0,trial_number,344,405,405,61,61,B1-B4_hand_active_board10,val
4,4,1,0,0,1,5,"[0.0, 5.0]",True,B4_trial1_rep0_attempt0.csv,/Users/arthu/Desktop/CTM_Res-Pro/data/reach_to_grasp_dataset/data/participant_4/motion/B4_trial1_rep0_attempt0.csv,5,5,True,1.0,B4_trial1_rep1_attempt0.csv,5,target_object_corrected,1,board_data_1,trial_number,225,298,298,73,73,B1-B4_hand_active_board10,train
4,4,1,1,0,1,5,[5.0],False,B4_trial1_rep1_attempt0.csv,/Users/arthu/Desktop/CTM_Res-Pro/data/reach_to_grasp_dataset/data/participant_4/motion/B4_trial1_rep1_attempt0.csv,5,5,False,,,5,target_object_corrected,1,board_data_1,trial_number,227,290,290,63,63,B1-B4_hand_active_board10,train
4,4,1,2,0,1,5,[5.0],False,B4_trial1_rep2_attempt0.csv,/Users/arthu/Desktop/CTM_Res-Pro/data/reach_to_grasp_dataset/data/participant_4/motion/B4_trial1_rep2_attempt0.csv,5,5,False,,,5,target_object_corrected,1,board_data_1,trial_number,234,294,294,60,60,B1-B4_hand_active_board10,train
4,4,1,3,0,1,5,[5.0],False,B4_trial1_rep3_attempt0.csv,/Users/arthu/Desktop/CTM_Res-Pro/data/reach_to_grasp_dataset/data/participant_4/motion/B4_trial1_rep3_attempt0.csv,5,5,False,,,5,target_object_corrected,1,board_data_1,trial_number,288,344,344,56,56,B1-B4_hand_active_board10,val
4,4,2,0,0,1,6,"[1.0, 6.0]",True,B4_trial2_rep0_attempt0.csv,/Users/arthu/Desktop/CTM_Res-Pro/data/reach_to_grasp_dataset/data/participant_4/motion/B4_trial2_rep0_attempt0.csv,6,6,True,1.0,B4_trial2_rep1_attempt0.csv,6,target_object_corrected,2,board_data_2,trial_number,319,380,380,61,61,B1-B4_hand_active_board10,train
4,4,2,1,0,1,6,[6.0],False,B4_trial2_rep1_attempt0.csv,/Users/arthu/Desktop/CTM_Res-Pro/data/reach_to_grasp_dataset/data/participant_4/motion/B4_trial2_rep1_attempt0.csv,6,6,False,,,6,target_object_corrected,2,board_data_2,trial_number,236,304,304,68,68,B1-B4_hand_active_board10,train
4,4,2,2,0,1,6,[6.0],False,B4_trial2_rep2_attempt0.csv,/Users/arthu/Desktop/CTM_Res-Pro/data/reach_to_grasp_dataset/data/participant_4/motion/B4_trial2_rep2_attempt0.csv,6,6,False,,,6,target_object_corrected,2,board_data_2,trial_number,231,292,292,61,61,B1-B4_hand_active_board10,train
4,4,2,3,0,1,6,[6.0],False,B4_trial2_rep3_attempt0.csv,/Users/arthu/Desktop/CTM_Res-Pro/data/reach_to_grasp_dataset/data/participant_4/motion/B4_trial2_rep3_attempt0.csv,6,6,False,,,6,target_object_corrected,2,board_data_2,trial_number,238,286,286,48,48,B1-B4_hand_active_board10,val
4,4,3,0,1,1,7,[7.0],False,B4_trial3_rep0_attempt1.csv,/Users/arthu/Desktop/CTM_Res-Pro/data/reach_to_grasp_dataset/data/participant_4/motion/B4_trial3_rep0_attempt1.csv,7,7,True,1.0,B4_trial3_rep1_attempt0.csv,7,target_object_corrected,3,board_data_3,trial_number,223,285,285,62,62,B1-B4_hand_active_board10,train
4,4,3,1,0,1,7,[7.0],False,B4_trial3_rep1_attempt0.csv,/Users/arthu/Desktop/CTM_Res-Pro/data/reach_to_grasp_dataset/data/participant_4/motion/B4_trial3_rep1_attempt0.csv,7,7,False,,,7,target_object_corrected,3,board_data_3,trial_number,221,265,265,44,44,B1-B4_hand_active_board10,train
4,4,3,2,0,1,7,[7.0],False,B4_trial3_rep2_attempt0.csv,/Users/arthu/Desktop/CTM_Res-Pro/data/reach_to_grasp_dataset/data/participant_4/motion/B4_trial3_rep2_attempt0.csv,7,7,False,,,7,target_object_corrected,3,board_data_3,trial_number,224,279,279,55,55,B1-B4_hand_active_board10,train
4,4,3,3,0,1,7,[7.0],False,B4_trial3_rep3_attempt0.csv,/Users/arthu/Desktop/CTM_Res-Pro/data/reach_to_grasp_dataset/data/participant_4/motion/B4_trial3_rep3_attempt0.csv,7,7,False,,,7,target_object_corrected,3,board_data_3,trial_number,265,367,367,102,102,B1-B4_hand_active_board10,val
4,4,4,0,1,1,0,[0.0],False,B4_trial4_rep0_attempt1.csv,/Users/arthu/Desktop/CTM_Res-Pro/data/reach_to_grasp_dataset/data/participant_4/motion/B4_trial4_rep0_attempt1.csv,0,0,True,1.0,B4_trial4_rep1_attempt0.csv,0,target_object_corrected,4,board_data_4,trial_number,249,299,299,50,50,B1-B4_hand_active_board10,train
4,4,4,1,0,1,0,[0.0],False,B4_trial4_rep1_attempt0.csv,/Users/arthu/Desktop/CTM_Res-Pro/data/reach_to_grasp_dataset/data/participant_4/motion/B4_trial4_rep1_attempt0.csv,0,0,False,,,0,target_object_corrected,4,board_data_4,trial_number,276,333,333,57,57,B1-B4_hand_active_board10,train
4,4,4,2,0,1,0,[0.0],False,B4_trial4_rep2_attempt0.csv,/Users/arthu/Desktop/CTM_Res-Pro/data/reach_to_grasp_dataset/data/participant_4/motion/B4_trial4_rep2_attempt0.csv,0,0,False,,,0,target_object_corrected,4,board_data_4,trial_number,267,320,320,53,53,B1-B4_hand_active_board10,train
4,4,4,3,0,1,0,[0.0],False,B4_trial4_rep3_attempt0.csv,/Users/arthu/Desktop/CTM_Res-Pro/data/reach_to_grasp_dataset/data/participant_4/motion/B4_trial4_rep3_attempt0.csv,0,0,False,,,0,target_object_corrected,4,board_data_4,trial_number,385,438,438,53,53,B1-B4_hand_active_board10,val
4,4,5,0,0,1,1,"[4.0, 1.0]",True,B4_trial5_rep0_attempt0.csv,/Users/arthu/Desktop/CTM_Res-Pro/data/reach_to_grasp_dataset/data/participant_4/motion/B4_trial5_rep0_attempt0.csv,1,1,True,1.0,B4_trial5_rep1_attempt0.csv,1,target_object_corrected,5,board_data_5,trial_number,284,339,339,55,55,B1-B4_hand_active_board10,train
4,4,5,1,0,1,1,[1.0],False,B4_trial5_rep1_attempt0.csv,/Users/arthu/Desktop/CTM_Res-Pro/data/reach_to_grasp_dataset/data/participant_4/motion/B4_trial5_rep1_attempt0.csv,1,1,False,,,1,target_object_corrected,5,board_data_5,trial_number,328,388,388,60,60,B1-B4_hand_active_board10,train
4,4,5,2,0,1,1,[1.0],False,B4_trial5_rep2_attempt0.csv,/Users/arthu/Desktop/CTM_Res-Pro/data/reach_to_grasp_dataset/data/participant_4/motion/B4_trial5_rep2_attempt0.csv,1,1,False,,,1,target_object_corrected,5,board_data_5,trial_number,255,318,318,63,63,B1-B4_hand_active_board10,train
4,4,5,3,0,1,1,[1.0],False,B4_trial5_rep3_attempt0.csv,/Users/arthu/Desktop/CTM_Res-Pro/data/reach_to_grasp_dataset/data/participant_4/motion/B4_trial5_rep3_attempt0.csv,1,1,False,,,1,target_object_corrected,5,board_data_5,trial_number,272,327,327,55,55,B1-B4_hand_active_board10,val
4,4,6,0,0,1,2,"[5.0, 2.0]",True,B4_trial6_rep0_attempt0.csv,/Users/arthu/Desktop/CTM_Res-Pro/data/reach_to_grasp_dataset/data/participant_4/motion/B4_trial6_rep0_attempt0.csv,2,2,True,1.0,B4_trial6_rep1_attempt0.csv,2,target_object_corrected,6,board_data_6,trial_number,223,294,294,71,71,B1-B4_hand_active_board10,train
4,4,6,1,0,1,2,[2.0],False,B4_trial6_rep1_attempt0.csv,/Users/arthu/Desktop/CTM_Res-Pro/data/reach_to_grasp_dataset/data/participant_4/motion/B4_trial6_rep1_attempt0.csv,2,2,False,,,2,target_object_corrected,6,board_data_6,trial_number,272,368,368,96,96,B1-B4_hand_active_board10,train
4,4,6,2,0,1,2,[2.0],False,B4_trial6_rep2_attempt0.csv,/Users/arthu/Desktop/CTM_Res-Pro/data/reach_to_grasp_dataset/data/participant_4/motion/B4_trial6_rep2_attempt0.csv,2,2,False,,,2,target_object_corrected,6,board_data_6,trial_number,299,404,404,105,105,B1-B4_hand_active_board10,train
4,4,6,3,0,1,2,[2.0],False,B4_trial6_rep3_attempt0.csv,/Users/arthu/Desktop/CTM_Res-Pro/data/reach_to_grasp_dataset/data/participant_4/motion/B4_trial6_rep3_attempt0.csv,2,2,False,,,2,target_object_corrected,6,board_data_6,trial_number,235,374,374,139,139,B1-B4_hand_active_board10,val
4,4,7,0,0,1,3,"[6.0, 3.0]",True,B4_trial7_rep0_attempt0.csv,/Users/arthu/Desktop/CTM_Res-Pro/data/reach_to_grasp_dataset/data/participant_4/motion/B4_trial7_rep0_attempt0.csv,3,3,True,1.0,B4_trial7_rep1_attempt0.csv,3,target_object_corrected,7,board_data_7,trial_number,238,299,299,61,61,B1-B4_hand_active_board10,train
4,4,7,1,0,1,3,[3.0],False,B4_trial7_rep1_attempt0.csv,/Users/arthu/Desktop/CTM_Res-Pro/data/reach_to_grasp_dataset/data/participant_4/motion/B4_trial7_rep1_attempt0.csv,3,3,False,,,3,target_object_corrected,7,board_data_7,trial_number,230,283,283,53,53,B1-B4_hand_active_board10,train
4,4,7,2,0,1,3,[3.0],False,B4_trial7_rep2_attempt0.csv,/Users/arthu/Desktop/CTM_Res-Pro/data/reach_to_grasp_dataset/data/participant_4/motion/B4_trial7_rep2_attempt0.csv,3,3,False,,,3,target_object_corrected,7,board_data_7,trial_number,212,271,271,59,59,B1-B4_hand_active_board10,train
4,4,7,3,0,1,3,[3.0],False,B4_trial7_rep3_attempt0.csv,/Users/arthu/Desktop/CTM_Res-Pro/data/reach_to_grasp_dataset/data/participant_4/motion/B4_trial7_rep3_attempt0.csv,3,3,False,,,3,target_object_corrected,7,board_data_7,trial_number,235,295,295,60,60,B1-B4_hand_active_board10,val
5,1,0,0,0,1,0,"[3.0, 0.0]",True,B1_trial0_rep0_attempt0.csv,/Users/arthu/Desktop/CTM_Res-Pro/data/reach_to_grasp_dataset/data/participant_5/motion/B1_trial0_rep0_attempt0.csv,0,0,True,1.0,B1_trial0_rep1_attempt0.csv,0,target_object_corrected,0,board_data_0,trial_number,218,283,283,65,65,B1-B4_hand_active_board10,test
5,1,0,1,0,1,0,[0.0],False,B1_trial0_rep1_attempt0.csv,/Users/arthu/Desktop/CTM_Res-Pro/data/reach_to_grasp_dataset/data/participant_5/motion/B1_trial0_rep1_attempt0.csv,0,0,False,,,0,target_object_corrected,0,board_data_0,trial_number,222,278,278,56,56,B1-B4_hand_active_board10,test
5,1,0,2,0,1,0,[0.0],False,B1_trial0_rep2_attempt0.csv,/Users/arthu/Desktop/CTM_Res-Pro/data/reach_to_grasp_dataset/data/participant_5/motion/B1_trial0_rep2_attempt0.csv,0,0,False,,,0,target_object_corrected,0,board_data_0,trial_number,234,294,294,60,60,B1-B4_hand_active_board10,test
5,1,0,3,0,1,0,[0.0],False,B1_trial0_rep3_attempt0.csv,/Users/arthu/Desktop/CTM_Res-Pro/data/reach_to_grasp_dataset/data/participant_5/motion/B1_trial0_rep3_attempt0.csv,0,0,False,,,0,target_object_corrected,0,board_data_0,trial_number,235,294,294,59,59,B1-B4_hand_active_board10,test
5,1,1,0,0,1,1,"[0.0, 1.0]",True,B1_trial1_rep0_attempt0.csv,/Users/arthu/Desktop/CTM_Res-Pro/data/reach_to_grasp_dataset/data/participant_5/motion/B1_trial1_rep0_attempt0.csv,1,1,True,1.0,B1_trial1_rep1_attempt0.csv,1,target_object_corrected,1,board_data_1,trial_number,233,300,300,67,67,B1-B4_hand_active_board10,test
5,1,1,1,0,1,1,[1.0],False,B1_trial1_rep1_attempt0.csv,/Users/arthu/Desktop/CTM_Res-Pro/data/reach_to_grasp_dataset/data/participant_5/motion/B1_trial1_rep1_attempt0.csv,1,1,False,,,1,target_object_corrected,1,board_data_1,trial_number,223,287,287,64,64,B1-B4_hand_active_board10,test
5,1,1,2,0,1,1,[1.0],False,B1_trial1_rep2_attempt0.csv,/Users/arthu/Desktop/CTM_Res-Pro/data/reach_to_grasp_dataset/data/participant_5/motion/B1_trial1_rep2_attempt0.csv,1,1,False,,,1,target_object_corrected,1,board_data_1,trial_number,215,284,284,69,69,B1-B4_hand_active_board10,test
5,1,1,3,0,1,1,[1.0],False,B1_trial1_rep3_attempt0.csv,/Users/arthu/Desktop/CTM_Res-Pro/data/reach_to_grasp_dataset/data/participant_5/motion/B1_trial1_rep3_attempt0.csv,1,1,False,,,1,target_object_corrected,1,board_data_1,trial_number,241,307,307,66,66,B1-B4_hand_active_board10,test
5,1,2,0,0,1,2,"[1.0, 2.0]",True,B1_trial2_rep0_attempt0.csv,/Users/arthu/Desktop/CTM_Res-Pro/data/reach_to_grasp_dataset/data/participant_5/motion/B1_trial2_rep0_attempt0.csv,2,2,True,1.0,B1_trial2_rep1_attempt0.csv,2,target_object_corrected,2,board_data_2,trial_number,238,315,315,77,77,B1-B4_hand_active_board10,test
5,1,2,1,0,1,2,[2.0],False,B1_trial2_rep1_attempt0.csv,/Users/arthu/Desktop/CTM_Res-Pro/data/reach_to_grasp_dataset/data/participant_5/motion/B1_trial2_rep1_attempt0.csv,2,2,False,,,2,target_object_corrected,2,board_data_2,trial_number,233,299,299,66,66,B1-B4_hand_active_board10,test
5,1,2,2,0,1,2,[2.0],False,B1_trial2_rep2_attempt0.csv,/Users/arthu/Desktop/CTM_Res-Pro/data/reach_to_grasp_dataset/data/participant_5/motion/B1_trial2_rep2_attempt0.csv,2,2,False,,,2,target_object_corrected,2,board_data_2,trial_number,236,295,295,59,59,B1-B4_hand_active_board10,test
5,1,2,3,0,1,2,[2.0],False,B1_trial2_rep3_attempt0.csv,/Users/arthu/Desktop/CTM_Res-Pro/data/reach_to_grasp_dataset/data/participant_5/motion/B1_trial2_rep3_attempt0.csv,2,2,False,,,2,target_object_corrected,2,board_data_2,trial_number,237,294,294,57,57,B1-B4_hand_active_board10,test
5,1,3,0,0,1,3,"[2.0, 3.0]",True,B1_trial3_rep0_attempt0.csv,/Users/arthu/Desktop/CTM_Res-Pro/data/reach_to_grasp_dataset/data/participant_5/motion/B1_trial3_rep0_attempt0.csv,3,3,True,1.0,B1_trial3_rep1_attempt0.csv,3,target_object_corrected,3,board_data_3,trial_number,237,309,309,72,72,B1-B4_hand_active_board10,test
5,1,3,1,0,1,3,[3.0],False,B1_trial3_rep1_attempt0.csv,/Users/arthu/Desktop/CTM_Res-Pro/data/reach_to_grasp_dataset/data/participant_5/motion/B1_trial3_rep1_attempt0.csv,3,3,False,,,3,target_object_corrected,3,board_data_3,trial_number,251,301,301,50,50,B1-B4_hand_active_board10,test
5,1,3,2,0,1,3,[3.0],False,B1_trial3_rep2_attempt0.csv,/Users/arthu/Desktop/CTM_Res-Pro/data/reach_to_grasp_dataset/data/participant_5/motion/B1_trial3_rep2_attempt0.csv,3,3,False,,,3,target_object_corrected,3,board_data_3,trial_number,245,294,294,49,49,B1-B4_hand_active_board10,test
5,1,3,3,0,1,3,[3.0],False,B1_trial3_rep3_attempt0.csv,/Users/arthu/Desktop/CTM_Res-Pro/data/reach_to_grasp_dataset/data/participant_5/motion/B1_trial3_rep3_attempt0.csv,3,3,False,,,3,target_object_corrected,3,board_data_3,trial_number,252,291,291,39,39,B1-B4_hand_active_board10,test
5,1,4,0,0,1,4,"[3.0, 4.0]",True,B1_trial4_rep0_attempt0.csv,/Users/arthu/Desktop/CTM_Res-Pro/data/reach_to_grasp_dataset/data/participant_5/motion/B1_trial4_rep0_attempt0.csv,4,4,True,1.0,B1_trial4_rep1_attempt0.csv,4,target_object_corrected,4,board_data_4,trial_number,235,304,304,69,69,B1-B4_hand_active_board10,test
5,1,4,1,0,1,4,[4.0],False,B1_trial4_rep1_attempt0.csv,/Users/arthu/Desktop/CTM_Res-Pro/data/reach_to_grasp_dataset/data/participant_5/motion/B1_trial4_rep1_attempt0.csv,4,4,False,,,4,target_object_corrected,4,board_data_4,trial_number,221,278,278,57,57,B1-B4_hand_active_board10,test
5,1,4,2,0,1,4,[4.0],False,B1_trial4_rep2_attempt0.csv,/Users/arthu/Desktop/CTM_Res-Pro/data/reach_to_grasp_dataset/data/participant_5/motion/B1_trial4_rep2_attempt0.csv,4,4,False,,,4,target_object_corrected,4,board_data_4,trial_number,227,284,284,57,57,B1-B4_hand_active_board10,test
5,1,4,3,0,1,4,[4.0],False,B1_trial4_rep3_attempt0.csv,/Users/arthu/Desktop/CTM_Res-Pro/data/reach_to_grasp_dataset/data/participant_5/motion/B1_trial4_rep3_attempt0.csv,4,4,False,,,4,target_object_corrected,4,board_data_4,trial_number,230,284,284,54,54,B1-B4_hand_active_board10,test
5,1,5,0,0,1,5,"[4.0, 5.0]",True,B1_trial5_rep0_attempt0.csv,/Users/arthu/Desktop/CTM_Res-Pro/data/reach_to_grasp_dataset/data/participant_5/motion/B1_trial5_rep0_attempt0.csv,5,5,True,1.0,B1_trial5_rep1_attempt0.csv,5,target_object_corrected,5,board_data_5,trial_number,221,294,294,73,73,B1-B4_hand_active_board10,test
5,1,5,1,0,1,5,[5.0],False,B1_trial5_rep1_attempt0.csv,/Users/arthu/Desktop/CTM_Res-Pro/data/reach_to_grasp_dataset/data/participant_5/motion/B1_trial5_rep1_attempt0.csv,5,5,False,,,5,target_object_corrected,5,board_data_5,trial_number,222,299,299,77,77,B1-B4_hand_active_board10,test
5,1,5,2,0,1,5,[5.0],False,B1_trial5_rep2_attempt0.csv,/Users/arthu/Desktop/CTM_Res-Pro/data/reach_to_grasp_dataset/data/participant_5/motion/B1_trial5_rep2_attempt0.csv,5,5,False,,,5,target_object_corrected,5,board_data_5,trial_number,224,294,294,70,70,B1-B4_hand_active_board10,test
5,1,5,3,0,1,5,[5.0],False,B1_trial5_rep3_attempt0.csv,/Users/arthu/Desktop/CTM_Res-Pro/data/reach_to_grasp_dataset/data/participant_5/motion/B1_trial5_rep3_attempt0.csv,5,5,False,,,5,target_object_corrected,5,board_data_5,trial_number,225,290,290,65,65,B1-B4_hand_active_board10,test
5,1,6,0,0,1,6,"[5.0, 6.0]",True,B1_trial6_rep0_attempt0.csv,/Users/arthu/Desktop/CTM_Res-Pro/data/reach_to_grasp_dataset/data/participant_5/motion/B1_trial6_rep0_attempt0.csv,6,6,True,1.0,B1_trial6_rep1_attempt0.csv,6,target_object_corrected,6,board_data_6,trial_number,220,319,319,99,99,B1-B4_hand_active_board10,test
5,1,6,1,0,1,6,[6.0],False,B1_trial6_rep1_attempt0.csv,/Users/arthu/Desktop/CTM_Res-Pro/data/reach_to_grasp_dataset/data/participant_5/motion/B1_trial6_rep1_attempt0.csv,6,6,False,,,6,target_object_corrected,6,board_data_6,trial_number,220,293,293,73,73,B1-B4_hand_active_board10,test
5,1,6,2,0,1,6,[6.0],False,B1_trial6_rep2_attempt0.csv,/Users/arthu/Desktop/CTM_Res-Pro/data/reach_to_grasp_dataset/data/participant_5/motion/B1_trial6_rep2_attempt0.csv,6,6,False,,,6,target_object_corrected,6,board_data_6,trial_number,226,320,320,94,94,B1-B4_hand_active_board10,test
5,1,6,3,0,1,6,[6.0],False,B1_trial6_rep3_attempt0.csv,/Users/arthu/Desktop/CTM_Res-Pro/data/reach_to_grasp_dataset/data/participant_5/motion/B1_trial6_rep3_attempt0.csv,6,6,False,,,6,target_object_corrected,6,board_data_6,trial_number,223,308,308,85,85,B1-B4_hand_active_board10,test
5,1,7,0,0,1,7,"[6.0, 7.0]",True,B1_trial7_rep0_attempt0.csv,/Users/arthu/Desktop/CTM_Res-Pro/data/reach_to_grasp_dataset/data/participant_5/motion/B1_trial7_rep0_attempt0.csv,7,7,True,1.0,B1_trial7_rep1_attempt0.csv,7,target_object_corrected,7,board_data_7,trial_number,227,302,302,75,75,B1-B4_hand_active_board10,test
5,1,7,1,0,1,7,[7.0],False,B1_trial7_rep1_attempt0.csv,/Users/arthu/Desktop/CTM_Res-Pro/data/reach_to_grasp_dataset/data/participant_5/motion/B1_trial7_rep1_attempt0.csv,7,7,False,,,7,target_object_corrected,7,board_data_7,trial_number,235,325,325,90,90,B1-B4_hand_active_board10,test
5,1,7,2,0,1,7,[7.0],False,B1_trial7_rep2_attempt0.csv,/Users/arthu/Desktop/CTM_Res-Pro/data/reach_to_grasp_dataset/data/participant_5/motion/B1_trial7_rep2_attempt0.csv,7,7,False,,,7,target_object_corrected,7,board_data_7,trial_number,230,297,297,67,67,B1-B4_hand_active_board10,test
5,1,7,3,0,1,7,[7.0],False,B1_trial7_rep3_attempt0.csv,/Users/arthu/Desktop/CTM_Res-Pro/data/reach_to_grasp_dataset/data/participant_5/motion/B1_trial7_rep3_attempt0.csv,7,7,False,,,7,target_object_corrected,7,board_data_7,trial_number,229,306,306,77,77,B1-B4_hand_active_board10,test
5,2,0,0,0,1,7,[7.0],False,B2_trial0_rep0_attempt0.csv,/Users/arthu/Desktop/CTM_Res-Pro/data/reach_to_grasp_dataset/data/participant_5/motion/B2_trial0_rep0_attempt0.csv,7,7,True,1.0,B2_trial0_rep1_attempt0.csv,7,target_object_corrected,0,board_data_0,trial_number,222,294,294,72,72,B1-B4_hand_active_board10,test
5,2,0,1,0,1,7,[7.0],False,B2_trial0_rep1_attempt0.csv,/Users/arthu/Desktop/CTM_Res-Pro/data/reach_to_grasp_dataset/data/participant_5/motion/B2_trial0_rep1_attempt0.csv,7,7,False,,,7,target_object_corrected,0,board_data_0,trial_number,229,305,305,76,76,B1-B4_hand_active_board10,test
5,2,0,2,0,1,7,[7.0],False,B2_trial0_rep2_attempt0.csv,/Users/arthu/Desktop/CTM_Res-Pro/data/reach_to_grasp_dataset/data/participant_5/motion/B2_trial0_rep2_attempt0.csv,7,7,False,,,7,target_object_corrected,0,board_data_0,trial_number,234,297,297,63,63,B1-B4_hand_active_board10,test
5,2,0,3,0,1,7,[7.0],False,B2_trial0_rep3_attempt0.csv,/Users/arthu/Desktop/CTM_Res-Pro/data/reach_to_grasp_dataset/data/participant_5/motion/B2_trial0_rep3_attempt0.csv,7,7,False,,,7,target_object_corrected,0,board_data_0,trial_number,233,277,277,44,44,B1-B4_hand_active_board10,test
5,2,1,0,0,1,6,"[0.0, 6.0]",True,B2_trial1_rep0_attempt0.csv,/Users/arthu/Desktop/CTM_Res-Pro/data/reach_to_grasp_dataset/data/participant_5/motion/B2_trial1_rep0_attempt0.csv,6,6,True,1.0,B2_trial1_rep1_attempt0.csv,6,target_object_corrected,1,board_data_1,trial_number,225,306,306,81,81,B1-B4_hand_active_board10,test
5,2,1,1,0,1,6,[6.0],False,B2_trial1_rep1_attempt0.csv,/Users/arthu/Desktop/CTM_Res-Pro/data/reach_to_grasp_dataset/data/participant_5/motion/B2_trial1_rep1_attempt0.csv,6,6,False,,,6,target_object_corrected,1,board_data_1,trial_number,270,343,343,73,73,B1-B4_hand_active_board10,test
5,2,1,2,0,1,6,[6.0],False,B2_trial1_rep2_attempt0.csv,/Users/arthu/Desktop/CTM_Res-Pro/data/reach_to_grasp_dataset/data/participant_5/motion/B2_trial1_rep2_attempt0.csv,6,6,False,,,6,target_object_corrected,1,board_data_1,trial_number,221,308,308,87,87,B1-B4_hand_active_board10,test
5,2,1,3,0,1,6,[6.0],False,B2_trial1_rep3_attempt0.csv,/Users/arthu/Desktop/CTM_Res-Pro/data/reach_to_grasp_dataset/data/participant_5/motion/B2_trial1_rep3_attempt0.csv,6,6,False,,,6,target_object_corrected,1,board_data_1,trial_number,230,301,301,71,71,B1-B4_hand_active_board10,test
5,2,2,0,0,1,5,"[1.0, 5.0]",True,B2_trial2_rep0_attempt0.csv,/Users/arthu/Desktop/CTM_Res-Pro/data/reach_to_grasp_dataset/data/participant_5/motion/B2_trial2_rep0_attempt0.csv,5,5,True,1.0,B2_trial2_rep1_attempt0.csv,5,target_object_corrected,2,board_data_2,trial_number,227,303,303,76,76,B1-B4_hand_active_board10,test
5,2,2,1,0,1,5,[5.0],False,B2_trial2_rep1_attempt0.csv,/Users/arthu/Desktop/CTM_Res-Pro/data/reach_to_grasp_dataset/data/participant_5/motion/B2_trial2_rep1_attempt0.csv,5,5,False,,,5,target_object_corrected,2,board_data_2,trial_number,237,302,302,65,65,B1-B4_hand_active_board10,test
5,2,2,2,0,1,5,[5.0],False,B2_trial2_rep2_attempt0.csv,/Users/arthu/Desktop/CTM_Res-Pro/data/reach_to_grasp_dataset/data/participant_5/motion/B2_trial2_rep2_attempt0.csv,5,5,False,,,5,target_object_corrected,2,board_data_2,trial_number,235,306,306,71,71,B1-B4_hand_active_board10,test
5,2,2,3,0,1,5,[5.0],False,B2_trial2_rep3_attempt0.csv,/Users/arthu/Desktop/CTM_Res-Pro/data/reach_to_grasp_dataset/data/participant_5/motion/B2_trial2_rep3_attempt0.csv,5,5,False,,,5,target_object_corrected,2,board_data_2,trial_number,229,294,294,65,65,B1-B4_hand_active_board10,test
5,2,3,0,0,1,4,"[2.0, 4.0]",True,B2_trial3_rep0_attempt0.csv,/Users/arthu/Desktop/CTM_Res-Pro/data/reach_to_grasp_dataset/data/participant_5/motion/B2_trial3_rep0_attempt0.csv,4,4,True,1.0,B2_trial3_rep1_attempt0.csv,4,target_object_corrected,3,board_data_3,trial_number,237,276,276,39,39,B1-B4_hand_active_board10,test
5,2,3,1,0,1,4,[4.0],False,B2_trial3_rep1_attempt0.csv,/Users/arthu/Desktop/CTM_Res-Pro/data/reach_to_grasp_dataset/data/participant_5/motion/B2_trial3_rep1_attempt0.csv,4,4,False,,,4,target_object_corrected,3,board_data_3,trial_number,246,278,278,32,32,B1-B4_hand_active_board10,test
5,2,3,2,0,1,4,[4.0],False,B2_trial3_rep2_attempt0.csv,/Users/arthu/Desktop/CTM_Res-Pro/data/reach_to_grasp_dataset/data/participant_5/motion/B2_trial3_rep2_attempt0.csv,4,4,False,,,4,target_object_corrected,3,board_data_3,trial_number,240,280,280,40,40,B1-B4_hand_active_board10,test
5,2,3,3,0,1,4,[4.0],False,B2_trial3_rep3_attempt0.csv,/Users/arthu/Desktop/CTM_Res-Pro/data/reach_to_grasp_dataset/data/participant_5/motion/B2_trial3_rep3_attempt0.csv,4,4,False,,,4,target_object_corrected,3,board_data_3,trial_number,255,274,274,19,19,B1-B4_hand_active_board10,test
5,2,4,0,0,1,3,[3.0],False,B2_trial4_rep0_attempt0.csv,/Users/arthu/Desktop/CTM_Res-Pro/data/reach_to_grasp_dataset/data/participant_5/motion/B2_trial4_rep0_attempt0.csv,3,3,True,1.0,B2_trial4_rep1_attempt0.csv,3,target_object_corrected,4,board_data_4,trial_number,222,301,301,79,79,B1-B4_hand_active_board10,test
5,2,4,1,0,1,3,[3.0],False,B2_trial4_rep1_attempt0.csv,/Users/arthu/Desktop/CTM_Res-Pro/data/reach_to_grasp_dataset/data/participant_5/motion/B2_trial4_rep1_attempt0.csv,3,3,False,,,3,target_object_corrected,4,board_data_4,trial_number,217,290,290,73,73,B1-B4_hand_active_board10,test
5,2,4,2,0,1,3,[3.0],False,B2_trial4_rep2_attempt0.csv,/Users/arthu/Desktop/CTM_Res-Pro/data/reach_to_grasp_dataset/data/participant_5/motion/B2_trial4_rep2_attempt0.csv,3,3,False,,,3,target_object_corrected,4,board_data_4,trial_number,225,296,296,71,71,B1-B4_hand_active_board10,test
5,2,4,3,0,1,3,[3.0],False,B2_trial4_rep3_attempt0.csv,/Users/arthu/Desktop/CTM_Res-Pro/data/reach_to_grasp_dataset/data/participant_5/motion/B2_trial4_rep3_attempt0.csv,3,3,False,,,3,target_object_corrected,4,board_data_4,trial_number,206,278,278,72,72,B1-B4_hand_active_board10,test
5,2,5,0,0,1,2,"[4.0, 2.0]",True,B2_trial5_rep0_attempt0.csv,/Users/arthu/Desktop/CTM_Res-Pro/data/reach_to_grasp_dataset/data/participant_5/motion/B2_trial5_rep0_attempt0.csv,2,2,True,1.0,B2_trial5_rep1_attempt0.csv,2,target_object_corrected,5,board_data_5,trial_number,227,299,299,72,72,B1-B4_hand_active_board10,test
5,2,5,1,0,1,2,[2.0],False,B2_trial5_rep1_attempt0.csv,/Users/arthu/Desktop/CTM_Res-Pro/data/reach_to_grasp_dataset/data/participant_5/motion/B2_trial5_rep1_attempt0.csv,2,2,False,,,2,target_object_corrected,5,board_data_5,trial_number,218,290,290,72,72,B1-B4_hand_active_board10,test
5,2,5,2,0,1,2,[2.0],False,B2_trial5_rep2_attempt0.csv,/Users/arthu/Desktop/CTM_Res-Pro/data/reach_to_grasp_dataset/data/participant_5/motion/B2_trial5_rep2_attempt0.csv,2,2,False,,,2,target_object_corrected,5,board_data_5,trial_number,214,293,293,79,79,B1-B4_hand_active_board10,test
5,2,5,3,0,1,2,[2.0],False,B2_trial5_rep3_attempt0.csv,/Users/arthu/Desktop/CTM_Res-Pro/data/reach_to_grasp_dataset/data/participant_5/motion/B2_trial5_rep3_attempt0.csv,2,2,False,,,2,target_object_corrected,5,board_data_5,trial_number,213,289,289,76,76,B1-B4_hand_active_board10,test
5,2,6,0,0,1,1,"[5.0, 1.0]",True,B2_trial6_rep0_attempt0.csv,/Users/arthu/Desktop/CTM_Res-Pro/data/reach_to_grasp_dataset/data/participant_5/motion/B2_trial6_rep0_attempt0.csv,1,1,True,1.0,B2_trial6_rep1_attempt0.csv,1,target_object_corrected,6,board_data_6,trial_number,225,290,290,65,65,B1-B4_hand_active_board10,test
5,2,6,1,0,1,1,[1.0],False,B2_trial6_rep1_attempt0.csv,/Users/arthu/Desktop/CTM_Res-Pro/data/reach_to_grasp_dataset/data/participant_5/motion/B2_trial6_rep1_attempt0.csv,1,1,False,,,1,target_object_corrected,6,board_data_6,trial_number,214,285,285,71,71,B1-B4_hand_active_board10,test
5,2,6,2,0,1,1,[1.0],False,B2_trial6_rep2_attempt0.csv,/Users/arthu/Desktop/CTM_Res-Pro/data/reach_to_grasp_dataset/data/participant_5/motion/B2_trial6_rep2_attempt0.csv,1,1,False,,,1,target_object_corrected,6,board_data_6,trial_number,223,295,295,72,72,B1-B4_hand_active_board10,test
5,2,6,3,0,1,1,[1.0],False,B2_trial6_rep3_attempt0.csv,/Users/arthu/Desktop/CTM_Res-Pro/data/reach_to_grasp_dataset/data/participant_5/motion/B2_trial6_rep3_attempt0.csv,1,1,False,,,1,target_object_corrected,6,board_data_6,trial_number,215,285,285,70,70,B1-B4_hand_active_board10,test
5,2,7,0,0,1,0,"[6.0, 0.0]",True,B2_trial7_rep0_attempt0.csv,/Users/arthu/Desktop/CTM_Res-Pro/data/reach_to_grasp_dataset/data/participant_5/motion/B2_trial7_rep0_attempt0.csv,0,0,True,1.0,B2_trial7_rep1_attempt0.csv,0,target_object_corrected,7,board_data_7,trial_number,230,304,304,74,74,B1-B4_hand_active_board10,test
5,2,7,1,0,1,0,[0.0],False,B2_trial7_rep1_attempt0.csv,/Users/arthu/Desktop/CTM_Res-Pro/data/reach_to_grasp_dataset/data/participant_5/motion/B2_trial7_rep1_attempt0.csv,0,0,False,,,0,target_object_corrected,7,board_data_7,trial_number,228,306,306,78,78,B1-B4_hand_active_board10,test
5,2,7,2,0,1,0,[0.0],False,B2_trial7_rep2_attempt0.csv,/Users/arthu/Desktop/CTM_Res-Pro/data/reach_to_grasp_dataset/data/participant_5/motion/B2_trial7_rep2_attempt0.csv,0,0,False,,,0,target_object_corrected,7,board_data_7,trial_number,227,305,305,78,78,B1-B4_hand_active_board10,test
5,2,7,3,0,1,0,[0.0],False,B2_trial7_rep3_attempt0.csv,/Users/arthu/Desktop/CTM_Res-Pro/data/reach_to_grasp_dataset/data/participant_5/motion/B2_trial7_rep3_attempt0.csv,0,0,False,,,0,target_object_corrected,7,board_data_7,trial_number,229,304,304,75,75,B1-B4_hand_active_board10,test
5,3,0,0,0,1,3,"[7.0, 3.0]",True,B3_trial0_rep0_attempt0.csv,/Users/arthu/Desktop/CTM_Res-Pro/data/reach_to_grasp_dataset/data/participant_5/motion/B3_trial0_rep0_attempt0.csv,3,3,True,1.0,B3_trial0_rep1_attempt0.csv,3,target_object_corrected,0,board_data_0,trial_number,241,307,307,66,66,B1-B4_hand_active_board10,test
5,3,0,1,0,1,3,[3.0],False,B3_trial0_rep1_attempt0.csv,/Users/arthu/Desktop/CTM_Res-Pro/data/reach_to_grasp_dataset/data/participant_5/motion/B3_trial0_rep1_attempt0.csv,3,3,False,,,3,target_object_corrected,0,board_data_0,trial_number,227,303,303,76,76,B1-B4_hand_active_board10,test
5,3,0,2,0,1,3,[3.0],False,B3_trial0_rep2_attempt0.csv,/Users/arthu/Desktop/CTM_Res-Pro/data/reach_to_grasp_dataset/data/participant_5/motion/B3_trial0_rep2_attempt0.csv,3,3,False,,,3,target_object_corrected,0,board_data_0,trial_number,233,302,302,69,69,B1-B4_hand_active_board10,test
5,3,0,3,0,1,3,[3.0],False,B3_trial0_rep3_attempt0.csv,/Users/arthu/Desktop/CTM_Res-Pro/data/reach_to_grasp_dataset/data/participant_5/motion/B3_trial0_rep3_attempt0.csv,3,3,False,,,3,target_object_corrected,0,board_data_0,trial_number,232,303,303,71,71,B1-B4_hand_active_board10,test
5,3,1,0,0,1,2,"[0.0, 2.0]",True,B3_trial1_rep0_attempt0.csv,/Users/arthu/Desktop/CTM_Res-Pro/data/reach_to_grasp_dataset/data/participant_5/motion/B3_trial1_rep0_attempt0.csv,2,2,True,1.0,B3_trial1_rep1_attempt0.csv,2,target_object_corrected,1,board_data_1,trial_number,240,325,325,85,85,B1-B4_hand_active_board10,test
5,3,1,1,0,1,2,[2.0],False,B3_trial1_rep1_attempt0.csv,/Users/arthu/Desktop/CTM_Res-Pro/data/reach_to_grasp_dataset/data/participant_5/motion/B3_trial1_rep1_attempt0.csv,2,2,False,,,2,target_object_corrected,1,board_data_1,trial_number,225,296,296,71,71,B1-B4_hand_active_board10,test
5,3,1,2,0,1,2,[2.0],False,B3_trial1_rep2_attempt0.csv,/Users/arthu/Desktop/CTM_Res-Pro/data/reach_to_grasp_dataset/data/participant_5/motion/B3_trial1_rep2_attempt0.csv,2,2,False,,,2,target_object_corrected,1,board_data_1,trial_number,230,297,297,67,67,B1-B4_hand_active_board10,test
5,3,1,3,0,1,2,[2.0],False,B3_trial1_rep3_attempt0.csv,/Users/arthu/Desktop/CTM_Res-Pro/data/reach_to_grasp_dataset/data/participant_5/motion/B3_trial1_rep3_attempt0.csv,2,2,False,,,2,target_object_corrected,1,board_data_1,trial_number,230,292,292,62,62,B1-B4_hand_active_board10,test
5,3,2,0,0,1,1,[1.0],False,B3_trial2_rep0_attempt0.csv,/Users/arthu/Desktop/CTM_Res-Pro/data/reach_to_grasp_dataset/data/participant_5/motion/B3_trial2_rep0_attempt0.csv,1,1,True,1.0,B3_trial2_rep1_attempt0.csv,1,target_object_corrected,2,board_data_2,trial_number,234,305,305,71,71,B1-B4_hand_active_board10,test
5,3,2,1,0,1,1,[1.0],False,B3_trial2_rep1_attempt0.csv,/Users/arthu/Desktop/CTM_Res-Pro/data/reach_to_grasp_dataset/data/participant_5/motion/B3_trial2_rep1_attempt0.csv,1,1,False,,,1,target_object_corrected,2,board_data_2,trial_number,248,318,318,70,70,B1-B4_hand_active_board10,test
5,3,2,2,0,1,1,[1.0],False,B3_trial2_rep2_attempt0.csv,/Users/arthu/Desktop/CTM_Res-Pro/data/reach_to_grasp_dataset/data/participant_5/motion/B3_trial2_rep2_attempt0.csv,1,1,False,,,1,target_object_corrected,2,board_data_2,trial_number,231,285,285,54,54,B1-B4_hand_active_board10,test
5,3,2,3,0,1,1,[1.0],False,B3_trial2_rep3_attempt0.csv,/Users/arthu/Desktop/CTM_Res-Pro/data/reach_to_grasp_dataset/data/participant_5/motion/B3_trial2_rep3_attempt0.csv,1,1,False,,,1,target_object_corrected,2,board_data_2,trial_number,236,295,295,59,59,B1-B4_hand_active_board10,test
5,3,3,0,0,1,0,"[2.0, 0.0]",True,B3_trial3_rep0_attempt0.csv,/Users/arthu/Desktop/CTM_Res-Pro/data/reach_to_grasp_dataset/data/participant_5/motion/B3_trial3_rep0_attempt0.csv,0,0,True,1.0,B3_trial3_rep1_attempt0.csv,0,target_object_corrected,3,board_data_3,trial_number,279,320,320,41,41,B1-B4_hand_active_board10,test
5,3,3,1,0,1,0,[0.0],False,B3_trial3_rep1_attempt0.csv,/Users/arthu/Desktop/CTM_Res-Pro/data/reach_to_grasp_dataset/data/participant_5/motion/B3_trial3_rep1_attempt0.csv,0,0,False,,,0,target_object_corrected,3,board_data_3,trial_number,238,294,294,56,56,B1-B4_hand_active_board10,test
5,3,3,2,0,1,0,[0.0],False,B3_trial3_rep2_attempt0.csv,/Users/arthu/Desktop/CTM_Res-Pro/data/reach_to_grasp_dataset/data/participant_5/motion/B3_trial3_rep2_attempt0.csv,0,0,False,,,0,target_object_corrected,3,board_data_3,trial_number,249,295,295,46,46,B1-B4_hand_active_board10,test
5,3,3,3,0,1,0,[0.0],False,B3_trial3_rep3_attempt0.csv,/Users/arthu/Desktop/CTM_Res-Pro/data/reach_to_grasp_dataset/data/participant_5/motion/B3_trial3_rep3_attempt0.csv,0,0,False,,,0,target_object_corrected,3,board_data_3,trial_number,245,286,286,41,41,B1-B4_hand_active_board10,test
5,3,4,0,0,1,7,"[3.0, 7.0]",True,B3_trial4_rep0_attempt0.csv,/Users/arthu/Desktop/CTM_Res-Pro/data/reach_to_grasp_dataset/data/participant_5/motion/B3_trial4_rep0_attempt0.csv,7,7,True,1.0,B3_trial4_rep1_attempt0.csv,7,target_object_corrected,4,board_data_4,trial_number,221,296,296,75,75,B1-B4_hand_active_board10,test
5,3,4,1,0,1,7,[7.0],False,B3_trial4_rep1_attempt0.csv,/Users/arthu/Desktop/CTM_Res-Pro/data/reach_to_grasp_dataset/data/participant_5/motion/B3_trial4_rep1_attempt0.csv,7,7,False,,,7,target_object_corrected,4,board_data_4,trial_number,219,306,306,87,87,B1-B4_hand_active_board10,test
5,3,4,2,0,1,7,[7.0],False,B3_trial4_rep2_attempt0.csv,/Users/arthu/Desktop/CTM_Res-Pro/data/reach_to_grasp_dataset/data/participant_5/motion/B3_trial4_rep2_attempt0.csv,7,7,False,,,7,target_object_corrected,4,board_data_4,trial_number,218,298,298,80,80,B1-B4_hand_active_board10,test
5,3,4,3,0,1,7,[7.0],False,B3_trial4_rep3_attempt0.csv,/Users/arthu/Desktop/CTM_Res-Pro/data/reach_to_grasp_dataset/data/participant_5/motion/B3_trial4_rep3_attempt0.csv,7,7,False,,,7,target_object_corrected,4,board_data_4,trial_number,215,287,287,72,72,B1-B4_hand_active_board10,test
5,3,5,0,0,1,6,"[4.0, 6.0]",True,B3_trial5_rep0_attempt0.csv,/Users/arthu/Desktop/CTM_Res-Pro/data/reach_to_grasp_dataset/data/participant_5/motion/B3_trial5_rep0_attempt0.csv,6,6,True,1.0,B3_trial5_rep1_attempt0.csv,6,target_object_corrected,5,board_data_5,trial_number,220,307,307,87,87,B1-B4_hand_active_board10,test
5,3,5,1,0,1,6,[6.0],False,B3_trial5_rep1_attempt0.csv,/Users/arthu/Desktop/CTM_Res-Pro/data/reach_to_grasp_dataset/data/participant_5/motion/B3_trial5_rep1_attempt0.csv,6,6,False,,,6,target_object_corrected,5,board_data_5,trial_number,208,282,282,74,74,B1-B4_hand_active_board10,test
5,3,5,2,0,1,6,[6.0],False,B3_trial5_rep2_attempt0.csv,/Users/arthu/Desktop/CTM_Res-Pro/data/reach_to_grasp_dataset/data/participant_5/motion/B3_trial5_rep2_attempt0.csv,6,6,False,,,6,target_object_corrected,5,board_data_5,trial_number,222,295,295,73,73,B1-B4_hand_active_board10,test
5,3,5,3,0,1,6,[6.0],False,B3_trial5_rep3_attempt0.csv,/Users/arthu/Desktop/CTM_Res-Pro/data/reach_to_grasp_dataset/data/participant_5/motion/B3_trial5_rep3_attempt0.csv,6,6,False,,,6,target_object_corrected,5,board_data_5,trial_number,220,299,299,79,79,B1-B4_hand_active_board10,test
5,3,6,0,0,1,5,[5.0],False,B3_trial6_rep0_attempt0.csv,/Users/arthu/Desktop/CTM_Res-Pro/data/reach_to_grasp_dataset/data/participant_5/motion/B3_trial6_rep0_attempt0.csv,5,5,True,1.0,B3_trial6_rep1_attempt0.csv,5,target_object_corrected,6,board_data_6,trial_number,238,303,303,65,65,B1-B4_hand_active_board10,test
5,3,6,1,0,1,5,[5.0],False,B3_trial6_rep1_attempt0.csv,/Users/arthu/Desktop/CTM_Res-Pro/data/reach_to_grasp_dataset/data/participant_5/motion/B3_trial6_rep1_attempt0.csv,5,5,False,,,5,target_object_corrected,6,board_data_6,trial_number,220,301,301,81,81,B1-B4_hand_active_board10,test
5,3,6,2,0,1,5,[5.0],False,B3_trial6_rep2_attempt0.csv,/Users/arthu/Desktop/CTM_Res-Pro/data/reach_to_grasp_dataset/data/participant_5/motion/B3_trial6_rep2_attempt0.csv,5,5,False,,,5,target_object_corrected,6,board_data_6,trial_number,217,304,304,87,87,B1-B4_hand_active_board10,test
5,3,6,3,0,1,5,[5.0],False,B3_trial6_rep3_attempt0.csv,/Users/arthu/Desktop/CTM_Res-Pro/data/reach_to_grasp_dataset/data/participant_5/motion/B3_trial6_rep3_attempt0.csv,5,5,False,,,5,target_object_corrected,6,board_data_6,trial_number,226,305,305,79,79,B1-B4_hand_active_board10,test
5,3,7,0,0,1,4,"[6.0, 4.0]",True,B3_trial7_rep0_attempt0.csv,/Users/arthu/Desktop/CTM_Res-Pro/data/reach_to_grasp_dataset/data/participant_5/motion/B3_trial7_rep0_attempt0.csv,4,4,True,1.0,B3_trial7_rep1_attempt0.csv,4,target_object_corrected,7,board_data_7,trial_number,227,300,300,73,73,B1-B4_hand_active_board10,test
5,3,7,1,0,1,4,[4.0],False,B3_trial7_rep1_attempt0.csv,/Users/arthu/Desktop/CTM_Res-Pro/data/reach_to_grasp_dataset/data/participant_5/motion/B3_trial7_rep1_attempt0.csv,4,4,False,,,4,target_object_corrected,7,board_data_7,trial_number,222,282,282,60,60,B1-B4_hand_active_board10,test
5,3,7,2,0,1,4,[4.0],False,B3_trial7_rep2_attempt0.csv,/Users/arthu/Desktop/CTM_Res-Pro/data/reach_to_grasp_dataset/data/participant_5/motion/B3_trial7_rep2_attempt0.csv,4,4,False,,,4,target_object_corrected,7,board_data_7,trial_number,211,279,279,68,68,B1-B4_hand_active_board10,test
5,3,7,3,0,1,4,[4.0],False,B3_trial7_rep3_attempt0.csv,/Users/arthu/Desktop/CTM_Res-Pro/data/reach_to_grasp_dataset/data/participant_5/motion/B3_trial7_rep3_attempt0.csv,4,4,False,,,4,target_object_corrected,7,board_data_7,trial_number,228,288,288,60,60,B1-B4_hand_active_board10,test
5,4,0,0,0,1,4,"[7.0, 4.0]",True,B4_trial0_rep0_attempt0.csv,/Users/arthu/Desktop/CTM_Res-Pro/data/reach_to_grasp_dataset/data/participant_5/motion/B4_trial0_rep0_attempt0.csv,4,4,True,1.0,B4_trial0_rep1_attempt0.csv,4,target_object_corrected,0,board_data_0,trial_number,233,295,295,62,62,B1-B4_hand_active_board10,test
5,4,0,1,0,1,4,[4.0],False,B4_trial0_rep1_attempt0.csv,/Users/arthu/Desktop/CTM_Res-Pro/data/reach_to_grasp_dataset/data/participant_5/motion/B4_trial0_rep1_attempt0.csv,4,4,False,,,4,target_object_corrected,0,board_data_0,trial_number,231,287,287,56,56,B1-B4_hand_active_board10,test
5,4,0,2,0,1,4,[4.0],False,B4_trial0_rep2_attempt0.csv,/Users/arthu/Desktop/CTM_Res-Pro/data/reach_to_grasp_dataset/data/participant_5/motion/B4_trial0_rep2_attempt0.csv,4,4,False,,,4,target_object_corrected,0,board_data_0,trial_number,234,289,289,55,55,B1-B4_hand_active_board10,test
5,4,0,3,0,1,4,[4.0],False,B4_trial0_rep3_attempt0.csv,/Users/arthu/Desktop/CTM_Res-Pro/data/reach_to_grasp_dataset/data/participant_5/motion/B4_trial0_rep3_attempt0.csv,4,4,False,,,4,target_object_corrected,0,board_data_0,trial_number,219,277,277,58,58,B1-B4_hand_active_board10,test
5,4,1,0,0,1,5,"[0.0, 5.0]",True,B4_trial1_rep0_attempt0.csv,/Users/arthu/Desktop/CTM_Res-Pro/data/reach_to_grasp_dataset/data/participant_5/motion/B4_trial1_rep0_attempt0.csv,5,5,True,1.0,B4_trial1_rep1_attempt0.csv,5,target_object_corrected,1,board_data_1,trial_number,221,293,293,72,72,B1-B4_hand_active_board10,test
5,4,1,1,0,1,5,[5.0],False,B4_trial1_rep1_attempt0.csv,/Users/arthu/Desktop/CTM_Res-Pro/data/reach_to_grasp_dataset/data/participant_5/motion/B4_trial1_rep1_attempt0.csv,5,5,False,,,5,target_object_corrected,1,board_data_1,trial_number,229,289,289,60,60,B1-B4_hand_active_board10,test
5,4,1,2,0,1,5,[5.0],False,B4_trial1_rep2_attempt0.csv,/Users/arthu/Desktop/CTM_Res-Pro/data/reach_to_grasp_dataset/data/participant_5/motion/B4_trial1_rep2_attempt0.csv,5,5,False,,,5,target_object_corrected,1,board_data_1,trial_number,220,287,287,67,67,B1-B4_hand_active_board10,test
5,4,1,3,0,1,5,[5.0],False,B4_trial1_rep3_attempt0.csv,/Users/arthu/Desktop/CTM_Res-Pro/data/reach_to_grasp_dataset/data/participant_5/motion/B4_trial1_rep3_attempt0.csv,5,5,False,,,5,target_object_corrected,1,board_data_1,trial_number,240,306,306,66,66,B1-B4_hand_active_board10,test
5,4,2,0,0,1,6,"[1.0, 6.0]",True,B4_trial2_rep0_attempt0.csv,/Users/arthu/Desktop/CTM_Res-Pro/data/reach_to_grasp_dataset/data/participant_5/motion/B4_trial2_rep0_attempt0.csv,6,6,True,1.0,B4_trial2_rep1_attempt0.csv,6,target_object_corrected,2,board_data_2,trial_number,230,318,318,88,88,B1-B4_hand_active_board10,test
5,4,2,1,0,1,6,[6.0],False,B4_trial2_rep1_attempt0.csv,/Users/arthu/Desktop/CTM_Res-Pro/data/reach_to_grasp_dataset/data/participant_5/motion/B4_trial2_rep1_attempt0.csv,6,6,False,,,6,target_object_corrected,2,board_data_2,trial_number,233,297,297,64,64,B1-B4_hand_active_board10,test
5,4,2,2,0,1,6,[6.0],False,B4_trial2_rep2_attempt0.csv,/Users/arthu/Desktop/CTM_Res-Pro/data/reach_to_grasp_dataset/data/participant_5/motion/B4_trial2_rep2_attempt0.csv,6,6,False,,,6,target_object_corrected,2,board_data_2,trial_number,250,305,305,55,55,B1-B4_hand_active_board10,test
5,4,2,3,0,1,6,[6.0],False,B4_trial2_rep3_attempt0.csv,/Users/arthu/Desktop/CTM_Res-Pro/data/reach_to_grasp_dataset/data/participant_5/motion/B4_trial2_rep3_attempt0.csv,6,6,False,,,6,target_object_corrected,2,board_data_2,trial_number,229,290,290,61,61,B1-B4_hand_active_board10,test
5,4,3,0,0,1,7,"[2.0, 7.0]",True,B4_trial3_rep0_attempt0.csv,/Users/arthu/Desktop/CTM_Res-Pro/data/reach_to_grasp_dataset/data/participant_5/motion/B4_trial3_rep0_attempt0.csv,7,7,True,1.0,B4_trial3_rep1_attempt0.csv,7,target_object_corrected,3,board_data_3,trial_number,233,305,305,72,72,B1-B4_hand_active_board10,test
5,4,3,1,0,1,7,[7.0],False,B4_trial3_rep1_attempt0.csv,/Users/arthu/Desktop/CTM_Res-Pro/data/reach_to_grasp_dataset/data/participant_5/motion/B4_trial3_rep1_attempt0.csv,7,7,False,,,7,target_object_corrected,3,board_data_3,trial_number,233,292,292,59,59,B1-B4_hand_active_board10,test
5,4,3,2,0,1,7,[7.0],False,B4_trial3_rep2_attempt0.csv,/Users/arthu/Desktop/CTM_Res-Pro/data/reach_to_grasp_dataset/data/participant_5/motion/B4_trial3_rep2_attempt0.csv,7,7,False,,,7,target_object_corrected,3,board_data_3,trial_number,226,284,284,58,58,B1-B4_hand_active_board10,test
5,4,3,3,0,1,7,[7.0],False,B4_trial3_rep3_attempt0.csv,/Users/arthu/Desktop/CTM_Res-Pro/data/reach_to_grasp_dataset/data/participant_5/motion/B4_trial3_rep3_attempt0.csv,7,7,False,,,7,target_object_corrected,3,board_data_3,trial_number,243,286,286,43,43,B1-B4_hand_active_board10,test
5,4,4,0,0,1,0,"[3.0, 0.0]",True,B4_trial4_rep0_attempt0.csv,/Users/arthu/Desktop/CTM_Res-Pro/data/reach_to_grasp_dataset/data/participant_5/motion/B4_trial4_rep0_attempt0.csv,0,0,True,1.0,B4_trial4_rep1_attempt0.csv,0,target_object_corrected,4,board_data_4,trial_number,237,307,307,70,70,B1-B4_hand_active_board10,test
5,4,4,1,0,1,0,[0.0],False,B4_trial4_rep1_attempt0.csv,/Users/arthu/Desktop/CTM_Res-Pro/data/reach_to_grasp_dataset/data/participant_5/motion/B4_trial4_rep1_attempt0.csv,0,0,False,,,0,target_object_corrected,4,board_data_4,trial_number,236,309,309,73,73,B1-B4_hand_active_board10,test
5,4,4,2,0,1,0,[0.0],False,B4_trial4_rep2_attempt0.csv,/Users/arthu/Desktop/CTM_Res-Pro/data/reach_to_grasp_dataset/data/participant_5/motion/B4_trial4_rep2_attempt0.csv,0,0,False,,,0,target_object_corrected,4,board_data_4,trial_number,218,289,289,71,71,B1-B4_hand_active_board10,test
5,4,4,3,0,1,0,[0.0],False,B4_trial4_rep3_attempt0.csv,/Users/arthu/Desktop/CTM_Res-Pro/data/reach_to_grasp_dataset/data/participant_5/motion/B4_trial4_rep3_attempt0.csv,0,0,False,,,0,target_object_corrected,4,board_data_4,trial_number,218,300,300,82,82,B1-B4_hand_active_board10,test
5,4,5,0,0,1,1,"[4.0, 1.0]",True,B4_trial5_rep0_attempt0.csv,/Users/arthu/Desktop/CTM_Res-Pro/data/reach_to_grasp_dataset/data/participant_5/motion/B4_trial5_rep0_attempt0.csv,1,1,True,1.0,B4_trial5_rep1_attempt0.csv,1,target_object_corrected,5,board_data_5,trial_number,221,290,290,69,69,B1-B4_hand_active_board10,test
5,4,5,1,0,1,1,[1.0],False,B4_trial5_rep1_attempt0.csv,/Users/arthu/Desktop/CTM_Res-Pro/data/reach_to_grasp_dataset/data/participant_5/motion/B4_trial5_rep1_attempt0.csv,1,1,False,,,1,target_object_corrected,5,board_data_5,trial_number,217,282,282,65,65,B1-B4_hand_active_board10,test
5,4,5,2,0,1,1,[1.0],False,B4_trial5_rep2_attempt0.csv,/Users/arthu/Desktop/CTM_Res-Pro/data/reach_to_grasp_dataset/data/participant_5/motion/B4_trial5_rep2_attempt0.csv,1,1,False,,,1,target_object_corrected,5,board_data_5,trial_number,228,296,296,68,68,B1-B4_hand_active_board10,test
5,4,5,3,0,1,1,[1.0],False,B4_trial5_rep3_attempt0.csv,/Users/arthu/Desktop/CTM_Res-Pro/data/reach_to_grasp_dataset/data/participant_5/motion/B4_trial5_rep3_attempt0.csv,1,1,False,,,1,target_object_corrected,5,board_data_5,trial_number,218,296,296,78,78,B1-B4_hand_active_board10,test
5,4,6,0,0,1,2,"[5.0, 2.0]",True,B4_trial6_rep0_attempt0.csv,/Users/arthu/Desktop/CTM_Res-Pro/data/reach_to_grasp_dataset/data/participant_5/motion/B4_trial6_rep0_attempt0.csv,2,2,True,1.0,B4_trial6_rep1_attempt0.csv,2,target_object_corrected,6,board_data_6,trial_number,223,327,327,104,104,B1-B4_hand_active_board10,test
5,4,6,1,0,1,2,[2.0],False,B4_trial6_rep1_attempt0.csv,/Users/arthu/Desktop/CTM_Res-Pro/data/reach_to_grasp_dataset/data/participant_5/motion/B4_trial6_rep1_attempt0.csv,2,2,False,,,2,target_object_corrected,6,board_data_6,trial_number,226,304,304,78,78,B1-B4_hand_active_board10,test
5,4,6,2,0,1,2,[2.0],False,B4_trial6_rep2_attempt0.csv,/Users/arthu/Desktop/CTM_Res-Pro/data/reach_to_grasp_dataset/data/participant_5/motion/B4_trial6_rep2_attempt0.csv,2,2,False,,,2,target_object_corrected,6,board_data_6,trial_number,225,302,302,77,77,B1-B4_hand_active_board10,test
5,4,6,3,0,1,2,[2.0],False,B4_trial6_rep3_attempt0.csv,/Users/arthu/Desktop/CTM_Res-Pro/data/reach_to_grasp_dataset/data/participant_5/motion/B4_trial6_rep3_attempt0.csv,2,2,False,,,2,target_object_corrected,6,board_data_6,trial_number,221,299,299,78,78,B1-B4_hand_active_board10,test
5,4,7,0,0,1,3,"[6.0, 3.0]",True,B4_trial7_rep0_attempt0.csv,/Users/arthu/Desktop/CTM_Res-Pro/data/reach_to_grasp_dataset/data/participant_5/motion/B4_trial7_rep0_attempt0.csv,3,3,True,1.0,B4_trial7_rep1_attempt0.csv,3,target_object_corrected,7,board_data_7,trial_number,220,296,296,76,76,B1-B4_hand_active_board10,test
5,4,7,1,0,1,3,[3.0],False,B4_trial7_rep1_attempt0.csv,/Users/arthu/Desktop/CTM_Res-Pro/data/reach_to_grasp_dataset/data/participant_5/motion/B4_trial7_rep1_attempt0.csv,3,3,False,,,3,target_object_corrected,7,board_data_7,trial_number,229,303,303,74,74,B1-B4_hand_active_board10,test
5,4,7,2,0,1,3,[3.0],False,B4_trial7_rep2_attempt0.csv,/Users/arthu/Desktop/CTM_Res-Pro/data/reach_to_grasp_dataset/data/participant_5/motion/B4_trial7_rep2_attempt0.csv,3,3,False,,,3,target_object_corrected,7,board_data_7,trial_number,227,296,296,69,69,B1-B4_hand_active_board10,test
5,4,7,3,0,1,3,[3.0],False,B4_trial7_rep3_attempt0.csv,/Users/arthu/Desktop/CTM_Res-Pro/data/reach_to_grasp_dataset/data/participant_5/motion/B4_trial7_rep3_attempt0.csv,3,3,False,,,3,target_object_corrected,7,board_data_7,trial_number,242,311,311,69,69,B1-B4_hand_active_board10,test
