participant,block,trial_number,rep_number,attempt_number,trial_success,target_object_final,target_values_seen,target_changed_within_recording,file,path,target_object_raw,target_object_corrected,target_correction_applied,target_reference_rep,target_reference_file,class_label,class_label_source,board_sensor_index,board_column,board_sensor_source,transfer_start_idx,transfer_end_idx,transfer_trajectory_length,transfer_extraction_method,split,target,prediction_mc,prediction_final,correct_mc,correct_final,most_certain_tick,selected_certainty
1,1,0,0,0,1,0,"[3.0, 0.0]",True,B1_trial0_rep0_attempt0.csv,/Users/arthu/Desktop/CTM_Res-Pro/data/reach_to_grasp_dataset/data/participant_1/motion/B1_trial0_rep0_attempt0.csv,0,0,True,1.0,B1_trial0_rep1_attempt0.csv,0,target_object_corrected,0,board_data_0,trial_number,211,253,42,harmonized_hand_active_board10,test,0,0,0,True,True,25,0.9984035
1,1,0,1,0,1,0,[0.0],False,B1_trial0_rep1_attempt0.csv,/Users/arthu/Desktop/CTM_Res-Pro/data/reach_to_grasp_dataset/data/participant_1/motion/B1_trial0_rep1_attempt0.csv,0,0,False,,,0,target_object_corrected,0,board_data_0,trial_number,219,260,41,harmonized_hand_active_board10,test,0,0,0,True,True,25,0.99860823
1,1,0,2,0,1,0,[0.0],False,B1_trial0_rep2_attempt0.csv,/Users/arthu/Desktop/CTM_Res-Pro/data/reach_to_grasp_dataset/data/participant_1/motion/B1_trial0_rep2_attempt0.csv,0,0,False,,,0,target_object_corrected,0,board_data_0,trial_number,222,271,49,harmonized_hand_active_board10,test,0,0,0,True,True,25,0.997139
1,1,0,3,0,1,0,[0.0],False,B1_trial0_rep3_attempt0.csv,/Users/arthu/Desktop/CTM_Res-Pro/data/reach_to_grasp_dataset/data/participant_1/motion/B1_trial0_rep3_attempt0.csv,0,0,False,,,0,target_object_corrected,0,board_data_0,trial_number,226,262,36,harmonized_hand_active_board10,test,0,0,0,True,True,25,0.99532723
1,1,1,0,0,1,1,"[0.0, 1.0]",True,B1_trial1_rep0_attempt0.csv,/Users/arthu/Desktop/CTM_Res-Pro/data/reach_to_grasp_dataset/data/participant_1/motion/B1_trial1_rep0_attempt0.csv,1,1,True,1.0,B1_trial1_rep1_attempt0.csv,1,target_object_corrected,1,board_data_1,trial_number,204,255,51,harmonized_hand_active_board10,test,1,0,0,False,False,25,0.70092255
1,1,1,1,0,1,1,[1.0],False,B1_trial1_rep1_attempt0.csv,/Users/arthu/Desktop/CTM_Res-Pro/data/reach_to_grasp_dataset/data/participant_1/motion/B1_trial1_rep1_attempt0.csv,1,1,False,,,1,target_object_corrected,1,board_data_1,trial_number,218,260,42,harmonized_hand_active_board10,test,1,1,1,True,True,25,0.677567
1,1,1,2,0,1,1,[1.0],False,B1_trial1_rep2_attempt0.csv,/Users/arthu/Desktop/CTM_Res-Pro/data/reach_to_grasp_dataset/data/participant_1/motion/B1_trial1_rep2_attempt0.csv,1,1,False,,,1,target_object_corrected,1,board_data_1,trial_number,221,266,45,harmonized_hand_active_board10,test,1,1,1,True,True,25,0.98131156
1,1,1,3,0,1,1,[1.0],False,B1_trial1_rep3_attempt0.csv,/Users/arthu/Desktop/CTM_Res-Pro/data/reach_to_grasp_dataset/data/participant_1/motion/B1_trial1_rep3_attempt0.csv,1,1,False,,,1,target_object_corrected,1,board_data_1,trial_number,222,268,46,harmonized_hand_active_board10,test,1,1,1,True,True,25,0.9101427
1,1,2,0,0,1,2,"[1.0, 2.0]",True,B1_trial2_rep0_attempt0.csv,/Users/arthu/Desktop/CTM_Res-Pro/data/reach_to_grasp_dataset/data/participant_1/motion/B1_trial2_rep0_attempt0.csv,2,2,True,1.0,B1_trial2_rep1_attempt0.csv,2,target_object_corrected,2,board_data_2,trial_number,241,308,67,harmonized_hand_active_board10,test,2,2,2,True,True,21,0.88477075
1,1,2,1,0,1,2,[2.0],False,B1_trial2_rep1_attempt0.csv,/Users/arthu/Desktop/CTM_Res-Pro/data/reach_to_grasp_dataset/data/participant_1/motion/B1_trial2_rep1_attempt0.csv,2,2,False,,,2,target_object_corrected,2,board_data_2,trial_number,230,268,38,harmonized_hand_active_board10,test,2,2,2,True,True,25,0.98297614
1,1,2,2,0,1,2,[2.0],False,B1_trial2_rep2_attempt0.csv,/Users/arthu/Desktop/CTM_Res-Pro/data/reach_to_grasp_dataset/data/participant_1/motion/B1_trial2_rep2_attempt0.csv,2,2,False,,,2,target_object_corrected,2,board_data_2,trial_number,236,269,33,harmonized_hand_active_board10,test,2,2,2,True,True,25,0.99956006
1,1,2,3,0,1,2,[2.0],False,B1_trial2_rep3_attempt0.csv,/Users/arthu/Desktop/CTM_Res-Pro/data/reach_to_grasp_dataset/data/participant_1/motion/B1_trial2_rep3_attempt0.csv,2,2,False,,,2,target_object_corrected,2,board_data_2,trial_number,238,259,21,harmonized_hand_active_board10,test,2,2,2,True,True,25,0.9998167
1,1,3,0,0,1,3,"[2.0, 3.0]",True,B1_trial3_rep0_attempt0.csv,/Users/arthu/Desktop/CTM_Res-Pro/data/reach_to_grasp_dataset/data/participant_1/motion/B1_trial3_rep0_attempt0.csv,3,3,True,1.0,B1_trial3_rep1_attempt0.csv,3,target_object_corrected,3,board_data_3,trial_number,260,285,25,harmonized_hand_active_board10,test,3,3,3,True,True,25,0.9991681
1,1,3,1,0,1,3,[3.0],False,B1_trial3_rep1_attempt0.csv,/Users/arthu/Desktop/CTM_Res-Pro/data/reach_to_grasp_dataset/data/participant_1/motion/B1_trial3_rep1_attempt0.csv,3,3,False,,,3,target_object_corrected,3,board_data_3,trial_number,238,265,27,harmonized_hand_active_board10,test,3,3,3,True,True,25,0.99837965
1,1,3,2,0,1,3,[3.0],False,B1_trial3_rep2_attempt0.csv,/Users/arthu/Desktop/CTM_Res-Pro/data/reach_to_grasp_dataset/data/participant_1/motion/B1_trial3_rep2_attempt0.csv,3,3,False,,,3,target_object_corrected,3,board_data_3,trial_number,256,279,23,harmonized_hand_active_board10,test,3,3,3,True,True,25,0.9985727
1,1,3,3,0,1,3,[3.0],False,B1_trial3_rep3_attempt0.csv,/Users/arthu/Desktop/CTM_Res-Pro/data/reach_to_grasp_dataset/data/participant_1/motion/B1_trial3_rep3_attempt0.csv,3,3,False,,,3,target_object_corrected,3,board_data_3,trial_number,232,251,19,harmonized_hand_active_board10,test,3,3,3,True,True,25,0.9977144
1,1,4,0,0,1,4,"[3.0, 4.0]",True,B1_trial4_rep0_attempt0.csv,/Users/arthu/Desktop/CTM_Res-Pro/data/reach_to_grasp_dataset/data/participant_1/motion/B1_trial4_rep0_attempt0.csv,4,4,True,1.0,B1_trial4_rep1_attempt0.csv,4,target_object_corrected,4,board_data_4,trial_number,213,245,32,harmonized_hand_active_board10,test,4,4,4,True,True,25,0.999059
1,1,4,1,0,1,4,[4.0],False,B1_trial4_rep1_attempt0.csv,/Users/arthu/Desktop/CTM_Res-Pro/data/reach_to_grasp_dataset/data/participant_1/motion/B1_trial4_rep1_attempt0.csv,4,4,False,,,4,target_object_corrected,4,board_data_4,trial_number,219,255,36,harmonized_hand_active_board10,test,4,4,4,True,True,25,0.9999061
1,1,4,2,0,1,4,[4.0],False,B1_trial4_rep2_attempt0.csv,/Users/arthu/Desktop/CTM_Res-Pro/data/reach_to_grasp_dataset/data/participant_1/motion/B1_trial4_rep2_attempt0.csv,4,4,False,,,4,target_object_corrected,4,board_data_4,trial_number,223,265,42,harmonized_hand_active_board10,test,4,4,4,True,True,25,0.999964
1,1,4,3,0,1,4,[4.0],False,B1_trial4_rep3_attempt0.csv,/Users/arthu/Desktop/CTM_Res-Pro/data/reach_to_grasp_dataset/data/participant_1/motion/B1_trial4_rep3_attempt0.csv,4,4,False,,,4,target_object_corrected,4,board_data_4,trial_number,229,272,43,harmonized_hand_active_board10,test,4,4,4,True,True,25,0.99991494
1,1,5,0,0,1,5,"[4.0, 5.0]",True,B1_trial5_rep0_attempt0.csv,/Users/arthu/Desktop/CTM_Res-Pro/data/reach_to_grasp_dataset/data/participant_1/motion/B1_trial5_rep0_attempt0.csv,5,5,True,1.0,B1_trial5_rep1_attempt0.csv,5,target_object_corrected,5,board_data_5,trial_number,213,278,65,harmonized_hand_active_board10,test,5,5,5,True,True,25,0.9990118
1,1,5,1,0,1,5,[5.0],False,B1_trial5_rep1_attempt0.csv,/Users/arthu/Desktop/CTM_Res-Pro/data/reach_to_grasp_dataset/data/participant_1/motion/B1_trial5_rep1_attempt0.csv,5,5,False,,,5,target_object_corrected,5,board_data_5,trial_number,218,277,59,harmonized_hand_active_board10,test,5,5,5,True,True,25,0.9996346
1,1,5,2,0,1,5,[5.0],False,B1_trial5_rep2_attempt0.csv,/Users/arthu/Desktop/CTM_Res-Pro/data/reach_to_grasp_dataset/data/participant_1/motion/B1_trial5_rep2_attempt0.csv,5,5,False,,,5,target_object_corrected,5,board_data_5,trial_number,220,267,47,harmonized_hand_active_board10,test,5,5,5,True,True,25,0.99960464
1,1,5,3,0,1,5,[5.0],False,B1_trial5_rep3_attempt0.csv,/Users/arthu/Desktop/CTM_Res-Pro/data/reach_to_grasp_dataset/data/participant_1/motion/B1_trial5_rep3_attempt0.csv,5,5,False,,,5,target_object_corrected,5,board_data_5,trial_number,219,276,57,harmonized_hand_active_board10,test,5,5,5,True,True,25,0.9993324
1,1,6,0,0,1,6,"[5.0, 6.0]",True,B1_trial6_rep0_attempt0.csv,/Users/arthu/Desktop/CTM_Res-Pro/data/reach_to_grasp_dataset/data/participant_1/motion/B1_trial6_rep0_attempt0.csv,6,6,True,1.0,B1_trial6_rep1_attempt0.csv,6,target_object_corrected,6,board_data_6,trial_number,238,340,102,harmonized_hand_active_board10,test,6,7,7,False,False,25,0.99723274
1,1,6,1,0,1,6,[6.0],False,B1_trial6_rep1_attempt0.csv,/Users/arthu/Desktop/CTM_Res-Pro/data/reach_to_grasp_dataset/data/participant_1/motion/B1_trial6_rep1_attempt0.csv,6,6,False,,,6,target_object_corrected,6,board_data_6,trial_number,213,294,81,harmonized_hand_active_board10,test,6,7,7,False,False,25,0.9507602
1,1,6,2,0,1,6,[6.0],False,B1_trial6_rep2_attempt0.csv,/Users/arthu/Desktop/CTM_Res-Pro/data/reach_to_grasp_dataset/data/participant_1/motion/B1_trial6_rep2_attempt0.csv,6,6,False,,,6,target_object_corrected,6,board_data_6,trial_number,223,317,94,harmonized_hand_active_board10,test,6,7,7,False,False,25,0.6735582
1,1,6,3,0,1,6,[6.0],False,B1_trial6_rep3_attempt0.csv,/Users/arthu/Desktop/CTM_Res-Pro/data/reach_to_grasp_dataset/data/participant_1/motion/B1_trial6_rep3_attempt0.csv,6,6,False,,,6,target_object_corrected,6,board_data_6,trial_number,225,290,65,harmonized_hand_active_board10,test,6,7,7,False,False,25,0.9827872
1,1,7,0,0,1,7,"[6.0, 7.0]",True,B1_trial7_rep0_attempt0.csv,/Users/arthu/Desktop/CTM_Res-Pro/data/reach_to_grasp_dataset/data/participant_1/motion/B1_trial7_rep0_attempt0.csv,7,7,True,1.0,B1_trial7_rep1_attempt0.csv,7,target_object_corrected,7,board_data_7,trial_number,208,254,46,harmonized_hand_active_board10,test,7,7,7,True,True,25,0.9989802
1,1,7,1,0,1,7,[7.0],False,B1_trial7_rep1_attempt0.csv,/Users/arthu/Desktop/CTM_Res-Pro/data/reach_to_grasp_dataset/data/participant_1/motion/B1_trial7_rep1_attempt0.csv,7,7,False,,,7,target_object_corrected,7,board_data_7,trial_number,224,269,45,harmonized_hand_active_board10,test,7,7,7,True,True,25,0.9975993
1,1,7,2,0,1,7,[7.0],False,B1_trial7_rep2_attempt0.csv,/Users/arthu/Desktop/CTM_Res-Pro/data/reach_to_grasp_dataset/data/participant_1/motion/B1_trial7_rep2_attempt0.csv,7,7,False,,,7,target_object_corrected,7,board_data_7,trial_number,211,264,53,harmonized_hand_active_board10,test,7,7,7,True,True,25,0.9933249
1,1,7,3,0,1,7,[7.0],False,B1_trial7_rep3_attempt0.csv,/Users/arthu/Desktop/CTM_Res-Pro/data/reach_to_grasp_dataset/data/participant_1/motion/B1_trial7_rep3_attempt0.csv,7,7,False,,,7,target_object_corrected,7,board_data_7,trial_number,227,284,57,harmonized_hand_active_board10,test,7,7,7,True,True,25,0.9852553
1,2,0,0,0,1,7,[7.0],False,B2_trial0_rep0_attempt0.csv,/Users/arthu/Desktop/CTM_Res-Pro/data/reach_to_grasp_dataset/data/participant_1/motion/B2_trial0_rep0_attempt0.csv,7,7,True,1.0,B2_trial0_rep1_attempt0.csv,7,target_object_corrected,0,board_data_0,trial_number,215,268,53,harmonized_hand_active_board10,test,7,7,7,True,True,25,0.9981546
1,2,0,1,0,1,7,[7.0],False,B2_trial0_rep1_attempt0.csv,/Users/arthu/Desktop/CTM_Res-Pro/data/reach_to_grasp_dataset/data/participant_1/motion/B2_trial0_rep1_attempt0.csv,7,7,False,,,7,target_object_corrected,0,board_data_0,trial_number,226,269,43,harmonized_hand_active_board10,test,7,7,7,True,True,25,0.9974629
1,2,0,2,0,1,7,[7.0],False,B2_trial0_rep2_attempt0.csv,/Users/arthu/Desktop/CTM_Res-Pro/data/reach_to_grasp_dataset/data/participant_1/motion/B2_trial0_rep2_attempt0.csv,7,7,False,,,7,target_object_corrected,0,board_data_0,trial_number,220,272,52,harmonized_hand_active_board10,test,7,7,7,True,True,25,0.9934482
1,2,0,3,0,1,7,[7.0],False,B2_trial0_rep3_attempt0.csv,/Users/arthu/Desktop/CTM_Res-Pro/data/reach_to_grasp_dataset/data/participant_1/motion/B2_trial0_rep3_attempt0.csv,7,7,False,,,7,target_object_corrected,0,board_data_0,trial_number,231,282,51,harmonized_hand_active_board10,test,7,7,7,True,True,25,0.99580806
1,2,1,0,0,1,6,"[0.0, 6.0]",True,B2_trial1_rep0_attempt0.csv,/Users/arthu/Desktop/CTM_Res-Pro/data/reach_to_grasp_dataset/data/participant_1/motion/B2_trial1_rep0_attempt0.csv,6,6,True,1.0,B2_trial1_rep1_attempt0.csv,6,target_object_corrected,1,board_data_1,trial_number,218,287,69,harmonized_hand_active_board10,test,6,7,7,False,False,25,0.95075685
1,2,1,1,0,1,6,[6.0],False,B2_trial1_rep1_attempt0.csv,/Users/arthu/Desktop/CTM_Res-Pro/data/reach_to_grasp_dataset/data/participant_1/motion/B2_trial1_rep1_attempt0.csv,6,6,False,,,6,target_object_corrected,1,board_data_1,trial_number,224,271,47,harmonized_hand_active_board10,test,6,6,6,True,True,25,0.9340491
1,2,1,2,0,1,6,[6.0],False,B2_trial1_rep2_attempt0.csv,/Users/arthu/Desktop/CTM_Res-Pro/data/reach_to_grasp_dataset/data/participant_1/motion/B2_trial1_rep2_attempt0.csv,6,6,False,,,6,target_object_corrected,1,board_data_1,trial_number,223,275,52,harmonized_hand_active_board10,test,6,0,0,False,False,25,0.68353
1,2,1,3,0,1,6,[6.0],False,B2_trial1_rep3_attempt0.csv,/Users/arthu/Desktop/CTM_Res-Pro/data/reach_to_grasp_dataset/data/participant_1/motion/B2_trial1_rep3_attempt0.csv,6,6,False,,,6,target_object_corrected,1,board_data_1,trial_number,231,282,51,harmonized_hand_active_board10,test,6,0,0,False,False,25,0.85054344
1,2,2,0,0,1,5,"[1.0, 5.0]",True,B2_trial2_rep0_attempt0.csv,/Users/arthu/Desktop/CTM_Res-Pro/data/reach_to_grasp_dataset/data/participant_1/motion/B2_trial2_rep0_attempt0.csv,5,5,True,1.0,B2_trial2_rep1_attempt0.csv,5,target_object_corrected,2,board_data_2,trial_number,224,277,53,harmonized_hand_active_board10,test,5,5,5,True,True,25,0.9957728
1,2,2,1,0,1,5,[5.0],False,B2_trial2_rep1_attempt0.csv,/Users/arthu/Desktop/CTM_Res-Pro/data/reach_to_grasp_dataset/data/participant_1/motion/B2_trial2_rep1_attempt0.csv,5,5,False,,,5,target_object_corrected,2,board_data_2,trial_number,218,285,67,harmonized_hand_active_board10,test,5,5,5,True,True,25,0.9993139
1,2,2,2,0,1,5,[5.0],False,B2_trial2_rep2_attempt0.csv,/Users/arthu/Desktop/CTM_Res-Pro/data/reach_to_grasp_dataset/data/participant_1/motion/B2_trial2_rep2_attempt0.csv,5,5,False,,,5,target_object_corrected,2,board_data_2,trial_number,231,287,56,harmonized_hand_active_board10,test,5,5,5,True,True,25,0.9997157
1,2,2,3,0,1,5,[5.0],False,B2_trial2_rep3_attempt0.csv,/Users/arthu/Desktop/CTM_Res-Pro/data/reach_to_grasp_dataset/data/participant_1/motion/B2_trial2_rep3_attempt0.csv,5,5,False,,,5,target_object_corrected,2,board_data_2,trial_number,221,286,65,harmonized_hand_active_board10,test,5,5,5,True,True,25,0.99906605
1,2,3,0,0,1,4,"[2.0, 4.0]",True,B2_trial3_rep0_attempt0.csv,/Users/arthu/Desktop/CTM_Res-Pro/data/reach_to_grasp_dataset/data/participant_1/motion/B2_trial3_rep0_attempt0.csv,4,4,True,1.0,B2_trial3_rep1_attempt0.csv,4,target_object_corrected,3,board_data_3,trial_number,246,267,21,harmonized_hand_active_board10,test,4,4,4,True,True,25,0.99995977
1,2,3,1,0,1,4,[4.0],False,B2_trial3_rep1_attempt0.csv,/Users/arthu/Desktop/CTM_Res-Pro/data/reach_to_grasp_dataset/data/participant_1/motion/B2_trial3_rep1_attempt0.csv,4,4,False,,,4,target_object_corrected,3,board_data_3,trial_number,280,283,3,harmonized_hand_active_board10,test,4,4,4,True,True,25,0.9997618
1,2,3,2,0,1,4,[4.0],False,B2_trial3_rep2_attempt0.csv,/Users/arthu/Desktop/CTM_Res-Pro/data/reach_to_grasp_dataset/data/participant_1/motion/B2_trial3_rep2_attempt0.csv,4,4,False,,,4,target_object_corrected,3,board_data_3,trial_number,289,294,5,harmonized_hand_active_board10,test,4,4,4,True,True,25,0.99934536
1,2,3,3,0,1,4,[4.0],False,B2_trial3_rep3_attempt0.csv,/Users/arthu/Desktop/CTM_Res-Pro/data/reach_to_grasp_dataset/data/participant_1/motion/B2_trial3_rep3_attempt0.csv,4,4,False,,,4,target_object_corrected,3,board_data_3,trial_number,265,270,5,harmonized_hand_active_board10,test,4,4,4,True,True,25,0.9998334
1,2,4,0,0,1,3,[3.0],False,B2_trial4_rep0_attempt0.csv,/Users/arthu/Desktop/CTM_Res-Pro/data/reach_to_grasp_dataset/data/participant_1/motion/B2_trial4_rep0_attempt0.csv,3,3,True,1.0,B2_trial4_rep1_attempt0.csv,3,target_object_corrected,4,board_data_4,trial_number,211,267,56,harmonized_hand_active_board10,test,3,3,3,True,True,25,0.9906818
1,2,4,1,0,1,3,[3.0],False,B2_trial4_rep1_attempt0.csv,/Users/arthu/Desktop/CTM_Res-Pro/data/reach_to_grasp_dataset/data/participant_1/motion/B2_trial4_rep1_attempt0.csv,3,3,False,,,3,target_object_corrected,4,board_data_4,trial_number,205,245,40,harmonized_hand_active_board10,test,3,3,3,True,True,25,0.9720639
1,2,4,2,0,1,3,[3.0],False,B2_trial4_rep2_attempt0.csv,/Users/arthu/Desktop/CTM_Res-Pro/data/reach_to_grasp_dataset/data/participant_1/motion/B2_trial4_rep2_attempt0.csv,3,3,False,,,3,target_object_corrected,4,board_data_4,trial_number,209,262,53,harmonized_hand_active_board10,test,3,3,3,True,True,25,0.99298143
1,2,4,3,0,1,3,[3.0],False,B2_trial4_rep3_attempt0.csv,/Users/arthu/Desktop/CTM_Res-Pro/data/reach_to_grasp_dataset/data/participant_1/motion/B2_trial4_rep3_attempt0.csv,3,3,False,,,3,target_object_corrected,4,board_data_4,trial_number,224,286,62,harmonized_hand_active_board10,test,3,3,3,True,True,25,0.986981
1,2,5,0,0,1,2,"[4.0, 2.0]",True,B2_trial5_rep0_attempt0.csv,/Users/arthu/Desktop/CTM_Res-Pro/data/reach_to_grasp_dataset/data/participant_1/motion/B2_trial5_rep0_attempt0.csv,2,2,True,1.0,B2_trial5_rep1_attempt0.csv,2,target_object_corrected,5,board_data_5,trial_number,228,288,60,harmonized_hand_active_board10,test,2,6,6,False,False,25,0.90816104
1,2,5,1,0,1,2,[2.0],False,B2_trial5_rep1_attempt0.csv,/Users/arthu/Desktop/CTM_Res-Pro/data/reach_to_grasp_dataset/data/participant_1/motion/B2_trial5_rep1_attempt0.csv,2,2,False,,,2,target_object_corrected,5,board_data_5,trial_number,209,263,54,harmonized_hand_active_board10,test,2,2,2,True,True,19,0.78469837
1,2,5,2,0,1,2,[2.0],False,B2_trial5_rep2_attempt0.csv,/Users/arthu/Desktop/CTM_Res-Pro/data/reach_to_grasp_dataset/data/participant_1/motion/B2_trial5_rep2_attempt0.csv,2,2,False,,,2,target_object_corrected,5,board_data_5,trial_number,221,278,57,harmonized_hand_active_board10,test,2,2,2,True,True,25,0.99435216
1,2,5,3,0,1,2,[2.0],False,B2_trial5_rep3_attempt0.csv,/Users/arthu/Desktop/CTM_Res-Pro/data/reach_to_grasp_dataset/data/participant_1/motion/B2_trial5_rep3_attempt0.csv,2,2,False,,,2,target_object_corrected,5,board_data_5,trial_number,215,266,51,harmonized_hand_active_board10,test,2,6,6,False,False,25,0.9963572
1,2,6,0,0,1,1,"[5.0, 1.0]",True,B2_trial6_rep0_attempt0.csv,/Users/arthu/Desktop/CTM_Res-Pro/data/reach_to_grasp_dataset/data/participant_1/motion/B2_trial6_rep0_attempt0.csv,1,1,True,1.0,B2_trial6_rep1_attempt0.csv,1,target_object_corrected,6,board_data_6,trial_number,209,271,62,harmonized_hand_active_board10,test,1,1,1,True,True,25,0.99863005
1,2,6,1,0,1,1,[1.0],False,B2_trial6_rep1_attempt0.csv,/Users/arthu/Desktop/CTM_Res-Pro/data/reach_to_grasp_dataset/data/participant_1/motion/B2_trial6_rep1_attempt0.csv,1,1,False,,,1,target_object_corrected,6,board_data_6,trial_number,214,264,50,harmonized_hand_active_board10,test,1,1,1,True,True,25,0.9984951
1,2,6,2,0,1,1,[1.0],False,B2_trial6_rep2_attempt0.csv,/Users/arthu/Desktop/CTM_Res-Pro/data/reach_to_grasp_dataset/data/participant_1/motion/B2_trial6_rep2_attempt0.csv,1,1,False,,,1,target_object_corrected,6,board_data_6,trial_number,230,281,51,harmonized_hand_active_board10,test,1,1,1,True,True,25,0.99892414
1,2,6,3,0,1,1,[1.0],False,B2_trial6_rep3_attempt0.csv,/Users/arthu/Desktop/CTM_Res-Pro/data/reach_to_grasp_dataset/data/participant_1/motion/B2_trial6_rep3_attempt0.csv,1,1,False,,,1,target_object_corrected,6,board_data_6,trial_number,227,274,47,harmonized_hand_active_board10,test,1,1,1,True,True,25,0.99950737
1,2,7,0,0,1,0,"[6.0, 0.0]",True,B2_trial7_rep0_attempt0.csv,/Users/arthu/Desktop/CTM_Res-Pro/data/reach_to_grasp_dataset/data/participant_1/motion/B2_trial7_rep0_attempt0.csv,0,0,True,1.0,B2_trial7_rep1_attempt0.csv,0,target_object_corrected,7,board_data_7,trial_number,228,278,50,harmonized_hand_active_board10,test,0,0,0,True,True,25,0.99506134
1,2,7,1,0,1,0,[0.0],False,B2_trial7_rep1_attempt0.csv,/Users/arthu/Desktop/CTM_Res-Pro/data/reach_to_grasp_dataset/data/participant_1/motion/B2_trial7_rep1_attempt0.csv,0,0,False,,,0,target_object_corrected,7,board_data_7,trial_number,216,278,62,harmonized_hand_active_board10,test,0,0,0,True,True,25,0.9956985
1,2,7,2,0,1,0,[0.0],False,B2_trial7_rep2_attempt0.csv,/Users/arthu/Desktop/CTM_Res-Pro/data/reach_to_grasp_dataset/data/participant_1/motion/B2_trial7_rep2_attempt0.csv,0,0,False,,,0,target_object_corrected,7,board_data_7,trial_number,234,289,55,harmonized_hand_active_board10,test,0,0,0,True,True,25,0.99803424
1,2,7,3,0,1,0,[0.0],False,B2_trial7_rep3_attempt0.csv,/Users/arthu/Desktop/CTM_Res-Pro/data/reach_to_grasp_dataset/data/participant_1/motion/B2_trial7_rep3_attempt0.csv,0,0,False,,,0,target_object_corrected,7,board_data_7,trial_number,229,281,52,harmonized_hand_active_board10,test,0,0,0,True,True,25,0.9940711
1,3,0,0,0,1,3,"[7.0, 3.0]",True,B3_trial0_rep0_attempt0.csv,/Users/arthu/Desktop/CTM_Res-Pro/data/reach_to_grasp_dataset/data/participant_1/motion/B3_trial0_rep0_attempt0.csv,3,3,True,1.0,B3_trial0_rep1_attempt0.csv,3,target_object_corrected,0,board_data_0,trial_number,215,295,80,harmonized_hand_active_board10,test,3,6,6,False,False,25,0.46205217
1,3,0,1,0,1,3,[3.0],False,B3_trial0_rep1_attempt0.csv,/Users/arthu/Desktop/CTM_Res-Pro/data/reach_to_grasp_dataset/data/participant_1/motion/B3_trial0_rep1_attempt0.csv,3,3,False,,,3,target_object_corrected,0,board_data_0,trial_number,216,279,63,harmonized_hand_active_board10,test,3,0,0,False,False,25,0.32166326
1,3,0,2,0,1,3,[3.0],False,B3_trial0_rep2_attempt0.csv,/Users/arthu/Desktop/CTM_Res-Pro/data/reach_to_grasp_dataset/data/participant_1/motion/B3_trial0_rep2_attempt0.csv,3,3,False,,,3,target_object_corrected,0,board_data_0,trial_number,224,283,59,harmonized_hand_active_board10,test,3,0,0,False,False,25,0.5905129
1,3,0,3,0,1,3,[3.0],False,B3_trial0_rep3_attempt0.csv,/Users/arthu/Desktop/CTM_Res-Pro/data/reach_to_grasp_dataset/data/participant_1/motion/B3_trial0_rep3_attempt0.csv,3,3,False,,,3,target_object_corrected,0,board_data_0,trial_number,229,289,60,harmonized_hand_active_board10,test,3,0,0,False,False,25,0.58270854
1,3,1,0,0,1,2,"[0.0, 2.0]",True,B3_trial1_rep0_attempt0.csv,/Users/arthu/Desktop/CTM_Res-Pro/data/reach_to_grasp_dataset/data/participant_1/motion/B3_trial1_rep0_attempt0.csv,2,2,True,1.0,B3_trial1_rep1_attempt0.csv,2,target_object_corrected,1,board_data_1,trial_number,221,275,54,harmonized_hand_active_board10,test,2,2,2,True,True,20,0.88325095
1,3,1,1,0,1,2,[2.0],False,B3_trial1_rep1_attempt0.csv,/Users/arthu/Desktop/CTM_Res-Pro/data/reach_to_grasp_dataset/data/participant_1/motion/B3_trial1_rep1_attempt0.csv,2,2,False,,,2,target_object_corrected,1,board_data_1,trial_number,217,279,62,harmonized_hand_active_board10,test,2,2,2,True,True,18,0.79154915
1,3,1,2,0,1,2,[2.0],False,B3_trial1_rep2_attempt0.csv,/Users/arthu/Desktop/CTM_Res-Pro/data/reach_to_grasp_dataset/data/participant_1/motion/B3_trial1_rep2_attempt0.csv,2,2,False,,,2,target_object_corrected,1,board_data_1,trial_number,216,270,54,harmonized_hand_active_board10,test,2,2,2,True,True,25,0.96617824
1,3,1,3,0,1,2,[2.0],False,B3_trial1_rep3_attempt0.csv,/Users/arthu/Desktop/CTM_Res-Pro/data/reach_to_grasp_dataset/data/participant_1/motion/B3_trial1_rep3_attempt0.csv,2,2,False,,,2,target_object_corrected,1,board_data_1,trial_number,233,289,56,harmonized_hand_active_board10,test,2,6,6,False,False,25,0.78777176
1,3,2,0,0,1,1,[1.0],False,B3_trial2_rep0_attempt0.csv,/Users/arthu/Desktop/CTM_Res-Pro/data/reach_to_grasp_dataset/data/participant_1/motion/B3_trial2_rep0_attempt0.csv,1,1,True,1.0,B3_trial2_rep1_attempt0.csv,1,target_object_corrected,2,board_data_2,trial_number,237,280,43,harmonized_hand_active_board10,test,1,1,1,True,True,25,0.98909384
1,3,2,1,0,1,1,[1.0],False,B3_trial2_rep1_attempt0.csv,/Users/arthu/Desktop/CTM_Res-Pro/data/reach_to_grasp_dataset/data/participant_1/motion/B3_trial2_rep1_attempt0.csv,1,1,False,,,1,target_object_corrected,2,board_data_2,trial_number,222,262,40,harmonized_hand_active_board10,test,1,1,1,True,True,25,0.99416304
1,3,2,2,0,1,1,[1.0],False,B3_trial2_rep2_attempt0.csv,/Users/arthu/Desktop/CTM_Res-Pro/data/reach_to_grasp_dataset/data/participant_1/motion/B3_trial2_rep2_attempt0.csv,1,1,False,,,1,target_object_corrected,2,board_data_2,trial_number,232,272,40,harmonized_hand_active_board10,test,1,1,1,True,True,25,0.996883
1,3,2,3,0,1,1,[1.0],False,B3_trial2_rep3_attempt0.csv,/Users/arthu/Desktop/CTM_Res-Pro/data/reach_to_grasp_dataset/data/participant_1/motion/B3_trial2_rep3_attempt0.csv,1,1,False,,,1,target_object_corrected,2,board_data_2,trial_number,241,287,46,harmonized_hand_active_board10,test,1,1,1,True,True,25,0.99488276
1,3,3,0,0,1,0,"[2.0, 0.0]",True,B3_trial3_rep0_attempt0.csv,/Users/arthu/Desktop/CTM_Res-Pro/data/reach_to_grasp_dataset/data/participant_1/motion/B3_trial3_rep0_attempt0.csv,0,0,True,1.0,B3_trial3_rep1_attempt0.csv,0,target_object_corrected,3,board_data_3,trial_number,239,282,43,harmonized_hand_active_board10,test,0,0,0,True,True,25,0.9945039
1,3,3,1,0,1,0,[0.0],False,B3_trial3_rep1_attempt0.csv,/Users/arthu/Desktop/CTM_Res-Pro/data/reach_to_grasp_dataset/data/participant_1/motion/B3_trial3_rep1_attempt0.csv,0,0,False,,,0,target_object_corrected,3,board_data_3,trial_number,242,277,35,harmonized_hand_active_board10,test,0,0,0,True,True,25,0.9941214
1,3,3,2,0,1,0,[0.0],False,B3_trial3_rep2_attempt0.csv,/Users/arthu/Desktop/CTM_Res-Pro/data/reach_to_grasp_dataset/data/participant_1/motion/B3_trial3_rep2_attempt0.csv,0,0,False,,,0,target_object_corrected,3,board_data_3,trial_number,237,276,39,harmonized_hand_active_board10,test,0,0,0,True,True,25,0.9982595
1,3,3,3,0,1,0,[0.0],False,B3_trial3_rep3_attempt0.csv,/Users/arthu/Desktop/CTM_Res-Pro/data/reach_to_grasp_dataset/data/participant_1/motion/B3_trial3_rep3_attempt0.csv,0,0,False,,,0,target_object_corrected,3,board_data_3,trial_number,231,275,44,harmonized_hand_active_board10,test,0,0,0,True,True,25,0.987392
1,3,4,0,0,1,7,"[3.0, 7.0]",True,B3_trial4_rep0_attempt0.csv,/Users/arthu/Desktop/CTM_Res-Pro/data/reach_to_grasp_dataset/data/participant_1/motion/B3_trial4_rep0_attempt0.csv,7,7,True,1.0,B3_trial4_rep1_attempt0.csv,7,target_object_corrected,4,board_data_4,trial_number,211,262,51,harmonized_hand_active_board10,test,7,7,7,True,True,25,0.9988553
1,3,4,1,0,1,7,[7.0],False,B3_trial4_rep1_attempt0.csv,/Users/arthu/Desktop/CTM_Res-Pro/data/reach_to_grasp_dataset/data/participant_1/motion/B3_trial4_rep1_attempt0.csv,7,7,False,,,7,target_object_corrected,4,board_data_4,trial_number,214,278,64,harmonized_hand_active_board10,test,7,7,7,True,True,25,0.91005903
1,3,4,2,0,1,7,[7.0],False,B3_trial4_rep2_attempt0.csv,/Users/arthu/Desktop/CTM_Res-Pro/data/reach_to_grasp_dataset/data/participant_1/motion/B3_trial4_rep2_attempt0.csv,7,7,False,,,7,target_object_corrected,4,board_data_4,trial_number,221,268,47,harmonized_hand_active_board10,test,7,7,7,True,True,25,0.98154634
1,3,4,3,0,1,7,[7.0],False,B3_trial4_rep3_attempt0.csv,/Users/arthu/Desktop/CTM_Res-Pro/data/reach_to_grasp_dataset/data/participant_1/motion/B3_trial4_rep3_attempt0.csv,7,7,False,,,7,target_object_corrected,4,board_data_4,trial_number,220,278,58,harmonized_hand_active_board10,test,7,7,7,True,True,25,0.96753484
1,3,5,0,0,1,6,"[4.0, 6.0]",True,B3_trial5_rep0_attempt0.csv,/Users/arthu/Desktop/CTM_Res-Pro/data/reach_to_grasp_dataset/data/participant_1/motion/B3_trial5_rep0_attempt0.csv,6,6,True,1.0,B3_trial5_rep1_attempt0.csv,6,target_object_corrected,5,board_data_5,trial_number,206,285,79,harmonized_hand_active_board10,test,6,7,7,False,False,25,0.990612
1,3,5,1,0,1,6,[6.0],False,B3_trial5_rep1_attempt0.csv,/Users/arthu/Desktop/CTM_Res-Pro/data/reach_to_grasp_dataset/data/participant_1/motion/B3_trial5_rep1_attempt0.csv,6,6,False,,,6,target_object_corrected,5,board_data_5,trial_number,217,271,54,harmonized_hand_active_board10,test,6,7,7,False,False,25,0.8047318
1,3,5,2,0,1,6,[6.0],False,B3_trial5_rep2_attempt0.csv,/Users/arthu/Desktop/CTM_Res-Pro/data/reach_to_grasp_dataset/data/participant_1/motion/B3_trial5_rep2_attempt0.csv,6,6,False,,,6,target_object_corrected,5,board_data_5,trial_number,221,282,61,harmonized_hand_active_board10,test,6,7,7,False,False,25,0.94720316
1,3,5,3,0,1,6,[6.0],False,B3_trial5_rep3_attempt0.csv,/Users/arthu/Desktop/CTM_Res-Pro/data/reach_to_grasp_dataset/data/participant_1/motion/B3_trial5_rep3_attempt0.csv,6,6,False,,,6,target_object_corrected,5,board_data_5,trial_number,203,259,56,harmonized_hand_active_board10,test,6,7,7,False,False,25,0.985133
1,3,6,0,0,1,5,[5.0],False,B3_trial6_rep0_attempt0.csv,/Users/arthu/Desktop/CTM_Res-Pro/data/reach_to_grasp_dataset/data/participant_1/motion/B3_trial6_rep0_attempt0.csv,5,5,True,1.0,B3_trial6_rep1_attempt0.csv,5,target_object_corrected,6,board_data_6,trial_number,218,271,53,harmonized_hand_active_board10,test,5,5,5,True,True,22,0.7208389
1,3,6,1,0,1,5,[5.0],False,B3_trial6_rep1_attempt0.csv,/Users/arthu/Desktop/CTM_Res-Pro/data/reach_to_grasp_dataset/data/participant_1/motion/B3_trial6_rep1_attempt0.csv,5,5,False,,,5,target_object_corrected,6,board_data_6,trial_number,212,280,68,harmonized_hand_active_board10,test,5,5,5,True,True,25,0.9937516
1,3,6,2,0,1,5,[5.0],False,B3_trial6_rep2_attempt0.csv,/Users/arthu/Desktop/CTM_Res-Pro/data/reach_to_grasp_dataset/data/participant_1/motion/B3_trial6_rep2_attempt0.csv,5,5,False,,,5,target_object_corrected,6,board_data_6,trial_number,212,273,61,harmonized_hand_active_board10,test,5,5,5,True,True,25,0.9975138
1,3,6,3,0,1,5,[5.0],False,B3_trial6_rep3_attempt0.csv,/Users/arthu/Desktop/CTM_Res-Pro/data/reach_to_grasp_dataset/data/participant_1/motion/B3_trial6_rep3_attempt0.csv,5,5,False,,,5,target_object_corrected,6,board_data_6,trial_number,215,278,63,harmonized_hand_active_board10,test,5,5,5,True,True,25,0.9974875
1,3,7,0,1,1,4,[4.0],False,B3_trial7_rep0_attempt1.csv,/Users/arthu/Desktop/CTM_Res-Pro/data/reach_to_grasp_dataset/data/participant_1/motion/B3_trial7_rep0_attempt1.csv,4,4,True,1.0,B3_trial7_rep1_attempt0.csv,4,target_object_corrected,7,board_data_7,trial_number,211,257,46,harmonized_hand_active_board10,test,4,4,4,True,True,25,0.99402463
1,3,7,1,0,1,4,[4.0],False,B3_trial7_rep1_attempt0.csv,/Users/arthu/Desktop/CTM_Res-Pro/data/reach_to_grasp_dataset/data/participant_1/motion/B3_trial7_rep1_attempt0.csv,4,4,False,,,4,target_object_corrected,7,board_data_7,trial_number,214,253,39,harmonized_hand_active_board10,test,4,4,4,True,True,25,0.99454206
1,3,7,2,0,1,4,[4.0],False,B3_trial7_rep2_attempt0.csv,/Users/arthu/Desktop/CTM_Res-Pro/data/reach_to_grasp_dataset/data/participant_1/motion/B3_trial7_rep2_attempt0.csv,4,4,False,,,4,target_object_corrected,7,board_data_7,trial_number,210,254,44,harmonized_hand_active_board10,test,4,4,4,True,True,25,0.9918214
1,3,7,3,0,1,4,[4.0],False,B3_trial7_rep3_attempt0.csv,/Users/arthu/Desktop/CTM_Res-Pro/data/reach_to_grasp_dataset/data/participant_1/motion/B3_trial7_rep3_attempt0.csv,4,4,False,,,4,target_object_corrected,7,board_data_7,trial_number,219,261,42,harmonized_hand_active_board10,test,4,4,4,True,True,25,0.99782294
1,4,0,0,0,1,4,"[7.0, 4.0]",True,B4_trial0_rep0_attempt0.csv,/Users/arthu/Desktop/CTM_Res-Pro/data/reach_to_grasp_dataset/data/participant_1/motion/B4_trial0_rep0_attempt0.csv,4,4,True,1.0,B4_trial0_rep1_attempt0.csv,4,target_object_corrected,0,board_data_0,trial_number,210,259,49,harmonized_hand_active_board10,test,4,4,4,True,True,25,0.99897605
1,4,0,1,0,1,4,[4.0],False,B4_trial0_rep1_attempt0.csv,/Users/arthu/Desktop/CTM_Res-Pro/data/reach_to_grasp_dataset/data/participant_1/motion/B4_trial0_rep1_attempt0.csv,4,4,False,,,4,target_object_corrected,0,board_data_0,trial_number,212,250,38,harmonized_hand_active_board10,test,4,4,4,True,True,25,0.99987894
1,4,0,2,0,1,4,[4.0],False,B4_trial0_rep2_attempt0.csv,/Users/arthu/Desktop/CTM_Res-Pro/data/reach_to_grasp_dataset/data/participant_1/motion/B4_trial0_rep2_attempt0.csv,4,4,False,,,4,target_object_corrected,0,board_data_0,trial_number,215,261,46,harmonized_hand_active_board10,test,4,4,4,True,True,25,0.99993825
1,4,0,3,0,1,4,[4.0],False,B4_trial0_rep3_attempt0.csv,/Users/arthu/Desktop/CTM_Res-Pro/data/reach_to_grasp_dataset/data/participant_1/motion/B4_trial0_rep3_attempt0.csv,4,4,False,,,4,target_object_corrected,0,board_data_0,trial_number,212,257,45,harmonized_hand_active_board10,test,4,4,4,True,True,25,0.9999235
1,4,1,0,0,1,5,"[0.0, 5.0]",True,B4_trial1_rep0_attempt0.csv,/Users/arthu/Desktop/CTM_Res-Pro/data/reach_to_grasp_dataset/data/participant_1/motion/B4_trial1_rep0_attempt0.csv,5,5,True,1.0,B4_trial1_rep1_attempt0.csv,5,target_object_corrected,1,board_data_1,trial_number,215,273,58,harmonized_hand_active_board10,test,5,5,5,True,True,25,0.99974203
1,4,1,1,0,1,5,[5.0],False,B4_trial1_rep1_attempt0.csv,/Users/arthu/Desktop/CTM_Res-Pro/data/reach_to_grasp_dataset/data/participant_1/motion/B4_trial1_rep1_attempt0.csv,5,5,False,,,5,target_object_corrected,1,board_data_1,trial_number,218,281,63,harmonized_hand_active_board10,test,5,5,5,True,True,25,0.99987906
1,4,1,2,0,1,5,[5.0],False,B4_trial1_rep2_attempt0.csv,/Users/arthu/Desktop/CTM_Res-Pro/data/reach_to_grasp_dataset/data/participant_1/motion/B4_trial1_rep2_attempt0.csv,5,5,False,,,5,target_object_corrected,1,board_data_1,trial_number,221,283,62,harmonized_hand_active_board10,test,5,5,5,True,True,25,0.99978375
1,4,1,3,0,1,5,[5.0],False,B4_trial1_rep3_attempt0.csv,/Users/arthu/Desktop/CTM_Res-Pro/data/reach_to_grasp_dataset/data/participant_1/motion/B4_trial1_rep3_attempt0.csv,5,5,False,,,5,target_object_corrected,1,board_data_1,trial_number,221,290,69,harmonized_hand_active_board10,test,5,5,5,True,True,25,0.99945956
1,4,2,0,0,1,6,"[1.0, 6.0]",True,B4_trial2_rep0_attempt0.csv,/Users/arthu/Desktop/CTM_Res-Pro/data/reach_to_grasp_dataset/data/participant_1/motion/B4_trial2_rep0_attempt0.csv,6,6,True,1.0,B4_trial2_rep1_attempt0.csv,6,target_object_corrected,2,board_data_2,trial_number,226,275,49,harmonized_hand_active_board10,test,6,6,6,True,True,25,0.67212105
1,4,2,1,0,1,6,[6.0],False,B4_trial2_rep1_attempt0.csv,/Users/arthu/Desktop/CTM_Res-Pro/data/reach_to_grasp_dataset/data/participant_1/motion/B4_trial2_rep1_attempt0.csv,6,6,False,,,6,target_object_corrected,2,board_data_2,trial_number,242,288,46,harmonized_hand_active_board10,test,6,7,7,False,False,23,0.81546617
1,4,2,2,0,1,6,[6.0],False,B4_trial2_rep2_attempt0.csv,/Users/arthu/Desktop/CTM_Res-Pro/data/reach_to_grasp_dataset/data/participant_1/motion/B4_trial2_rep2_attempt0.csv,6,6,False,,,6,target_object_corrected,2,board_data_2,trial_number,248,285,37,harmonized_hand_active_board10,test,6,7,7,False,False,24,0.85973567
1,4,2,3,0,1,6,[6.0],False,B4_trial2_rep3_attempt0.csv,/Users/arthu/Desktop/CTM_Res-Pro/data/reach_to_grasp_dataset/data/participant_1/motion/B4_trial2_rep3_attempt0.csv,6,6,False,,,6,target_object_corrected,2,board_data_2,trial_number,228,274,46,harmonized_hand_active_board10,test,6,7,7,False,False,23,0.7765558
1,4,3,0,0,1,7,"[2.0, 7.0]",True,B4_trial3_rep0_attempt0.csv,/Users/arthu/Desktop/CTM_Res-Pro/data/reach_to_grasp_dataset/data/participant_1/motion/B4_trial3_rep0_attempt0.csv,7,7,True,1.0,B4_trial3_rep1_attempt0.csv,7,target_object_corrected,3,board_data_3,trial_number,243,266,23,harmonized_hand_active_board10,test,7,7,7,True,True,25,0.98236495
1,4,3,1,0,1,7,[7.0],False,B4_trial3_rep1_attempt0.csv,/Users/arthu/Desktop/CTM_Res-Pro/data/reach_to_grasp_dataset/data/participant_1/motion/B4_trial3_rep1_attempt0.csv,7,7,False,,,7,target_object_corrected,3,board_data_3,trial_number,236,259,23,harmonized_hand_active_board10,test,7,7,7,True,True,25,0.7578911
1,4,3,2,0,1,7,[7.0],False,B4_trial3_rep2_attempt0.csv,/Users/arthu/Desktop/CTM_Res-Pro/data/reach_to_grasp_dataset/data/participant_1/motion/B4_trial3_rep2_attempt0.csv,7,7,False,,,7,target_object_corrected,3,board_data_3,trial_number,226,249,23,harmonized_hand_active_board10,test,7,7,7,True,True,25,0.9520899
1,4,3,3,0,1,7,[7.0],False,B4_trial3_rep3_attempt0.csv,/Users/arthu/Desktop/CTM_Res-Pro/data/reach_to_grasp_dataset/data/participant_1/motion/B4_trial3_rep3_attempt0.csv,7,7,False,,,7,target_object_corrected,3,board_data_3,trial_number,243,268,25,harmonized_hand_active_board10,test,7,7,7,True,True,25,0.774237
1,4,4,0,0,1,0,"[3.0, 0.0]",True,B4_trial4_rep0_attempt0.csv,/Users/arthu/Desktop/CTM_Res-Pro/data/reach_to_grasp_dataset/data/participant_1/motion/B4_trial4_rep0_attempt0.csv,0,0,True,1.0,B4_trial4_rep1_attempt0.csv,0,target_object_corrected,4,board_data_4,trial_number,206,248,42,harmonized_hand_active_board10,test,0,0,0,True,True,25,0.99848247
1,4,4,1,0,1,0,[0.0],False,B4_trial4_rep1_attempt0.csv,/Users/arthu/Desktop/CTM_Res-Pro/data/reach_to_grasp_dataset/data/participant_1/motion/B4_trial4_rep1_attempt0.csv,0,0,False,,,0,target_object_corrected,4,board_data_4,trial_number,213,254,41,harmonized_hand_active_board10,test,0,0,0,True,True,25,0.99602216
1,4,4,2,0,1,0,[0.0],False,B4_trial4_rep2_attempt0.csv,/Users/arthu/Desktop/CTM_Res-Pro/data/reach_to_grasp_dataset/data/participant_1/motion/B4_trial4_rep2_attempt0.csv,0,0,False,,,0,target_object_corrected,4,board_data_4,trial_number,221,264,43,harmonized_hand_active_board10,test,0,0,0,True,True,25,0.99721956
1,4,4,3,0,1,0,[0.0],False,B4_trial4_rep3_attempt0.csv,/Users/arthu/Desktop/CTM_Res-Pro/data/reach_to_grasp_dataset/data/participant_1/motion/B4_trial4_rep3_attempt0.csv,0,0,False,,,0,target_object_corrected,4,board_data_4,trial_number,226,276,50,harmonized_hand_active_board10,test,0,0,0,True,True,25,0.9968452
1,4,5,0,0,1,1,"[4.0, 1.0]",True,B4_trial5_rep0_attempt0.csv,/Users/arthu/Desktop/CTM_Res-Pro/data/reach_to_grasp_dataset/data/participant_1/motion/B4_trial5_rep0_attempt0.csv,1,1,True,1.0,B4_trial5_rep1_attempt0.csv,1,target_object_corrected,5,board_data_5,trial_number,215,262,47,harmonized_hand_active_board10,test,1,1,1,True,True,25,0.99913234
1,4,5,1,0,1,1,[1.0],False,B4_trial5_rep1_attempt0.csv,/Users/arthu/Desktop/CTM_Res-Pro/data/reach_to_grasp_dataset/data/participant_1/motion/B4_trial5_rep1_attempt0.csv,1,1,False,,,1,target_object_corrected,5,board_data_5,trial_number,215,262,47,harmonized_hand_active_board10,test,1,1,1,True,True,25,0.9976137
1,4,5,2,0,1,1,[1.0],False,B4_trial5_rep2_attempt0.csv,/Users/arthu/Desktop/CTM_Res-Pro/data/reach_to_grasp_dataset/data/participant_1/motion/B4_trial5_rep2_attempt0.csv,1,1,False,,,1,target_object_corrected,5,board_data_5,trial_number,230,280,50,harmonized_hand_active_board10,test,1,1,1,True,True,25,0.99901515
1,4,5,3,0,1,1,[1.0],False,B4_trial5_rep3_attempt0.csv,/Users/arthu/Desktop/CTM_Res-Pro/data/reach_to_grasp_dataset/data/participant_1/motion/B4_trial5_rep3_attempt0.csv,1,1,False,,,1,target_object_corrected,5,board_data_5,trial_number,219,281,62,harmonized_hand_active_board10,test,1,1,1,True,True,25,0.99784774
1,4,6,0,0,1,2,"[5.0, 2.0]",True,B4_trial6_rep0_attempt0.csv,/Users/arthu/Desktop/CTM_Res-Pro/data/reach_to_grasp_dataset/data/participant_1/motion/B4_trial6_rep0_attempt0.csv,2,2,True,1.0,B4_trial6_rep1_attempt0.csv,2,target_object_corrected,6,board_data_6,trial_number,216,282,66,harmonized_hand_active_board10,test,2,6,6,False,False,25,0.68097687
1,4,6,1,0,1,2,[2.0],False,B4_trial6_rep1_attempt0.csv,/Users/arthu/Desktop/CTM_Res-Pro/data/reach_to_grasp_dataset/data/participant_1/motion/B4_trial6_rep1_attempt0.csv,2,2,False,,,2,target_object_corrected,6,board_data_6,trial_number,217,286,69,harmonized_hand_active_board10,test,2,6,6,False,False,25,0.66630864
1,4,6,2,0,1,2,[2.0],False,B4_trial6_rep2_attempt0.csv,/Users/arthu/Desktop/CTM_Res-Pro/data/reach_to_grasp_dataset/data/participant_1/motion/B4_trial6_rep2_attempt0.csv,2,2,False,,,2,target_object_corrected,6,board_data_6,trial_number,219,282,63,harmonized_hand_active_board10,test,2,3,3,False,False,25,0.6926876
1,4,6,3,0,1,2,[2.0],False,B4_trial6_rep3_attempt0.csv,/Users/arthu/Desktop/CTM_Res-Pro/data/reach_to_grasp_dataset/data/participant_1/motion/B4_trial6_rep3_attempt0.csv,2,2,False,,,2,target_object_corrected,6,board_data_6,trial_number,231,302,71,harmonized_hand_active_board10,test,2,6,6,False,False,22,0.7094917
1,4,7,0,0,1,3,"[6.0, 3.0]",True,B4_trial7_rep0_attempt0.csv,/Users/arthu/Desktop/CTM_Res-Pro/data/reach_to_grasp_dataset/data/participant_1/motion/B4_trial7_rep0_attempt0.csv,3,3,True,1.0,B4_trial7_rep1_attempt0.csv,3,target_object_corrected,7,board_data_7,trial_number,213,273,60,harmonized_hand_active_board10,test,3,3,3,True,True,25,0.9961586
1,4,7,1,0,1,3,[3.0],False,B4_trial7_rep1_attempt0.csv,/Users/arthu/Desktop/CTM_Res-Pro/data/reach_to_grasp_dataset/data/participant_1/motion/B4_trial7_rep1_attempt0.csv,3,3,False,,,3,target_object_corrected,7,board_data_7,trial_number,221,284,63,harmonized_hand_active_board10,test,3,3,3,True,True,25,0.9624413
1,4,7,2,0,1,3,[3.0],False,B4_trial7_rep2_attempt0.csv,/Users/arthu/Desktop/CTM_Res-Pro/data/reach_to_grasp_dataset/data/participant_1/motion/B4_trial7_rep2_attempt0.csv,3,3,False,,,3,target_object_corrected,7,board_data_7,trial_number,212,271,59,harmonized_hand_active_board10,test,3,3,3,True,True,25,0.88649166
1,4,7,3,0,1,3,[3.0],False,B4_trial7_rep3_attempt0.csv,/Users/arthu/Desktop/CTM_Res-Pro/data/reach_to_grasp_dataset/data/participant_1/motion/B4_trial7_rep3_attempt0.csv,3,3,False,,,3,target_object_corrected,7,board_data_7,trial_number,220,278,58,harmonized_hand_active_board10,test,3,3,3,True,True,25,0.97720444
2,1,0,0,0,1,0,"[3.0, 0.0]",True,B1_trial0_rep0_attempt0.csv,/Users/arthu/Desktop/CTM_Res-Pro/data/reach_to_grasp_dataset/data/participant_2/motion/B1_trial0_rep0_attempt0.csv,0,0,True,1.0,B1_trial0_rep1_attempt0.csv,0,target_object_corrected,0,board_data_0,trial_number,214,270,56,harmonized_hand_active_board10,test,0,0,0,True,True,25,0.99936527
2,1,0,1,0,1,0,[0.0],False,B1_trial0_rep1_attempt0.csv,/Users/arthu/Desktop/CTM_Res-Pro/data/reach_to_grasp_dataset/data/participant_2/motion/B1_trial0_rep1_attempt0.csv,0,0,False,,,0,target_object_corrected,0,board_data_0,trial_number,207,253,46,harmonized_hand_active_board10,test,0,0,0,True,True,25,0.99449795
2,1,0,2,0,1,0,[0.0],False,B1_trial0_rep2_attempt0.csv,/Users/arthu/Desktop/CTM_Res-Pro/data/reach_to_grasp_dataset/data/participant_2/motion/B1_trial0_rep2_attempt0.csv,0,0,False,,,0,target_object_corrected,0,board_data_0,trial_number,214,253,39,harmonized_hand_active_board10,test,0,0,0,True,True,25,0.9780265
2,1,0,3,0,1,0,[0.0],False,B1_trial0_rep3_attempt0.csv,/Users/arthu/Desktop/CTM_Res-Pro/data/reach_to_grasp_dataset/data/participant_2/motion/B1_trial0_rep3_attempt0.csv,0,0,False,,,0,target_object_corrected,0,board_data_0,trial_number,217,257,40,harmonized_hand_active_board10,test,0,0,0,True,True,25,0.80926424
2,1,1,0,0,1,1,"[0.0, 1.0]",True,B1_trial1_rep0_attempt0.csv,/Users/arthu/Desktop/CTM_Res-Pro/data/reach_to_grasp_dataset/data/participant_2/motion/B1_trial1_rep0_attempt0.csv,1,1,True,1.0,B1_trial1_rep1_attempt0.csv,1,target_object_corrected,1,board_data_1,trial_number,392,451,59,harmonized_hand_active_board10,test,1,1,1,True,True,25,0.99963737
2,1,1,1,0,1,1,[1.0],False,B1_trial1_rep1_attempt0.csv,/Users/arthu/Desktop/CTM_Res-Pro/data/reach_to_grasp_dataset/data/participant_2/motion/B1_trial1_rep1_attempt0.csv,1,1,False,,,1,target_object_corrected,1,board_data_1,trial_number,222,279,57,harmonized_hand_active_board10,test,1,1,1,True,True,25,0.9904537
2,1,1,2,0,1,1,[1.0],False,B1_trial1_rep2_attempt0.csv,/Users/arthu/Desktop/CTM_Res-Pro/data/reach_to_grasp_dataset/data/participant_2/motion/B1_trial1_rep2_attempt0.csv,1,1,False,,,1,target_object_corrected,1,board_data_1,trial_number,208,270,62,harmonized_hand_active_board10,test,1,1,1,True,True,25,0.99380285
2,1,1,3,0,1,1,[1.0],False,B1_trial1_rep3_attempt0.csv,/Users/arthu/Desktop/CTM_Res-Pro/data/reach_to_grasp_dataset/data/participant_2/motion/B1_trial1_rep3_attempt0.csv,1,1,False,,,1,target_object_corrected,1,board_data_1,trial_number,223,290,67,harmonized_hand_active_board10,test,1,1,1,True,True,25,0.9932869
2,1,2,0,1,1,2,[2.0],False,B1_trial2_rep0_attempt1.csv,/Users/arthu/Desktop/CTM_Res-Pro/data/reach_to_grasp_dataset/data/participant_2/motion/B1_trial2_rep0_attempt1.csv,2,2,True,1.0,B1_trial2_rep1_attempt0.csv,2,target_object_corrected,2,board_data_2,trial_number,164,230,66,harmonized_hand_active_board10,test,2,2,2,True,True,25,0.9960957
2,1,2,1,0,1,2,[2.0],False,B1_trial2_rep1_attempt0.csv,/Users/arthu/Desktop/CTM_Res-Pro/data/reach_to_grasp_dataset/data/participant_2/motion/B1_trial2_rep1_attempt0.csv,2,2,False,,,2,target_object_corrected,2,board_data_2,trial_number,213,265,52,harmonized_hand_active_board10,test,2,6,6,False,False,25,0.9152489
2,1,2,2,0,1,2,[2.0],False,B1_trial2_rep2_attempt0.csv,/Users/arthu/Desktop/CTM_Res-Pro/data/reach_to_grasp_dataset/data/participant_2/motion/B1_trial2_rep2_attempt0.csv,2,2,False,,,2,target_object_corrected,2,board_data_2,trial_number,230,268,38,harmonized_hand_active_board10,test,2,6,6,False,False,25,0.9588485
2,1,2,3,0,1,2,[2.0],False,B1_trial2_rep3_attempt0.csv,/Users/arthu/Desktop/CTM_Res-Pro/data/reach_to_grasp_dataset/data/participant_2/motion/B1_trial2_rep3_attempt0.csv,2,2,False,,,2,target_object_corrected,2,board_data_2,trial_number,237,322,85,harmonized_hand_active_board10,test,2,2,2,True,True,25,0.91024774
2,1,3,0,0,1,3,"[2.0, 3.0]",True,B1_trial3_rep0_attempt0.csv,/Users/arthu/Desktop/CTM_Res-Pro/data/reach_to_grasp_dataset/data/participant_2/motion/B1_trial3_rep0_attempt0.csv,3,3,True,1.0,B1_trial3_rep1_attempt0.csv,3,target_object_corrected,3,board_data_3,trial_number,185,261,76,harmonized_hand_active_board10,test,3,3,3,True,True,25,0.9987246
2,1,3,1,0,1,3,[3.0],False,B1_trial3_rep1_attempt0.csv,/Users/arthu/Desktop/CTM_Res-Pro/data/reach_to_grasp_dataset/data/participant_2/motion/B1_trial3_rep1_attempt0.csv,3,3,False,,,3,target_object_corrected,3,board_data_3,trial_number,19,127,108,harmonized_hand_active_board10,test,3,3,3,True,True,25,0.9970387
2,1,3,2,1,1,3,[3.0],False,B1_trial3_rep2_attempt1.csv,/Users/arthu/Desktop/CTM_Res-Pro/data/reach_to_grasp_dataset/data/participant_2/motion/B1_trial3_rep2_attempt1.csv,3,3,False,,,3,target_object_corrected,3,board_data_3,trial_number,270,298,28,harmonized_hand_active_board10,test,3,3,3,True,True,25,0.9991617
2,1,3,3,0,1,3,[3.0],False,B1_trial3_rep3_attempt0.csv,/Users/arthu/Desktop/CTM_Res-Pro/data/reach_to_grasp_dataset/data/participant_2/motion/B1_trial3_rep3_attempt0.csv,3,3,False,,,3,target_object_corrected,3,board_data_3,trial_number,250,310,60,harmonized_hand_active_board10,test,3,3,3,True,True,25,0.99925905
2,1,4,0,0,1,4,"[3.0, 4.0]",True,B1_trial4_rep0_attempt0.csv,/Users/arthu/Desktop/CTM_Res-Pro/data/reach_to_grasp_dataset/data/participant_2/motion/B1_trial4_rep0_attempt0.csv,4,4,True,1.0,B1_trial4_rep1_attempt0.csv,4,target_object_corrected,4,board_data_4,trial_number,231,297,66,harmonized_hand_active_board10,test,4,4,4,True,True,25,0.99131286
2,1,4,1,0,1,4,[4.0],False,B1_trial4_rep1_attempt0.csv,/Users/arthu/Desktop/CTM_Res-Pro/data/reach_to_grasp_dataset/data/participant_2/motion/B1_trial4_rep1_attempt0.csv,4,4,False,,,4,target_object_corrected,4,board_data_4,trial_number,247,316,69,harmonized_hand_active_board10,test,4,4,4,True,True,25,0.97561616
2,1,4,2,0,1,4,[4.0],False,B1_trial4_rep2_attempt0.csv,/Users/arthu/Desktop/CTM_Res-Pro/data/reach_to_grasp_dataset/data/participant_2/motion/B1_trial4_rep2_attempt0.csv,4,4,False,,,4,target_object_corrected,4,board_data_4,trial_number,326,376,50,harmonized_hand_active_board10,test,4,4,4,True,True,25,0.9965345
2,1,4,3,0,1,4,[4.0],False,B1_trial4_rep3_attempt0.csv,/Users/arthu/Desktop/CTM_Res-Pro/data/reach_to_grasp_dataset/data/participant_2/motion/B1_trial4_rep3_attempt0.csv,4,4,False,,,4,target_object_corrected,4,board_data_4,trial_number,231,321,90,harmonized_hand_active_board10,test,4,4,4,True,True,25,0.9977104
2,1,5,0,0,1,5,"[4.0, 5.0]",True,B1_trial5_rep0_attempt0.csv,/Users/arthu/Desktop/CTM_Res-Pro/data/reach_to_grasp_dataset/data/participant_2/motion/B1_trial5_rep0_attempt0.csv,5,5,True,1.0,B1_trial5_rep1_attempt0.csv,5,target_object_corrected,5,board_data_5,trial_number,221,292,71,harmonized_hand_active_board10,test,5,5,5,True,True,25,0.99976534
2,1,5,1,0,1,5,[5.0],False,B1_trial5_rep1_attempt0.csv,/Users/arthu/Desktop/CTM_Res-Pro/data/reach_to_grasp_dataset/data/participant_2/motion/B1_trial5_rep1_attempt0.csv,5,5,False,,,5,target_object_corrected,5,board_data_5,trial_number,109,206,97,harmonized_hand_active_board10,test,5,5,5,True,True,25,0.7750952
2,1,5,2,0,1,5,[5.0],False,B1_trial5_rep2_attempt0.csv,/Users/arthu/Desktop/CTM_Res-Pro/data/reach_to_grasp_dataset/data/participant_2/motion/B1_trial5_rep2_attempt0.csv,5,5,False,,,5,target_object_corrected,5,board_data_5,trial_number,256,317,61,harmonized_hand_active_board10,test,5,5,5,True,True,25,0.9995768
2,1,5,3,0,1,5,[5.0],False,B1_trial5_rep3_attempt0.csv,/Users/arthu/Desktop/CTM_Res-Pro/data/reach_to_grasp_dataset/data/participant_2/motion/B1_trial5_rep3_attempt0.csv,5,5,False,,,5,target_object_corrected,5,board_data_5,trial_number,221,284,63,harmonized_hand_active_board10,test,5,5,5,True,True,25,0.9990702
2,1,6,0,0,1,6,"[5.0, 6.0]",True,B1_trial6_rep0_attempt0.csv,/Users/arthu/Desktop/CTM_Res-Pro/data/reach_to_grasp_dataset/data/participant_2/motion/B1_trial6_rep0_attempt0.csv,6,6,True,1.0,B1_trial6_rep1_attempt0.csv,6,target_object_corrected,6,board_data_6,trial_number,250,349,99,harmonized_hand_active_board10,test,6,6,6,True,True,25,0.99776095
2,1,6,1,0,1,6,[6.0],False,B1_trial6_rep1_attempt0.csv,/Users/arthu/Desktop/CTM_Res-Pro/data/reach_to_grasp_dataset/data/participant_2/motion/B1_trial6_rep1_attempt0.csv,6,6,False,,,6,target_object_corrected,6,board_data_6,trial_number,223,298,75,harmonized_hand_active_board10,test,6,6,6,True,True,25,0.7021587
2,1,6,2,0,1,6,[6.0],False,B1_trial6_rep2_attempt0.csv,/Users/arthu/Desktop/CTM_Res-Pro/data/reach_to_grasp_dataset/data/participant_2/motion/B1_trial6_rep2_attempt0.csv,6,6,False,,,6,target_object_corrected,6,board_data_6,trial_number,251,314,63,harmonized_hand_active_board10,test,6,7,7,False,False,20,0.73632944
2,1,6,3,0,1,6,[6.0],False,B1_trial6_rep3_attempt0.csv,/Users/arthu/Desktop/CTM_Res-Pro/data/reach_to_grasp_dataset/data/participant_2/motion/B1_trial6_rep3_attempt0.csv,6,6,False,,,6,target_object_corrected,6,board_data_6,trial_number,233,288,55,harmonized_hand_active_board10,test,6,6,6,True,True,25,0.996673
2,1,7,0,0,1,7,"[6.0, 7.0]",True,B1_trial7_rep0_attempt0.csv,/Users/arthu/Desktop/CTM_Res-Pro/data/reach_to_grasp_dataset/data/participant_2/motion/B1_trial7_rep0_attempt0.csv,7,7,True,1.0,B1_trial7_rep1_attempt0.csv,7,target_object_corrected,7,board_data_7,trial_number,280,352,72,harmonized_hand_active_board10,test,7,7,7,True,True,24,0.95026606
2,1,7,1,0,1,7,[7.0],False,B1_trial7_rep1_attempt0.csv,/Users/arthu/Desktop/CTM_Res-Pro/data/reach_to_grasp_dataset/data/participant_2/motion/B1_trial7_rep1_attempt0.csv,7,7,False,,,7,target_object_corrected,7,board_data_7,trial_number,99,197,98,harmonized_hand_active_board10,test,7,7,7,True,True,24,0.92706287
2,1,7,2,0,1,7,[7.0],False,B1_trial7_rep2_attempt0.csv,/Users/arthu/Desktop/CTM_Res-Pro/data/reach_to_grasp_dataset/data/participant_2/motion/B1_trial7_rep2_attempt0.csv,7,7,False,,,7,target_object_corrected,7,board_data_7,trial_number,207,279,72,harmonized_hand_active_board10,test,7,6,6,False,False,25,0.8816093
2,1,7,3,0,1,7,[7.0],False,B1_trial7_rep3_attempt0.csv,/Users/arthu/Desktop/CTM_Res-Pro/data/reach_to_grasp_dataset/data/participant_2/motion/B1_trial7_rep3_attempt0.csv,7,7,False,,,7,target_object_corrected,7,board_data_7,trial_number,226,292,66,harmonized_hand_active_board10,test,7,7,7,True,True,21,0.72979426
2,2,0,0,0,1,7,[7.0],False,B2_trial0_rep0_attempt0.csv,/Users/arthu/Desktop/CTM_Res-Pro/data/reach_to_grasp_dataset/data/participant_2/motion/B2_trial0_rep0_attempt0.csv,7,7,True,1.0,B2_trial0_rep1_attempt0.csv,7,target_object_corrected,0,board_data_0,trial_number,213,276,63,harmonized_hand_active_board10,test,7,7,7,True,True,25,0.9941387
2,2,0,1,0,1,7,[7.0],False,B2_trial0_rep1_attempt0.csv,/Users/arthu/Desktop/CTM_Res-Pro/data/reach_to_grasp_dataset/data/participant_2/motion/B2_trial0_rep1_attempt0.csv,7,7,False,,,7,target_object_corrected,0,board_data_0,trial_number,219,277,58,harmonized_hand_active_board10,test,7,6,6,False,False,25,0.71948284
2,2,0,2,0,1,7,[7.0],False,B2_trial0_rep2_attempt0.csv,/Users/arthu/Desktop/CTM_Res-Pro/data/reach_to_grasp_dataset/data/participant_2/motion/B2_trial0_rep2_attempt0.csv,7,7,False,,,7,target_object_corrected,0,board_data_0,trial_number,213,272,59,harmonized_hand_active_board10,test,7,7,7,True,True,25,0.9793611
2,2,0,3,0,1,7,[7.0],False,B2_trial0_rep3_attempt0.csv,/Users/arthu/Desktop/CTM_Res-Pro/data/reach_to_grasp_dataset/data/participant_2/motion/B2_trial0_rep3_attempt0.csv,7,7,False,,,7,target_object_corrected,0,board_data_0,trial_number,227,297,70,harmonized_hand_active_board10,test,7,7,7,True,True,21,0.75379246
2,2,1,0,0,1,6,"[0.0, 6.0]",True,B2_trial1_rep0_attempt0.csv,/Users/arthu/Desktop/CTM_Res-Pro/data/reach_to_grasp_dataset/data/participant_2/motion/B2_trial1_rep0_attempt0.csv,6,6,True,1.0,B2_trial1_rep1_attempt0.csv,6,target_object_corrected,1,board_data_1,trial_number,225,297,72,harmonized_hand_active_board10,test,6,6,6,True,True,25,0.974958
2,2,1,1,0,1,6,[6.0],False,B2_trial1_rep1_attempt0.csv,/Users/arthu/Desktop/CTM_Res-Pro/data/reach_to_grasp_dataset/data/participant_2/motion/B2_trial1_rep1_attempt0.csv,6,6,False,,,6,target_object_corrected,1,board_data_1,trial_number,213,272,59,harmonized_hand_active_board10,test,6,6,6,True,True,25,0.983333
2,2,1,2,0,1,6,[6.0],False,B2_trial1_rep2_attempt0.csv,/Users/arthu/Desktop/CTM_Res-Pro/data/reach_to_grasp_dataset/data/participant_2/motion/B2_trial1_rep2_attempt0.csv,6,6,False,,,6,target_object_corrected,1,board_data_1,trial_number,204,258,54,harmonized_hand_active_board10,test,6,6,6,True,True,25,0.9465378
2,2,1,3,0,1,6,[6.0],False,B2_trial1_rep3_attempt0.csv,/Users/arthu/Desktop/CTM_Res-Pro/data/reach_to_grasp_dataset/data/participant_2/motion/B2_trial1_rep3_attempt0.csv,6,6,False,,,6,target_object_corrected,1,board_data_1,trial_number,294,348,54,harmonized_hand_active_board10,test,6,6,6,True,True,25,0.95754665
2,2,2,0,0,1,5,"[1.0, 5.0]",True,B2_trial2_rep0_attempt0.csv,/Users/arthu/Desktop/CTM_Res-Pro/data/reach_to_grasp_dataset/data/participant_2/motion/B2_trial2_rep0_attempt0.csv,5,5,True,1.0,B2_trial2_rep1_attempt0.csv,5,target_object_corrected,2,board_data_2,trial_number,223,284,61,harmonized_hand_active_board10,test,5,5,5,True,True,25,0.9986633
2,2,2,1,0,1,5,[5.0],False,B2_trial2_rep1_attempt0.csv,/Users/arthu/Desktop/CTM_Res-Pro/data/reach_to_grasp_dataset/data/participant_2/motion/B2_trial2_rep1_attempt0.csv,5,5,False,,,5,target_object_corrected,2,board_data_2,trial_number,246,302,56,harmonized_hand_active_board10,test,5,5,5,True,True,25,0.9997625
2,2,2,2,0,1,5,[5.0],False,B2_trial2_rep2_attempt0.csv,/Users/arthu/Desktop/CTM_Res-Pro/data/reach_to_grasp_dataset/data/participant_2/motion/B2_trial2_rep2_attempt0.csv,5,5,False,,,5,target_object_corrected,2,board_data_2,trial_number,220,278,58,harmonized_hand_active_board10,test,5,5,5,True,True,25,0.9996347
2,2,2,3,0,1,5,[5.0],False,B2_trial2_rep3_attempt0.csv,/Users/arthu/Desktop/CTM_Res-Pro/data/reach_to_grasp_dataset/data/participant_2/motion/B2_trial2_rep3_attempt0.csv,5,5,False,,,5,target_object_corrected,2,board_data_2,trial_number,227,289,62,harmonized_hand_active_board10,test,5,5,5,True,True,25,0.9998146
2,2,3,0,0,1,4,"[2.0, 4.0]",True,B2_trial3_rep0_attempt0.csv,/Users/arthu/Desktop/CTM_Res-Pro/data/reach_to_grasp_dataset/data/participant_2/motion/B2_trial3_rep0_attempt0.csv,4,4,True,1.0,B2_trial3_rep1_attempt0.csv,4,target_object_corrected,3,board_data_3,trial_number,177,180,3,harmonized_hand_active_board10,test,4,4,4,True,True,25,0.9996542
2,2,3,1,0,1,4,[4.0],False,B2_trial3_rep1_attempt0.csv,/Users/arthu/Desktop/CTM_Res-Pro/data/reach_to_grasp_dataset/data/participant_2/motion/B2_trial3_rep1_attempt0.csv,4,4,False,,,4,target_object_corrected,3,board_data_3,trial_number,321,324,3,harmonized_hand_active_board10,test,4,4,4,True,True,25,0.99886024
2,2,3,2,0,1,4,[4.0],False,B2_trial3_rep2_attempt0.csv,/Users/arthu/Desktop/CTM_Res-Pro/data/reach_to_grasp_dataset/data/participant_2/motion/B2_trial3_rep2_attempt0.csv,4,4,False,,,4,target_object_corrected,3,board_data_3,trial_number,417,420,3,harmonized_hand_active_board10,test,4,4,4,True,True,25,0.99951935
2,2,3,3,0,1,4,[4.0],False,B2_trial3_rep3_attempt0.csv,/Users/arthu/Desktop/CTM_Res-Pro/data/reach_to_grasp_dataset/data/participant_2/motion/B2_trial3_rep3_attempt0.csv,4,4,False,,,4,target_object_corrected,3,board_data_3,trial_number,361,363,2,harmonized_hand_active_board10,test,4,4,4,True,True,25,0.99967855
2,2,4,0,1,1,3,[3.0],False,B2_trial4_rep0_attempt1.csv,/Users/arthu/Desktop/CTM_Res-Pro/data/reach_to_grasp_dataset/data/participant_2/motion/B2_trial4_rep0_attempt1.csv,3,3,True,1.0,B2_trial4_rep1_attempt0.csv,3,target_object_corrected,4,board_data_4,trial_number,107,229,122,harmonized_hand_active_board10,test,3,3,3,True,True,25,0.9987851
2,2,4,1,0,1,3,[3.0],False,B2_trial4_rep1_attempt0.csv,/Users/arthu/Desktop/CTM_Res-Pro/data/reach_to_grasp_dataset/data/participant_2/motion/B2_trial4_rep1_attempt0.csv,3,3,False,,,3,target_object_corrected,4,board_data_4,trial_number,235,296,61,harmonized_hand_active_board10,test,3,3,3,True,True,25,0.9990843
2,2,4,2,0,1,3,[3.0],False,B2_trial4_rep2_attempt0.csv,/Users/arthu/Desktop/CTM_Res-Pro/data/reach_to_grasp_dataset/data/participant_2/motion/B2_trial4_rep2_attempt0.csv,3,3,False,,,3,target_object_corrected,4,board_data_4,trial_number,260,333,73,harmonized_hand_active_board10,test,3,3,3,True,True,25,0.998138
2,2,4,3,0,1,3,[3.0],False,B2_trial4_rep3_attempt0.csv,/Users/arthu/Desktop/CTM_Res-Pro/data/reach_to_grasp_dataset/data/participant_2/motion/B2_trial4_rep3_attempt0.csv,3,3,False,,,3,target_object_corrected,4,board_data_4,trial_number,247,351,104,harmonized_hand_active_board10,test,3,3,3,True,True,25,0.9982019
2,2,5,0,0,1,2,"[4.0, 2.0]",True,B2_trial5_rep0_attempt0.csv,/Users/arthu/Desktop/CTM_Res-Pro/data/reach_to_grasp_dataset/data/participant_2/motion/B2_trial5_rep0_attempt0.csv,2,2,True,1.0,B2_trial5_rep1_attempt0.csv,2,target_object_corrected,5,board_data_5,trial_number,241,315,74,harmonized_hand_active_board10,test,2,6,6,False,False,20,0.6947813
2,2,5,1,0,1,2,[2.0],False,B2_trial5_rep1_attempt0.csv,/Users/arthu/Desktop/CTM_Res-Pro/data/reach_to_grasp_dataset/data/participant_2/motion/B2_trial5_rep1_attempt0.csv,2,2,False,,,2,target_object_corrected,5,board_data_5,trial_number,794,842,48,harmonized_hand_active_board10,test,2,6,6,False,False,25,0.9721156
2,2,5,2,0,1,2,[2.0],False,B2_trial5_rep2_attempt0.csv,/Users/arthu/Desktop/CTM_Res-Pro/data/reach_to_grasp_dataset/data/participant_2/motion/B2_trial5_rep2_attempt0.csv,2,2,False,,,2,target_object_corrected,5,board_data_5,trial_number,333,405,72,harmonized_hand_active_board10,test,2,6,6,False,False,25,0.9893941
2,2,5,3,0,1,2,[2.0],False,B2_trial5_rep3_attempt0.csv,/Users/arthu/Desktop/CTM_Res-Pro/data/reach_to_grasp_dataset/data/participant_2/motion/B2_trial5_rep3_attempt0.csv,2,2,False,,,2,target_object_corrected,5,board_data_5,trial_number,205,272,67,harmonized_hand_active_board10,test,2,2,2,True,True,25,0.98997
2,2,6,0,0,1,1,"[5.0, 1.0]",True,B2_trial6_rep0_attempt0.csv,/Users/arthu/Desktop/CTM_Res-Pro/data/reach_to_grasp_dataset/data/participant_2/motion/B2_trial6_rep0_attempt0.csv,1,1,True,1.0,B2_trial6_rep1_attempt0.csv,1,target_object_corrected,6,board_data_6,trial_number,219,281,62,harmonized_hand_active_board10,test,1,1,1,True,True,25,0.99889773
2,2,6,1,0,1,1,[1.0],False,B2_trial6_rep1_attempt0.csv,/Users/arthu/Desktop/CTM_Res-Pro/data/reach_to_grasp_dataset/data/participant_2/motion/B2_trial6_rep1_attempt0.csv,1,1,False,,,1,target_object_corrected,6,board_data_6,trial_number,219,275,56,harmonized_hand_active_board10,test,1,1,1,True,True,25,0.99254495
2,2,6,2,0,1,1,[1.0],False,B2_trial6_rep2_attempt0.csv,/Users/arthu/Desktop/CTM_Res-Pro/data/reach_to_grasp_dataset/data/participant_2/motion/B2_trial6_rep2_attempt0.csv,1,1,False,,,1,target_object_corrected,6,board_data_6,trial_number,294,350,56,harmonized_hand_active_board10,test,1,1,1,True,True,25,0.99924266
2,2,6,3,0,1,1,[1.0],False,B2_trial6_rep3_attempt0.csv,/Users/arthu/Desktop/CTM_Res-Pro/data/reach_to_grasp_dataset/data/participant_2/motion/B2_trial6_rep3_attempt0.csv,1,1,False,,,1,target_object_corrected,6,board_data_6,trial_number,227,306,79,harmonized_hand_active_board10,test,1,1,1,True,True,25,0.9991225
2,2,7,0,0,1,0,"[6.0, 0.0]",True,B2_trial7_rep0_attempt0.csv,/Users/arthu/Desktop/CTM_Res-Pro/data/reach_to_grasp_dataset/data/participant_2/motion/B2_trial7_rep0_attempt0.csv,0,0,True,1.0,B2_trial7_rep1_attempt0.csv,0,target_object_corrected,7,board_data_7,trial_number,264,329,65,harmonized_hand_active_board10,test,0,0,0,True,True,25,0.9983239
2,2,7,1,0,1,0,[0.0],False,B2_trial7_rep1_attempt0.csv,/Users/arthu/Desktop/CTM_Res-Pro/data/reach_to_grasp_dataset/data/participant_2/motion/B2_trial7_rep1_attempt0.csv,0,0,False,,,0,target_object_corrected,7,board_data_7,trial_number,211,269,58,harmonized_hand_active_board10,test,0,0,0,True,True,25,0.99846345
2,2,7,2,0,1,0,[0.0],False,B2_trial7_rep2_attempt0.csv,/Users/arthu/Desktop/CTM_Res-Pro/data/reach_to_grasp_dataset/data/participant_2/motion/B2_trial7_rep2_attempt0.csv,0,0,False,,,0,target_object_corrected,7,board_data_7,trial_number,218,275,57,harmonized_hand_active_board10,test,0,0,0,True,True,25,0.9919164
2,2,7,3,0,1,0,[0.0],False,B2_trial7_rep3_attempt0.csv,/Users/arthu/Desktop/CTM_Res-Pro/data/reach_to_grasp_dataset/data/participant_2/motion/B2_trial7_rep3_attempt0.csv,0,0,False,,,0,target_object_corrected,7,board_data_7,trial_number,238,297,59,harmonized_hand_active_board10,test,0,0,0,True,True,25,0.99530476
2,3,0,0,0,1,3,"[7.0, 3.0]",True,B3_trial0_rep0_attempt0.csv,/Users/arthu/Desktop/CTM_Res-Pro/data/reach_to_grasp_dataset/data/participant_2/motion/B3_trial0_rep0_attempt0.csv,3,3,True,1.0,B3_trial0_rep1_attempt0.csv,3,target_object_corrected,0,board_data_0,trial_number,207,258,51,harmonized_hand_active_board10,test,3,3,3,True,True,25,0.9989042
2,3,0,1,0,1,3,[3.0],False,B3_trial0_rep1_attempt0.csv,/Users/arthu/Desktop/CTM_Res-Pro/data/reach_to_grasp_dataset/data/participant_2/motion/B3_trial0_rep1_attempt0.csv,3,3,False,,,3,target_object_corrected,0,board_data_0,trial_number,228,291,63,harmonized_hand_active_board10,test,3,3,3,True,True,25,0.99824923
2,3,0,2,0,1,3,[3.0],False,B3_trial0_rep2_attempt0.csv,/Users/arthu/Desktop/CTM_Res-Pro/data/reach_to_grasp_dataset/data/participant_2/motion/B3_trial0_rep2_attempt0.csv,3,3,False,,,3,target_object_corrected,0,board_data_0,trial_number,228,284,56,harmonized_hand_active_board10,test,3,3,3,True,True,25,0.99853444
2,3,0,3,0,1,3,[3.0],False,B3_trial0_rep3_attempt0.csv,/Users/arthu/Desktop/CTM_Res-Pro/data/reach_to_grasp_dataset/data/participant_2/motion/B3_trial0_rep3_attempt0.csv,3,3,False,,,3,target_object_corrected,0,board_data_0,trial_number,245,294,49,harmonized_hand_active_board10,test,3,3,3,True,True,25,0.998412
2,3,1,0,1,1,2,[2.0],False,B3_trial1_rep0_attempt1.csv,/Users/arthu/Desktop/CTM_Res-Pro/data/reach_to_grasp_dataset/data/participant_2/motion/B3_trial1_rep0_attempt1.csv,2,2,True,1.0,B3_trial1_rep1_attempt0.csv,2,target_object_corrected,1,board_data_1,trial_number,74,122,48,harmonized_hand_active_board10,test,2,6,6,False,False,25,0.988426
2,3,1,1,0,1,2,[2.0],False,B3_trial1_rep1_attempt0.csv,/Users/arthu/Desktop/CTM_Res-Pro/data/reach_to_grasp_dataset/data/participant_2/motion/B3_trial1_rep1_attempt0.csv,2,2,False,,,2,target_object_corrected,1,board_data_1,trial_number,73,207,134,harmonized_hand_active_board10,test,2,6,6,False,False,24,0.741665
2,3,1,2,0,1,2,[2.0],False,B3_trial1_rep2_attempt0.csv,/Users/arthu/Desktop/CTM_Res-Pro/data/reach_to_grasp_dataset/data/participant_2/motion/B3_trial1_rep2_attempt0.csv,2,2,False,,,2,target_object_corrected,1,board_data_1,trial_number,270,317,47,harmonized_hand_active_board10,test,2,6,6,False,False,25,0.77762616
2,3,1,3,0,1,2,[2.0],False,B3_trial1_rep3_attempt0.csv,/Users/arthu/Desktop/CTM_Res-Pro/data/reach_to_grasp_dataset/data/participant_2/motion/B3_trial1_rep3_attempt0.csv,2,2,False,,,2,target_object_corrected,1,board_data_1,trial_number,224,273,49,harmonized_hand_active_board10,test,2,3,3,False,False,25,0.74361014
2,3,2,0,1,1,1,[1.0],False,B3_trial2_rep0_attempt1.csv,/Users/arthu/Desktop/CTM_Res-Pro/data/reach_to_grasp_dataset/data/participant_2/motion/B3_trial2_rep0_attempt1.csv,1,1,True,1.0,B3_trial2_rep1_attempt0.csv,1,target_object_corrected,2,board_data_2,trial_number,64,273,209,harmonized_hand_active_board10,test,1,1,1,True,True,25,0.9975832
2,3,2,1,0,1,1,[1.0],False,B3_trial2_rep1_attempt0.csv,/Users/arthu/Desktop/CTM_Res-Pro/data/reach_to_grasp_dataset/data/participant_2/motion/B3_trial2_rep1_attempt0.csv,1,1,False,,,1,target_object_corrected,2,board_data_2,trial_number,226,275,49,harmonized_hand_active_board10,test,1,1,1,True,True,25,0.99598515
2,3,2,2,0,1,1,[1.0],False,B3_trial2_rep2_attempt0.csv,/Users/arthu/Desktop/CTM_Res-Pro/data/reach_to_grasp_dataset/data/participant_2/motion/B3_trial2_rep2_attempt0.csv,1,1,False,,,1,target_object_corrected,2,board_data_2,trial_number,227,280,53,harmonized_hand_active_board10,test,1,1,1,True,True,25,0.9984095
2,3,2,3,0,1,1,[1.0],False,B3_trial2_rep3_attempt0.csv,/Users/arthu/Desktop/CTM_Res-Pro/data/reach_to_grasp_dataset/data/participant_2/motion/B3_trial2_rep3_attempt0.csv,1,1,False,,,1,target_object_corrected,2,board_data_2,trial_number,291,349,58,harmonized_hand_active_board10,test,1,1,1,True,True,25,0.99906373
2,3,3,0,0,1,0,"[2.0, 0.0]",True,B3_trial3_rep0_attempt0.csv,/Users/arthu/Desktop/CTM_Res-Pro/data/reach_to_grasp_dataset/data/participant_2/motion/B3_trial3_rep0_attempt0.csv,0,0,True,1.0,B3_trial3_rep1_attempt0.csv,0,target_object_corrected,3,board_data_3,trial_number,245,334,89,harmonized_hand_active_board10,test,0,0,0,True,True,25,0.8550167
2,3,3,1,0,1,0,[0.0],False,B3_trial3_rep1_attempt0.csv,/Users/arthu/Desktop/CTM_Res-Pro/data/reach_to_grasp_dataset/data/participant_2/motion/B3_trial3_rep1_attempt0.csv,0,0,False,,,0,target_object_corrected,3,board_data_3,trial_number,246,284,38,harmonized_hand_active_board10,test,0,0,0,True,True,25,0.99913496
2,3,3,2,0,1,0,[0.0],False,B3_trial3_rep2_attempt0.csv,/Users/arthu/Desktop/CTM_Res-Pro/data/reach_to_grasp_dataset/data/participant_2/motion/B3_trial3_rep2_attempt0.csv,0,0,False,,,0,target_object_corrected,3,board_data_3,trial_number,229,266,37,harmonized_hand_active_board10,test,0,0,0,True,True,25,0.99801946
2,3,3,3,0,1,0,[0.0],False,B3_trial3_rep3_attempt0.csv,/Users/arthu/Desktop/CTM_Res-Pro/data/reach_to_grasp_dataset/data/participant_2/motion/B3_trial3_rep3_attempt0.csv,0,0,False,,,0,target_object_corrected,3,board_data_3,trial_number,245,294,49,harmonized_hand_active_board10,test,0,0,0,True,True,25,0.9992111
2,3,4,0,0,1,7,"[3.0, 7.0]",True,B3_trial4_rep0_attempt0.csv,/Users/arthu/Desktop/CTM_Res-Pro/data/reach_to_grasp_dataset/data/participant_2/motion/B3_trial4_rep0_attempt0.csv,7,7,True,1.0,B3_trial4_rep1_attempt0.csv,7,target_object_corrected,4,board_data_4,trial_number,213,269,56,harmonized_hand_active_board10,test,7,7,7,True,True,25,0.9845826
2,3,4,1,0,1,7,[7.0],False,B3_trial4_rep1_attempt0.csv,/Users/arthu/Desktop/CTM_Res-Pro/data/reach_to_grasp_dataset/data/participant_2/motion/B3_trial4_rep1_attempt0.csv,7,7,False,,,7,target_object_corrected,4,board_data_4,trial_number,213,258,45,harmonized_hand_active_board10,test,7,7,7,True,True,25,0.9982469
2,3,4,2,0,1,7,[7.0],False,B3_trial4_rep2_attempt0.csv,/Users/arthu/Desktop/CTM_Res-Pro/data/reach_to_grasp_dataset/data/participant_2/motion/B3_trial4_rep2_attempt0.csv,7,7,False,,,7,target_object_corrected,4,board_data_4,trial_number,208,264,56,harmonized_hand_active_board10,test,7,1,1,False,False,25,0.71459436
2,3,4,3,0,1,7,[7.0],False,B3_trial4_rep3_attempt0.csv,/Users/arthu/Desktop/CTM_Res-Pro/data/reach_to_grasp_dataset/data/participant_2/motion/B3_trial4_rep3_attempt0.csv,7,7,False,,,7,target_object_corrected,4,board_data_4,trial_number,462,535,73,harmonized_hand_active_board10,test,7,7,7,True,True,25,0.99868864
2,3,5,0,0,1,6,"[4.0, 6.0]",True,B3_trial5_rep0_attempt0.csv,/Users/arthu/Desktop/CTM_Res-Pro/data/reach_to_grasp_dataset/data/participant_2/motion/B3_trial5_rep0_attempt0.csv,6,6,True,1.0,B3_trial5_rep1_attempt0.csv,6,target_object_corrected,5,board_data_5,trial_number,238,319,81,harmonized_hand_active_board10,test,6,6,6,True,True,25,0.988074
2,3,5,1,0,1,6,[6.0],False,B3_trial5_rep1_attempt0.csv,/Users/arthu/Desktop/CTM_Res-Pro/data/reach_to_grasp_dataset/data/participant_2/motion/B3_trial5_rep1_attempt0.csv,6,6,False,,,6,target_object_corrected,5,board_data_5,trial_number,138,235,97,harmonized_hand_active_board10,test,6,6,6,True,True,25,0.9921173
2,3,5,2,0,1,6,[6.0],False,B3_trial5_rep2_attempt0.csv,/Users/arthu/Desktop/CTM_Res-Pro/data/reach_to_grasp_dataset/data/participant_2/motion/B3_trial5_rep2_attempt0.csv,6,6,False,,,6,target_object_corrected,5,board_data_5,trial_number,256,310,54,harmonized_hand_active_board10,test,6,6,6,True,True,25,0.991153
2,3,5,3,0,1,6,[6.0],False,B3_trial5_rep3_attempt0.csv,/Users/arthu/Desktop/CTM_Res-Pro/data/reach_to_grasp_dataset/data/participant_2/motion/B3_trial5_rep3_attempt0.csv,6,6,False,,,6,target_object_corrected,5,board_data_5,trial_number,246,307,61,harmonized_hand_active_board10,test,6,6,6,True,True,25,0.9877492
2,3,6,0,1,1,5,[5.0],False,B3_trial6_rep0_attempt1.csv,/Users/arthu/Desktop/CTM_Res-Pro/data/reach_to_grasp_dataset/data/participant_2/motion/B3_trial6_rep0_attempt1.csv,5,5,True,1.0,B3_trial6_rep1_attempt0.csv,5,target_object_corrected,6,board_data_6,trial_number,207,288,81,harmonized_hand_active_board10,test,5,5,5,True,True,25,0.99977344
2,3,6,1,0,1,5,[5.0],False,B3_trial6_rep1_attempt0.csv,/Users/arthu/Desktop/CTM_Res-Pro/data/reach_to_grasp_dataset/data/participant_2/motion/B3_trial6_rep1_attempt0.csv,5,5,False,,,5,target_object_corrected,6,board_data_6,trial_number,208,284,76,harmonized_hand_active_board10,test,5,5,5,True,True,25,0.99911815
2,3,6,2,0,1,5,[5.0],False,B3_trial6_rep2_attempt0.csv,/Users/arthu/Desktop/CTM_Res-Pro/data/reach_to_grasp_dataset/data/participant_2/motion/B3_trial6_rep2_attempt0.csv,5,5,False,,,5,target_object_corrected,6,board_data_6,trial_number,251,322,71,harmonized_hand_active_board10,test,5,5,5,True,True,25,0.99984366
2,3,6,3,0,1,5,[5.0],False,B3_trial6_rep3_attempt0.csv,/Users/arthu/Desktop/CTM_Res-Pro/data/reach_to_grasp_dataset/data/participant_2/motion/B3_trial6_rep3_attempt0.csv,5,5,False,,,5,target_object_corrected,6,board_data_6,trial_number,226,294,68,harmonized_hand_active_board10,test,5,5,5,True,True,25,0.99981976
2,3,7,0,1,1,4,[4.0],False,B3_trial7_rep0_attempt1.csv,/Users/arthu/Desktop/CTM_Res-Pro/data/reach_to_grasp_dataset/data/participant_2/motion/B3_trial7_rep0_attempt1.csv,4,4,True,1.0,B3_trial7_rep1_attempt0.csv,4,target_object_corrected,7,board_data_7,trial_number,76,333,257,harmonized_hand_active_board10,test,4,0,0,False,False,25,0.9760886
2,3,7,1,0,1,4,[4.0],False,B3_trial7_rep1_attempt0.csv,/Users/arthu/Desktop/CTM_Res-Pro/data/reach_to_grasp_dataset/data/participant_2/motion/B3_trial7_rep1_attempt0.csv,4,4,False,,,4,target_object_corrected,7,board_data_7,trial_number,243,313,70,harmonized_hand_active_board10,test,4,4,4,True,True,25,0.99773693
2,3,7,2,0,1,4,[4.0],False,B3_trial7_rep2_attempt0.csv,/Users/arthu/Desktop/CTM_Res-Pro/data/reach_to_grasp_dataset/data/participant_2/motion/B3_trial7_rep2_attempt0.csv,4,4,False,,,4,target_object_corrected,7,board_data_7,trial_number,262,328,66,harmonized_hand_active_board10,test,4,4,4,True,True,25,0.9837436
2,3,7,3,0,1,4,[4.0],False,B3_trial7_rep3_attempt0.csv,/Users/arthu/Desktop/CTM_Res-Pro/data/reach_to_grasp_dataset/data/participant_2/motion/B3_trial7_rep3_attempt0.csv,4,4,False,,,4,target_object_corrected,7,board_data_7,trial_number,260,343,83,harmonized_hand_active_board10,test,4,4,4,True,True,25,0.9979883
2,4,0,0,0,1,4,"[7.0, 4.0]",True,B4_trial0_rep0_attempt0.csv,/Users/arthu/Desktop/CTM_Res-Pro/data/reach_to_grasp_dataset/data/participant_2/motion/B4_trial0_rep0_attempt0.csv,4,4,True,1.0,B4_trial0_rep1_attempt0.csv,4,target_object_corrected,0,board_data_0,trial_number,232,289,57,harmonized_hand_active_board10,test,4,4,4,True,True,25,0.9993838
2,4,0,1,0,1,4,[4.0],False,B4_trial0_rep1_attempt0.csv,/Users/arthu/Desktop/CTM_Res-Pro/data/reach_to_grasp_dataset/data/participant_2/motion/B4_trial0_rep1_attempt0.csv,4,4,False,,,4,target_object_corrected,0,board_data_0,trial_number,225,280,55,harmonized_hand_active_board10,test,4,4,4,True,True,25,0.9989894
2,4,0,2,0,1,4,[4.0],False,B4_trial0_rep2_attempt0.csv,/Users/arthu/Desktop/CTM_Res-Pro/data/reach_to_grasp_dataset/data/participant_2/motion/B4_trial0_rep2_attempt0.csv,4,4,False,,,4,target_object_corrected,0,board_data_0,trial_number,240,309,69,harmonized_hand_active_board10,test,4,4,4,True,True,25,0.9975249
2,4,0,3,0,1,4,[4.0],False,B4_trial0_rep3_attempt0.csv,/Users/arthu/Desktop/CTM_Res-Pro/data/reach_to_grasp_dataset/data/participant_2/motion/B4_trial0_rep3_attempt0.csv,4,4,False,,,4,target_object_corrected,0,board_data_0,trial_number,215,271,56,harmonized_hand_active_board10,test,4,4,4,True,True,25,0.9997089
2,4,1,0,0,1,5,"[0.0, 5.0]",True,B4_trial1_rep0_attempt0.csv,/Users/arthu/Desktop/CTM_Res-Pro/data/reach_to_grasp_dataset/data/participant_2/motion/B4_trial1_rep0_attempt0.csv,5,5,True,1.0,B4_trial1_rep1_attempt0.csv,5,target_object_corrected,1,board_data_1,trial_number,208,266,58,harmonized_hand_active_board10,test,5,5,5,True,True,25,0.9998096
2,4,1,1,0,1,5,[5.0],False,B4_trial1_rep1_attempt0.csv,/Users/arthu/Desktop/CTM_Res-Pro/data/reach_to_grasp_dataset/data/participant_2/motion/B4_trial1_rep1_attempt0.csv,5,5,False,,,5,target_object_corrected,1,board_data_1,trial_number,226,290,64,harmonized_hand_active_board10,test,5,5,5,True,True,25,0.9995948
2,4,1,2,0,1,5,[5.0],False,B4_trial1_rep2_attempt0.csv,/Users/arthu/Desktop/CTM_Res-Pro/data/reach_to_grasp_dataset/data/participant_2/motion/B4_trial1_rep2_attempt0.csv,5,5,False,,,5,target_object_corrected,1,board_data_1,trial_number,381,465,84,harmonized_hand_active_board10,test,5,5,5,True,True,25,0.9465599
2,4,1,3,0,1,5,[5.0],False,B4_trial1_rep3_attempt0.csv,/Users/arthu/Desktop/CTM_Res-Pro/data/reach_to_grasp_dataset/data/participant_2/motion/B4_trial1_rep3_attempt0.csv,5,5,False,,,5,target_object_corrected,1,board_data_1,trial_number,215,283,68,harmonized_hand_active_board10,test,5,5,5,True,True,25,0.99982154
2,4,2,0,0,1,6,"[1.0, 6.0]",True,B4_trial2_rep0_attempt0.csv,/Users/arthu/Desktop/CTM_Res-Pro/data/reach_to_grasp_dataset/data/participant_2/motion/B4_trial2_rep0_attempt0.csv,6,6,True,1.0,B4_trial2_rep1_attempt0.csv,6,target_object_corrected,2,board_data_2,trial_number,291,352,61,harmonized_hand_active_board10,test,6,6,6,True,True,25,0.9996567
2,4,2,1,0,1,6,[6.0],False,B4_trial2_rep1_attempt0.csv,/Users/arthu/Desktop/CTM_Res-Pro/data/reach_to_grasp_dataset/data/participant_2/motion/B4_trial2_rep1_attempt0.csv,6,6,False,,,6,target_object_corrected,2,board_data_2,trial_number,309,366,57,harmonized_hand_active_board10,test,6,2,2,False,False,18,0.7644547
2,4,2,2,0,1,6,[6.0],False,B4_trial2_rep2_attempt0.csv,/Users/arthu/Desktop/CTM_Res-Pro/data/reach_to_grasp_dataset/data/participant_2/motion/B4_trial2_rep2_attempt0.csv,6,6,False,,,6,target_object_corrected,2,board_data_2,trial_number,338,382,44,harmonized_hand_active_board10,test,6,2,2,False,False,25,0.5684234
2,4,2,3,0,1,6,[6.0],False,B4_trial2_rep3_attempt0.csv,/Users/arthu/Desktop/CTM_Res-Pro/data/reach_to_grasp_dataset/data/participant_2/motion/B4_trial2_rep3_attempt0.csv,6,6,False,,,6,target_object_corrected,2,board_data_2,trial_number,285,364,79,harmonized_hand_active_board10,test,6,6,6,True,True,25,0.80279934
2,4,3,0,0,1,7,"[2.0, 7.0]",True,B4_trial3_rep0_attempt0.csv,/Users/arthu/Desktop/CTM_Res-Pro/data/reach_to_grasp_dataset/data/participant_2/motion/B4_trial3_rep0_attempt0.csv,7,7,True,1.0,B4_trial3_rep1_attempt0.csv,7,target_object_corrected,3,board_data_3,trial_number,277,300,23,harmonized_hand_active_board10,test,7,7,7,True,True,25,0.90475327
2,4,3,1,0,1,7,[7.0],False,B4_trial3_rep1_attempt0.csv,/Users/arthu/Desktop/CTM_Res-Pro/data/reach_to_grasp_dataset/data/participant_2/motion/B4_trial3_rep1_attempt0.csv,7,7,False,,,7,target_object_corrected,3,board_data_3,trial_number,262,266,4,harmonized_hand_active_board10,test,7,7,7,True,True,25,0.92802536
2,4,3,2,0,1,7,[7.0],False,B4_trial3_rep2_attempt0.csv,/Users/arthu/Desktop/CTM_Res-Pro/data/reach_to_grasp_dataset/data/participant_2/motion/B4_trial3_rep2_attempt0.csv,7,7,False,,,7,target_object_corrected,3,board_data_3,trial_number,232,273,41,harmonized_hand_active_board10,test,7,7,7,True,True,25,0.9958988
2,4,3,3,0,1,7,[7.0],False,B4_trial3_rep3_attempt0.csv,/Users/arthu/Desktop/CTM_Res-Pro/data/reach_to_grasp_dataset/data/participant_2/motion/B4_trial3_rep3_attempt0.csv,7,7,False,,,7,target_object_corrected,3,board_data_3,trial_number,305,352,47,harmonized_hand_active_board10,test,7,7,7,True,True,20,0.745733
2,4,4,0,1,1,0,[0.0],False,B4_trial4_rep0_attempt1.csv,/Users/arthu/Desktop/CTM_Res-Pro/data/reach_to_grasp_dataset/data/participant_2/motion/B4_trial4_rep0_attempt1.csv,0,0,True,1.0,B4_trial4_rep1_attempt0.csv,0,target_object_corrected,4,board_data_4,trial_number,209,260,51,harmonized_hand_active_board10,test,0,0,0,True,True,25,0.99673927
2,4,4,1,0,1,0,[0.0],False,B4_trial4_rep1_attempt0.csv,/Users/arthu/Desktop/CTM_Res-Pro/data/reach_to_grasp_dataset/data/participant_2/motion/B4_trial4_rep1_attempt0.csv,0,0,False,,,0,target_object_corrected,4,board_data_4,trial_number,275,322,47,harmonized_hand_active_board10,test,0,0,0,True,True,25,0.99362385
2,4,4,2,0,1,0,[0.0],False,B4_trial4_rep2_attempt0.csv,/Users/arthu/Desktop/CTM_Res-Pro/data/reach_to_grasp_dataset/data/participant_2/motion/B4_trial4_rep2_attempt0.csv,0,0,False,,,0,target_object_corrected,4,board_data_4,trial_number,224,271,47,harmonized_hand_active_board10,test,0,0,0,True,True,25,0.99918157
2,4,4,3,0,1,0,[0.0],False,B4_trial4_rep3_attempt0.csv,/Users/arthu/Desktop/CTM_Res-Pro/data/reach_to_grasp_dataset/data/participant_2/motion/B4_trial4_rep3_attempt0.csv,0,0,False,,,0,target_object_corrected,4,board_data_4,trial_number,308,358,50,harmonized_hand_active_board10,test,0,0,0,True,True,25,0.9976174
2,4,5,0,0,1,1,"[4.0, 1.0]",True,B4_trial5_rep0_attempt0.csv,/Users/arthu/Desktop/CTM_Res-Pro/data/reach_to_grasp_dataset/data/participant_2/motion/B4_trial5_rep0_attempt0.csv,1,1,True,1.0,B4_trial5_rep1_attempt0.csv,1,target_object_corrected,5,board_data_5,trial_number,228,289,61,harmonized_hand_active_board10,test,1,1,1,True,True,25,0.9993962
2,4,5,1,0,1,1,[1.0],False,B4_trial5_rep1_attempt0.csv,/Users/arthu/Desktop/CTM_Res-Pro/data/reach_to_grasp_dataset/data/participant_2/motion/B4_trial5_rep1_attempt0.csv,1,1,False,,,1,target_object_corrected,5,board_data_5,trial_number,245,300,55,harmonized_hand_active_board10,test,1,1,1,True,True,25,0.99907535
2,4,5,2,0,1,1,[1.0],False,B4_trial5_rep2_attempt0.csv,/Users/arthu/Desktop/CTM_Res-Pro/data/reach_to_grasp_dataset/data/participant_2/motion/B4_trial5_rep2_attempt0.csv,1,1,False,,,1,target_object_corrected,5,board_data_5,trial_number,241,314,73,harmonized_hand_active_board10,test,1,1,1,True,True,25,0.9997704
2,4,5,3,0,1,1,[1.0],False,B4_trial5_rep3_attempt0.csv,/Users/arthu/Desktop/CTM_Res-Pro/data/reach_to_grasp_dataset/data/participant_2/motion/B4_trial5_rep3_attempt0.csv,1,1,False,,,1,target_object_corrected,5,board_data_5,trial_number,76,209,133,harmonized_hand_active_board10,test,1,1,1,True,True,25,0.99976933
2,4,6,0,0,1,2,"[5.0, 2.0]",True,B4_trial6_rep0_attempt0.csv,/Users/arthu/Desktop/CTM_Res-Pro/data/reach_to_grasp_dataset/data/participant_2/motion/B4_trial6_rep0_attempt0.csv,2,2,True,1.0,B4_trial6_rep1_attempt0.csv,2,target_object_corrected,6,board_data_6,trial_number,222,285,63,harmonized_hand_active_board10,test,2,6,6,False,False,25,0.9800225
2,4,6,1,0,1,2,[2.0],False,B4_trial6_rep1_attempt0.csv,/Users/arthu/Desktop/CTM_Res-Pro/data/reach_to_grasp_dataset/data/participant_2/motion/B4_trial6_rep1_attempt0.csv,2,2,False,,,2,target_object_corrected,6,board_data_6,trial_number,262,336,74,harmonized_hand_active_board10,test,2,6,6,False,False,25,0.7460344
2,4,6,2,0,1,2,[2.0],False,B4_trial6_rep2_attempt0.csv,/Users/arthu/Desktop/CTM_Res-Pro/data/reach_to_grasp_dataset/data/participant_2/motion/B4_trial6_rep2_attempt0.csv,2,2,False,,,2,target_object_corrected,6,board_data_6,trial_number,409,459,50,harmonized_hand_active_board10,test,2,6,6,False,False,25,0.8147465
2,4,6,3,0,1,2,[2.0],False,B4_trial6_rep3_attempt0.csv,/Users/arthu/Desktop/CTM_Res-Pro/data/reach_to_grasp_dataset/data/participant_2/motion/B4_trial6_rep3_attempt0.csv,2,2,False,,,2,target_object_corrected,6,board_data_6,trial_number,416,465,49,harmonized_hand_active_board10,test,2,6,6,False,False,25,0.9603397
2,4,7,0,0,1,3,"[6.0, 3.0]",True,B4_trial7_rep0_attempt0.csv,/Users/arthu/Desktop/CTM_Res-Pro/data/reach_to_grasp_dataset/data/participant_2/motion/B4_trial7_rep0_attempt0.csv,3,3,True,1.0,B4_trial7_rep1_attempt0.csv,3,target_object_corrected,7,board_data_7,trial_number,204,255,51,harmonized_hand_active_board10,test,3,3,3,True,True,25,0.99592894
2,4,7,1,0,1,3,[3.0],False,B4_trial7_rep1_attempt0.csv,/Users/arthu/Desktop/CTM_Res-Pro/data/reach_to_grasp_dataset/data/participant_2/motion/B4_trial7_rep1_attempt0.csv,3,3,False,,,3,target_object_corrected,7,board_data_7,trial_number,213,260,47,harmonized_hand_active_board10,test,3,3,3,True,True,25,0.97999555
2,4,7,2,0,1,3,[3.0],False,B4_trial7_rep2_attempt0.csv,/Users/arthu/Desktop/CTM_Res-Pro/data/reach_to_grasp_dataset/data/participant_2/motion/B4_trial7_rep2_attempt0.csv,3,3,False,,,3,target_object_corrected,7,board_data_7,trial_number,217,272,55,harmonized_hand_active_board10,test,3,3,3,True,True,25,0.99454945
2,4,7,3,0,1,3,[3.0],False,B4_trial7_rep3_attempt0.csv,/Users/arthu/Desktop/CTM_Res-Pro/data/reach_to_grasp_dataset/data/participant_2/motion/B4_trial7_rep3_attempt0.csv,3,3,False,,,3,target_object_corrected,7,board_data_7,trial_number,217,291,74,harmonized_hand_active_board10,test,3,3,3,True,True,25,0.9301435
3,1,0,0,0,1,0,[0.0],False,B1_trial0_rep0_attempt0.csv,/Users/arthu/Desktop/CTM_Res-Pro/data/reach_to_grasp_dataset/data/participant_3/motion/B1_trial0_rep0_attempt0.csv,0,0,True,1.0,B1_trial0_rep1_attempt0.csv,0,target_object_corrected,0,board_data_0,trial_number,226,282,56,harmonized_hand_active_board10,test,0,0,0,True,True,25,0.99819356
3,1,0,1,0,1,0,[0.0],False,B1_trial0_rep1_attempt0.csv,/Users/arthu/Desktop/CTM_Res-Pro/data/reach_to_grasp_dataset/data/participant_3/motion/B1_trial0_rep1_attempt0.csv,0,0,False,,,0,target_object_corrected,0,board_data_0,trial_number,229,287,58,harmonized_hand_active_board10,test,0,1,1,False,False,21,0.84651005
3,1,0,2,0,1,0,[0.0],False,B1_trial0_rep2_attempt0.csv,/Users/arthu/Desktop/CTM_Res-Pro/data/reach_to_grasp_dataset/data/participant_3/motion/B1_trial0_rep2_attempt0.csv,0,0,False,,,0,target_object_corrected,0,board_data_0,trial_number,243,304,61,harmonized_hand_active_board10,test,0,0,0,True,True,25,0.99948
3,1,0,3,0,1,0,[0.0],False,B1_trial0_rep3_attempt0.csv,/Users/arthu/Desktop/CTM_Res-Pro/data/reach_to_grasp_dataset/data/participant_3/motion/B1_trial0_rep3_attempt0.csv,0,0,False,,,0,target_object_corrected,0,board_data_0,trial_number,230,283,53,harmonized_hand_active_board10,test,0,0,0,True,True,25,0.99935544
3,1,1,0,0,1,1,"[0.0, 1.0]",True,B1_trial1_rep0_attempt0.csv,/Users/arthu/Desktop/CTM_Res-Pro/data/reach_to_grasp_dataset/data/participant_3/motion/B1_trial1_rep0_attempt0.csv,1,1,True,1.0,B1_trial1_rep1_attempt0.csv,1,target_object_corrected,1,board_data_1,trial_number,225,260,35,harmonized_hand_active_board10,test,1,1,1,True,True,25,0.999077
3,1,1,1,0,1,1,[1.0],False,B1_trial1_rep1_attempt0.csv,/Users/arthu/Desktop/CTM_Res-Pro/data/reach_to_grasp_dataset/data/participant_3/motion/B1_trial1_rep1_attempt0.csv,1,1,False,,,1,target_object_corrected,1,board_data_1,trial_number,226,285,59,harmonized_hand_active_board10,test,1,1,1,True,True,25,0.99923515
3,1,1,2,0,1,1,[1.0],False,B1_trial1_rep2_attempt0.csv,/Users/arthu/Desktop/CTM_Res-Pro/data/reach_to_grasp_dataset/data/participant_3/motion/B1_trial1_rep2_attempt0.csv,1,1,False,,,1,target_object_corrected,1,board_data_1,trial_number,254,314,60,harmonized_hand_active_board10,test,1,1,1,True,True,25,0.99937123
3,1,1,3,0,1,1,[1.0],False,B1_trial1_rep3_attempt0.csv,/Users/arthu/Desktop/CTM_Res-Pro/data/reach_to_grasp_dataset/data/participant_3/motion/B1_trial1_rep3_attempt0.csv,1,1,False,,,1,target_object_corrected,1,board_data_1,trial_number,223,282,59,harmonized_hand_active_board10,test,1,1,1,True,True,25,0.99935704
3,1,2,0,0,1,2,"[1.0, 2.0]",True,B1_trial2_rep0_attempt0.csv,/Users/arthu/Desktop/CTM_Res-Pro/data/reach_to_grasp_dataset/data/participant_3/motion/B1_trial2_rep0_attempt0.csv,2,2,True,1.0,B1_trial2_rep1_attempt0.csv,2,target_object_corrected,2,board_data_2,trial_number,212,267,55,harmonized_hand_active_board10,test,2,2,2,True,True,25,0.9995988
3,1,2,1,0,1,2,[2.0],False,B1_trial2_rep1_attempt0.csv,/Users/arthu/Desktop/CTM_Res-Pro/data/reach_to_grasp_dataset/data/participant_3/motion/B1_trial2_rep1_attempt0.csv,2,2,False,,,2,target_object_corrected,2,board_data_2,trial_number,223,275,52,harmonized_hand_active_board10,test,2,2,2,True,True,25,0.98893803
3,1,2,2,0,1,2,[2.0],False,B1_trial2_rep2_attempt0.csv,/Users/arthu/Desktop/CTM_Res-Pro/data/reach_to_grasp_dataset/data/participant_3/motion/B1_trial2_rep2_attempt0.csv,2,2,False,,,2,target_object_corrected,2,board_data_2,trial_number,232,281,49,harmonized_hand_active_board10,test,2,2,2,True,True,25,0.9900221
3,1,2,3,0,1,2,[2.0],False,B1_trial2_rep3_attempt0.csv,/Users/arthu/Desktop/CTM_Res-Pro/data/reach_to_grasp_dataset/data/participant_3/motion/B1_trial2_rep3_attempt0.csv,2,2,False,,,2,target_object_corrected,2,board_data_2,trial_number,218,275,57,harmonized_hand_active_board10,test,2,2,2,True,True,25,0.99592423
3,1,3,0,0,1,3,"[2.0, 3.0]",True,B1_trial3_rep0_attempt0.csv,/Users/arthu/Desktop/CTM_Res-Pro/data/reach_to_grasp_dataset/data/participant_3/motion/B1_trial3_rep0_attempt0.csv,3,3,True,1.0,B1_trial3_rep1_attempt0.csv,3,target_object_corrected,3,board_data_3,trial_number,221,276,55,harmonized_hand_active_board10,test,3,3,3,True,True,25,0.9976349
3,1,3,1,0,1,3,[3.0],False,B1_trial3_rep1_attempt0.csv,/Users/arthu/Desktop/CTM_Res-Pro/data/reach_to_grasp_dataset/data/participant_3/motion/B1_trial3_rep1_attempt0.csv,3,3,False,,,3,target_object_corrected,3,board_data_3,trial_number,227,295,68,harmonized_hand_active_board10,test,3,3,3,True,True,25,0.9814018
3,1,3,2,0,1,3,[3.0],False,B1_trial3_rep2_attempt0.csv,/Users/arthu/Desktop/CTM_Res-Pro/data/reach_to_grasp_dataset/data/participant_3/motion/B1_trial3_rep2_attempt0.csv,3,3,False,,,3,target_object_corrected,3,board_data_3,trial_number,225,288,63,harmonized_hand_active_board10,test,3,3,3,True,True,25,0.64876175
3,1,3,3,0,1,3,[3.0],False,B1_trial3_rep3_attempt0.csv,/Users/arthu/Desktop/CTM_Res-Pro/data/reach_to_grasp_dataset/data/participant_3/motion/B1_trial3_rep3_attempt0.csv,3,3,False,,,3,target_object_corrected,3,board_data_3,trial_number,232,290,58,harmonized_hand_active_board10,test,3,3,3,True,True,25,0.98936594
3,1,4,0,0,1,4,"[3.0, 4.0]",True,B1_trial4_rep0_attempt0.csv,/Users/arthu/Desktop/CTM_Res-Pro/data/reach_to_grasp_dataset/data/participant_3/motion/B1_trial4_rep0_attempt0.csv,4,4,True,1.0,B1_trial4_rep1_attempt0.csv,4,target_object_corrected,4,board_data_4,trial_number,232,289,57,harmonized_hand_active_board10,test,4,4,4,True,True,25,0.9878386
3,1,4,1,0,1,4,[4.0],False,B1_trial4_rep1_attempt0.csv,/Users/arthu/Desktop/CTM_Res-Pro/data/reach_to_grasp_dataset/data/participant_3/motion/B1_trial4_rep1_attempt0.csv,4,4,False,,,4,target_object_corrected,4,board_data_4,trial_number,230,296,66,harmonized_hand_active_board10,test,4,4,4,True,True,25,0.9291695
3,1,4,2,0,1,4,[4.0],False,B1_trial4_rep2_attempt0.csv,/Users/arthu/Desktop/CTM_Res-Pro/data/reach_to_grasp_dataset/data/participant_3/motion/B1_trial4_rep2_attempt0.csv,4,4,False,,,4,target_object_corrected,4,board_data_4,trial_number,224,258,34,harmonized_hand_active_board10,test,4,1,1,False,False,25,0.70050764
3,1,4,3,0,1,4,[4.0],False,B1_trial4_rep3_attempt0.csv,/Users/arthu/Desktop/CTM_Res-Pro/data/reach_to_grasp_dataset/data/participant_3/motion/B1_trial4_rep3_attempt0.csv,4,4,False,,,4,target_object_corrected,4,board_data_4,trial_number,245,293,48,harmonized_hand_active_board10,test,4,4,4,True,True,25,0.8019164
3,1,5,0,0,1,5,"[4.0, 5.0]",True,B1_trial5_rep0_attempt0.csv,/Users/arthu/Desktop/CTM_Res-Pro/data/reach_to_grasp_dataset/data/participant_3/motion/B1_trial5_rep0_attempt0.csv,5,5,True,1.0,B1_trial5_rep1_attempt0.csv,5,target_object_corrected,5,board_data_5,trial_number,221,294,73,harmonized_hand_active_board10,test,5,5,5,True,True,25,0.9997101
3,1,5,1,0,1,5,[5.0],False,B1_trial5_rep1_attempt0.csv,/Users/arthu/Desktop/CTM_Res-Pro/data/reach_to_grasp_dataset/data/participant_3/motion/B1_trial5_rep1_attempt0.csv,5,5,False,,,5,target_object_corrected,5,board_data_5,trial_number,224,292,68,harmonized_hand_active_board10,test,5,5,5,True,True,25,0.9996317
3,1,5,2,0,1,5,[5.0],False,B1_trial5_rep2_attempt0.csv,/Users/arthu/Desktop/CTM_Res-Pro/data/reach_to_grasp_dataset/data/participant_3/motion/B1_trial5_rep2_attempt0.csv,5,5,False,,,5,target_object_corrected,5,board_data_5,trial_number,226,302,76,harmonized_hand_active_board10,test,5,5,5,True,True,25,0.9997884
3,1,5,3,0,1,5,[5.0],False,B1_trial5_rep3_attempt0.csv,/Users/arthu/Desktop/CTM_Res-Pro/data/reach_to_grasp_dataset/data/participant_3/motion/B1_trial5_rep3_attempt0.csv,5,5,False,,,5,target_object_corrected,5,board_data_5,trial_number,221,293,72,harmonized_hand_active_board10,test,5,5,5,True,True,25,0.99912447
3,1,6,0,0,1,6,"[5.0, 6.0]",True,B1_trial6_rep0_attempt0.csv,/Users/arthu/Desktop/CTM_Res-Pro/data/reach_to_grasp_dataset/data/participant_3/motion/B1_trial6_rep0_attempt0.csv,6,6,True,1.0,B1_trial6_rep1_attempt0.csv,6,target_object_corrected,6,board_data_6,trial_number,215,304,89,harmonized_hand_active_board10,test,6,7,7,False,False,25,0.9208722
3,1,6,1,0,1,6,[6.0],False,B1_trial6_rep1_attempt0.csv,/Users/arthu/Desktop/CTM_Res-Pro/data/reach_to_grasp_dataset/data/participant_3/motion/B1_trial6_rep1_attempt0.csv,6,6,False,,,6,target_object_corrected,6,board_data_6,trial_number,230,275,45,harmonized_hand_active_board10,test,6,7,7,False,False,25,0.6994778
3,1,6,2,0,1,6,[6.0],False,B1_trial6_rep2_attempt0.csv,/Users/arthu/Desktop/CTM_Res-Pro/data/reach_to_grasp_dataset/data/participant_3/motion/B1_trial6_rep2_attempt0.csv,6,6,False,,,6,target_object_corrected,6,board_data_6,trial_number,233,291,58,harmonized_hand_active_board10,test,6,7,7,False,False,24,0.8428951
3,1,6,3,0,1,6,[6.0],False,B1_trial6_rep3_attempt0.csv,/Users/arthu/Desktop/CTM_Res-Pro/data/reach_to_grasp_dataset/data/participant_3/motion/B1_trial6_rep3_attempt0.csv,6,6,False,,,6,target_object_corrected,6,board_data_6,trial_number,231,303,72,harmonized_hand_active_board10,test,6,7,7,False,False,25,0.9178279
3,1,7,0,0,1,7,"[6.0, 7.0]",True,B1_trial7_rep0_attempt0.csv,/Users/arthu/Desktop/CTM_Res-Pro/data/reach_to_grasp_dataset/data/participant_3/motion/B1_trial7_rep0_attempt0.csv,7,7,True,1.0,B1_trial7_rep1_attempt0.csv,7,target_object_corrected,7,board_data_7,trial_number,224,290,66,harmonized_hand_active_board10,test,7,7,7,True,True,25,0.9999074
3,1,7,1,0,1,7,[7.0],False,B1_trial7_rep1_attempt0.csv,/Users/arthu/Desktop/CTM_Res-Pro/data/reach_to_grasp_dataset/data/participant_3/motion/B1_trial7_rep1_attempt0.csv,7,7,False,,,7,target_object_corrected,7,board_data_7,trial_number,220,289,69,harmonized_hand_active_board10,test,7,7,7,True,True,25,0.9988278
3,1,7,2,0,1,7,[7.0],False,B1_trial7_rep2_attempt0.csv,/Users/arthu/Desktop/CTM_Res-Pro/data/reach_to_grasp_dataset/data/participant_3/motion/B1_trial7_rep2_attempt0.csv,7,7,False,,,7,target_object_corrected,7,board_data_7,trial_number,239,310,71,harmonized_hand_active_board10,test,7,7,7,True,True,25,0.9991841
3,1,7,3,0,1,7,[7.0],False,B1_trial7_rep3_attempt0.csv,/Users/arthu/Desktop/CTM_Res-Pro/data/reach_to_grasp_dataset/data/participant_3/motion/B1_trial7_rep3_attempt0.csv,7,7,False,,,7,target_object_corrected,7,board_data_7,trial_number,214,258,44,harmonized_hand_active_board10,test,7,7,7,True,True,25,0.9998705
3,2,0,0,0,1,7,[7.0],False,B2_trial0_rep0_attempt0.csv,/Users/arthu/Desktop/CTM_Res-Pro/data/reach_to_grasp_dataset/data/participant_3/motion/B2_trial0_rep0_attempt0.csv,7,7,True,1.0,B2_trial0_rep1_attempt0.csv,7,target_object_corrected,0,board_data_0,trial_number,210,271,61,harmonized_hand_active_board10,test,7,7,7,True,True,25,0.99764234
3,2,0,1,0,1,7,[7.0],False,B2_trial0_rep1_attempt0.csv,/Users/arthu/Desktop/CTM_Res-Pro/data/reach_to_grasp_dataset/data/participant_3/motion/B2_trial0_rep1_attempt0.csv,7,7,False,,,7,target_object_corrected,0,board_data_0,trial_number,230,281,51,harmonized_hand_active_board10,test,7,7,7,True,True,25,0.99963623
3,2,0,2,0,1,7,[7.0],False,B2_trial0_rep2_attempt0.csv,/Users/arthu/Desktop/CTM_Res-Pro/data/reach_to_grasp_dataset/data/participant_3/motion/B2_trial0_rep2_attempt0.csv,7,7,False,,,7,target_object_corrected,0,board_data_0,trial_number,229,277,48,harmonized_hand_active_board10,test,7,7,7,True,True,25,0.96720755
3,2,0,3,0,1,7,[7.0],False,B2_trial0_rep3_attempt0.csv,/Users/arthu/Desktop/CTM_Res-Pro/data/reach_to_grasp_dataset/data/participant_3/motion/B2_trial0_rep3_attempt0.csv,7,7,False,,,7,target_object_corrected,0,board_data_0,trial_number,241,284,43,harmonized_hand_active_board10,test,7,7,7,True,True,25,0.9861183
3,2,1,0,0,1,6,"[0.0, 6.0]",True,B2_trial1_rep0_attempt0.csv,/Users/arthu/Desktop/CTM_Res-Pro/data/reach_to_grasp_dataset/data/participant_3/motion/B2_trial1_rep0_attempt0.csv,6,6,True,1.0,B2_trial1_rep1_attempt0.csv,6,target_object_corrected,1,board_data_1,trial_number,224,293,69,harmonized_hand_active_board10,test,6,6,6,True,True,25,0.8735193
3,2,1,1,0,1,6,[6.0],False,B2_trial1_rep1_attempt0.csv,/Users/arthu/Desktop/CTM_Res-Pro/data/reach_to_grasp_dataset/data/participant_3/motion/B2_trial1_rep1_attempt0.csv,6,6,False,,,6,target_object_corrected,1,board_data_1,trial_number,232,239,7,harmonized_hand_active_board10,test,6,0,0,False,False,25,0.6800722
3,2,1,2,0,1,6,[6.0],False,B2_trial1_rep2_attempt0.csv,/Users/arthu/Desktop/CTM_Res-Pro/data/reach_to_grasp_dataset/data/participant_3/motion/B2_trial1_rep2_attempt0.csv,6,6,False,,,6,target_object_corrected,1,board_data_1,trial_number,226,310,84,harmonized_hand_active_board10,test,6,7,7,False,False,25,0.4388101
3,2,1,3,0,1,6,[6.0],False,B2_trial1_rep3_attempt0.csv,/Users/arthu/Desktop/CTM_Res-Pro/data/reach_to_grasp_dataset/data/participant_3/motion/B2_trial1_rep3_attempt0.csv,6,6,False,,,6,target_object_corrected,1,board_data_1,trial_number,240,298,58,harmonized_hand_active_board10,test,6,7,7,False,False,25,0.844806
3,2,2,0,0,1,5,"[1.0, 5.0]",True,B2_trial2_rep0_attempt0.csv,/Users/arthu/Desktop/CTM_Res-Pro/data/reach_to_grasp_dataset/data/participant_3/motion/B2_trial2_rep0_attempt0.csv,5,5,True,1.0,B2_trial2_rep1_attempt0.csv,5,target_object_corrected,2,board_data_2,trial_number,241,299,58,harmonized_hand_active_board10,test,5,5,5,True,True,25,0.9994871
3,2,2,1,0,1,5,[5.0],False,B2_trial2_rep1_attempt0.csv,/Users/arthu/Desktop/CTM_Res-Pro/data/reach_to_grasp_dataset/data/participant_3/motion/B2_trial2_rep1_attempt0.csv,5,5,False,,,5,target_object_corrected,2,board_data_2,trial_number,243,304,61,harmonized_hand_active_board10,test,5,5,5,True,True,25,0.9998011
3,2,2,2,0,1,5,[5.0],False,B2_trial2_rep2_attempt0.csv,/Users/arthu/Desktop/CTM_Res-Pro/data/reach_to_grasp_dataset/data/participant_3/motion/B2_trial2_rep2_attempt0.csv,5,5,False,,,5,target_object_corrected,2,board_data_2,trial_number,225,285,60,harmonized_hand_active_board10,test,5,5,5,True,True,25,0.99979645
3,2,2,3,0,1,5,[5.0],False,B2_trial2_rep3_attempt0.csv,/Users/arthu/Desktop/CTM_Res-Pro/data/reach_to_grasp_dataset/data/participant_3/motion/B2_trial2_rep3_attempt0.csv,5,5,False,,,5,target_object_corrected,2,board_data_2,trial_number,209,268,59,harmonized_hand_active_board10,test,5,5,5,True,True,25,0.99966097
3,2,3,0,0,1,4,"[2.0, 4.0]",True,B2_trial3_rep0_attempt0.csv,/Users/arthu/Desktop/CTM_Res-Pro/data/reach_to_grasp_dataset/data/participant_3/motion/B2_trial3_rep0_attempt0.csv,4,4,True,1.0,B2_trial3_rep1_attempt0.csv,4,target_object_corrected,3,board_data_3,trial_number,294,296,2,harmonized_hand_active_board10,test,4,4,4,True,True,25,0.9994565
3,2,3,1,0,1,4,[4.0],False,B2_trial3_rep1_attempt0.csv,/Users/arthu/Desktop/CTM_Res-Pro/data/reach_to_grasp_dataset/data/participant_3/motion/B2_trial3_rep1_attempt0.csv,4,4,False,,,4,target_object_corrected,3,board_data_3,trial_number,233,286,53,harmonized_hand_active_board10,test,4,4,4,True,True,25,0.99972683
3,2,3,2,0,1,4,[4.0],False,B2_trial3_rep2_attempt0.csv,/Users/arthu/Desktop/CTM_Res-Pro/data/reach_to_grasp_dataset/data/participant_3/motion/B2_trial3_rep2_attempt0.csv,4,4,False,,,4,target_object_corrected,3,board_data_3,trial_number,227,287,60,harmonized_hand_active_board10,test,4,4,4,True,True,25,0.99968535
3,2,3,3,0,1,4,[4.0],False,B2_trial3_rep3_attempt0.csv,/Users/arthu/Desktop/CTM_Res-Pro/data/reach_to_grasp_dataset/data/participant_3/motion/B2_trial3_rep3_attempt0.csv,4,4,False,,,4,target_object_corrected,3,board_data_3,trial_number,233,290,57,harmonized_hand_active_board10,test,4,4,4,True,True,25,0.99963254
3,2,4,0,0,1,3,[3.0],False,B2_trial4_rep0_attempt0.csv,/Users/arthu/Desktop/CTM_Res-Pro/data/reach_to_grasp_dataset/data/participant_3/motion/B2_trial4_rep0_attempt0.csv,3,3,True,1.0,B2_trial4_rep1_attempt0.csv,3,target_object_corrected,4,board_data_4,trial_number,207,279,72,harmonized_hand_active_board10,test,3,3,3,True,True,25,0.9961556
3,2,4,1,0,1,3,[3.0],False,B2_trial4_rep1_attempt0.csv,/Users/arthu/Desktop/CTM_Res-Pro/data/reach_to_grasp_dataset/data/participant_3/motion/B2_trial4_rep1_attempt0.csv,3,3,False,,,3,target_object_corrected,4,board_data_4,trial_number,220,282,62,harmonized_hand_active_board10,test,3,3,3,True,True,25,0.99693936
3,2,4,2,0,1,3,[3.0],False,B2_trial4_rep2_attempt0.csv,/Users/arthu/Desktop/CTM_Res-Pro/data/reach_to_grasp_dataset/data/participant_3/motion/B2_trial4_rep2_attempt0.csv,3,3,False,,,3,target_object_corrected,4,board_data_4,trial_number,213,271,58,harmonized_hand_active_board10,test,3,3,3,True,True,25,0.9982639
3,2,4,3,0,1,3,[3.0],False,B2_trial4_rep3_attempt0.csv,/Users/arthu/Desktop/CTM_Res-Pro/data/reach_to_grasp_dataset/data/participant_3/motion/B2_trial4_rep3_attempt0.csv,3,3,False,,,3,target_object_corrected,4,board_data_4,trial_number,215,272,57,harmonized_hand_active_board10,test,3,3,3,True,True,25,0.9985911
3,2,5,0,0,1,2,"[4.0, 2.0]",True,B2_trial5_rep0_attempt0.csv,/Users/arthu/Desktop/CTM_Res-Pro/data/reach_to_grasp_dataset/data/participant_3/motion/B2_trial5_rep0_attempt0.csv,2,2,True,1.0,B2_trial5_rep1_attempt0.csv,2,target_object_corrected,5,board_data_5,trial_number,215,272,57,harmonized_hand_active_board10,test,2,2,2,True,True,25,0.9868137
3,2,5,1,0,1,2,[2.0],False,B2_trial5_rep1_attempt0.csv,/Users/arthu/Desktop/CTM_Res-Pro/data/reach_to_grasp_dataset/data/participant_3/motion/B2_trial5_rep1_attempt0.csv,2,2,False,,,2,target_object_corrected,5,board_data_5,trial_number,234,304,70,harmonized_hand_active_board10,test,2,2,2,True,True,25,0.99743325
3,2,5,2,0,1,2,[2.0],False,B2_trial5_rep2_attempt0.csv,/Users/arthu/Desktop/CTM_Res-Pro/data/reach_to_grasp_dataset/data/participant_3/motion/B2_trial5_rep2_attempt0.csv,2,2,False,,,2,target_object_corrected,5,board_data_5,trial_number,224,278,54,harmonized_hand_active_board10,test,2,2,2,True,True,25,0.9904638
3,2,5,3,0,1,2,[2.0],False,B2_trial5_rep3_attempt0.csv,/Users/arthu/Desktop/CTM_Res-Pro/data/reach_to_grasp_dataset/data/participant_3/motion/B2_trial5_rep3_attempt0.csv,2,2,False,,,2,target_object_corrected,5,board_data_5,trial_number,225,281,56,harmonized_hand_active_board10,test,2,2,2,True,True,25,0.9947502
3,2,6,0,0,1,1,"[5.0, 1.0]",True,B2_trial6_rep0_attempt0.csv,/Users/arthu/Desktop/CTM_Res-Pro/data/reach_to_grasp_dataset/data/participant_3/motion/B2_trial6_rep0_attempt0.csv,1,1,True,1.0,B2_trial6_rep1_attempt0.csv,1,target_object_corrected,6,board_data_6,trial_number,220,279,59,harmonized_hand_active_board10,test,1,1,1,True,True,25,0.9979113
3,2,6,1,0,1,1,[1.0],False,B2_trial6_rep1_attempt0.csv,/Users/arthu/Desktop/CTM_Res-Pro/data/reach_to_grasp_dataset/data/participant_3/motion/B2_trial6_rep1_attempt0.csv,1,1,False,,,1,target_object_corrected,6,board_data_6,trial_number,218,287,69,harmonized_hand_active_board10,test,1,1,1,True,True,25,0.9986864
3,2,6,2,0,1,1,[1.0],False,B2_trial6_rep2_attempt0.csv,/Users/arthu/Desktop/CTM_Res-Pro/data/reach_to_grasp_dataset/data/participant_3/motion/B2_trial6_rep2_attempt0.csv,1,1,False,,,1,target_object_corrected,6,board_data_6,trial_number,213,251,38,harmonized_hand_active_board10,test,1,1,1,True,True,25,0.98722386
3,2,6,3,0,1,1,[1.0],False,B2_trial6_rep3_attempt0.csv,/Users/arthu/Desktop/CTM_Res-Pro/data/reach_to_grasp_dataset/data/participant_3/motion/B2_trial6_rep3_attempt0.csv,1,1,False,,,1,target_object_corrected,6,board_data_6,trial_number,223,285,62,harmonized_hand_active_board10,test,1,1,1,True,True,25,0.997677
3,2,7,0,0,1,0,"[6.0, 0.0]",True,B2_trial7_rep0_attempt0.csv,/Users/arthu/Desktop/CTM_Res-Pro/data/reach_to_grasp_dataset/data/participant_3/motion/B2_trial7_rep0_attempt0.csv,0,0,True,1.0,B2_trial7_rep1_attempt0.csv,0,target_object_corrected,7,board_data_7,trial_number,214,267,53,harmonized_hand_active_board10,test,0,0,0,True,True,25,0.9658639
3,2,7,1,0,1,0,[0.0],False,B2_trial7_rep1_attempt0.csv,/Users/arthu/Desktop/CTM_Res-Pro/data/reach_to_grasp_dataset/data/participant_3/motion/B2_trial7_rep1_attempt0.csv,0,0,False,,,0,target_object_corrected,7,board_data_7,trial_number,226,282,56,harmonized_hand_active_board10,test,0,1,0,False,True,19,0.69395983
3,2,7,2,0,1,0,[0.0],False,B2_trial7_rep2_attempt0.csv,/Users/arthu/Desktop/CTM_Res-Pro/data/reach_to_grasp_dataset/data/participant_3/motion/B2_trial7_rep2_attempt0.csv,0,0,False,,,0,target_object_corrected,7,board_data_7,trial_number,225,287,62,harmonized_hand_active_board10,test,0,0,0,True,True,25,0.901774
3,2,7,3,0,1,0,[0.0],False,B2_trial7_rep3_attempt0.csv,/Users/arthu/Desktop/CTM_Res-Pro/data/reach_to_grasp_dataset/data/participant_3/motion/B2_trial7_rep3_attempt0.csv,0,0,False,,,0,target_object_corrected,7,board_data_7,trial_number,226,285,59,harmonized_hand_active_board10,test,0,1,1,False,False,25,0.9206281
3,3,0,0,0,1,3,"[7.0, 3.0]",True,B3_trial0_rep0_attempt0.csv,/Users/arthu/Desktop/CTM_Res-Pro/data/reach_to_grasp_dataset/data/participant_3/motion/B3_trial0_rep0_attempt0.csv,3,3,True,1.0,B3_trial0_rep1_attempt0.csv,3,target_object_corrected,0,board_data_0,trial_number,219,277,58,harmonized_hand_active_board10,test,3,3,3,True,True,25,0.80937034
3,3,0,1,0,1,3,[3.0],False,B3_trial0_rep1_attempt0.csv,/Users/arthu/Desktop/CTM_Res-Pro/data/reach_to_grasp_dataset/data/participant_3/motion/B3_trial0_rep1_attempt0.csv,3,3,False,,,3,target_object_corrected,0,board_data_0,trial_number,219,281,62,harmonized_hand_active_board10,test,3,3,3,True,True,25,0.93676525
3,3,0,2,0,1,3,[3.0],False,B3_trial0_rep2_attempt0.csv,/Users/arthu/Desktop/CTM_Res-Pro/data/reach_to_grasp_dataset/data/participant_3/motion/B3_trial0_rep2_attempt0.csv,3,3,False,,,3,target_object_corrected,0,board_data_0,trial_number,229,279,50,harmonized_hand_active_board10,test,3,3,3,True,True,25,0.994878
3,3,0,3,0,1,3,[3.0],False,B3_trial0_rep3_attempt0.csv,/Users/arthu/Desktop/CTM_Res-Pro/data/reach_to_grasp_dataset/data/participant_3/motion/B3_trial0_rep3_attempt0.csv,3,3,False,,,3,target_object_corrected,0,board_data_0,trial_number,223,278,55,harmonized_hand_active_board10,test,3,3,3,True,True,25,0.9960542
3,3,1,0,0,1,2,"[0.0, 2.0]",True,B3_trial1_rep0_attempt0.csv,/Users/arthu/Desktop/CTM_Res-Pro/data/reach_to_grasp_dataset/data/participant_3/motion/B3_trial1_rep0_attempt0.csv,2,2,True,1.0,B3_trial1_rep1_attempt0.csv,2,target_object_corrected,1,board_data_1,trial_number,222,278,56,harmonized_hand_active_board10,test,2,2,2,True,True,25,0.99184495
3,3,1,1,0,1,2,[2.0],False,B3_trial1_rep1_attempt0.csv,/Users/arthu/Desktop/CTM_Res-Pro/data/reach_to_grasp_dataset/data/participant_3/motion/B3_trial1_rep1_attempt0.csv,2,2,False,,,2,target_object_corrected,1,board_data_1,trial_number,220,278,58,harmonized_hand_active_board10,test,2,2,2,True,True,25,0.9715019
3,3,1,2,0,1,2,[2.0],False,B3_trial1_rep2_attempt0.csv,/Users/arthu/Desktop/CTM_Res-Pro/data/reach_to_grasp_dataset/data/participant_3/motion/B3_trial1_rep2_attempt0.csv,2,2,False,,,2,target_object_corrected,1,board_data_1,trial_number,226,278,52,harmonized_hand_active_board10,test,2,2,2,True,True,25,0.98649144
3,3,1,3,0,1,2,[2.0],False,B3_trial1_rep3_attempt0.csv,/Users/arthu/Desktop/CTM_Res-Pro/data/reach_to_grasp_dataset/data/participant_3/motion/B3_trial1_rep3_attempt0.csv,2,2,False,,,2,target_object_corrected,1,board_data_1,trial_number,216,245,29,harmonized_hand_active_board10,test,2,2,2,True,True,22,0.6665859
3,3,2,0,0,1,1,[1.0],False,B3_trial2_rep0_attempt0.csv,/Users/arthu/Desktop/CTM_Res-Pro/data/reach_to_grasp_dataset/data/participant_3/motion/B3_trial2_rep0_attempt0.csv,1,1,True,1.0,B3_trial2_rep1_attempt0.csv,1,target_object_corrected,2,board_data_2,trial_number,219,280,61,harmonized_hand_active_board10,test,1,1,1,True,True,25,0.9959621
3,3,2,1,0,1,1,[1.0],False,B3_trial2_rep1_attempt0.csv,/Users/arthu/Desktop/CTM_Res-Pro/data/reach_to_grasp_dataset/data/participant_3/motion/B3_trial2_rep1_attempt0.csv,1,1,False,,,1,target_object_corrected,2,board_data_2,trial_number,214,256,42,harmonized_hand_active_board10,test,1,1,1,True,True,25,0.9983845
3,3,2,2,0,1,1,[1.0],False,B3_trial2_rep2_attempt0.csv,/Users/arthu/Desktop/CTM_Res-Pro/data/reach_to_grasp_dataset/data/participant_3/motion/B3_trial2_rep2_attempt0.csv,1,1,False,,,1,target_object_corrected,2,board_data_2,trial_number,233,284,51,harmonized_hand_active_board10,test,1,1,1,True,True,25,0.99243355
3,3,2,3,0,1,1,[1.0],False,B3_trial2_rep3_attempt0.csv,/Users/arthu/Desktop/CTM_Res-Pro/data/reach_to_grasp_dataset/data/participant_3/motion/B3_trial2_rep3_attempt0.csv,1,1,False,,,1,target_object_corrected,2,board_data_2,trial_number,228,284,56,harmonized_hand_active_board10,test,1,1,1,True,True,25,0.99469817
3,3,3,0,0,1,0,"[2.0, 0.0]",True,B3_trial3_rep0_attempt0.csv,/Users/arthu/Desktop/CTM_Res-Pro/data/reach_to_grasp_dataset/data/participant_3/motion/B3_trial3_rep0_attempt0.csv,0,0,True,1.0,B3_trial3_rep1_attempt0.csv,0,target_object_corrected,3,board_data_3,trial_number,223,257,34,harmonized_hand_active_board10,test,0,0,0,True,True,25,0.62877584
3,3,3,1,0,1,0,[0.0],False,B3_trial3_rep1_attempt0.csv,/Users/arthu/Desktop/CTM_Res-Pro/data/reach_to_grasp_dataset/data/participant_3/motion/B3_trial3_rep1_attempt0.csv,0,0,False,,,0,target_object_corrected,3,board_data_3,trial_number,214,257,43,harmonized_hand_active_board10,test,0,0,0,True,True,25,0.84581596
3,3,3,2,0,1,0,[0.0],False,B3_trial3_rep2_attempt0.csv,/Users/arthu/Desktop/CTM_Res-Pro/data/reach_to_grasp_dataset/data/participant_3/motion/B3_trial3_rep2_attempt0.csv,0,0,False,,,0,target_object_corrected,3,board_data_3,trial_number,241,269,28,harmonized_hand_active_board10,test,0,0,0,True,True,25,0.9834567
3,3,3,3,0,1,0,[0.0],False,B3_trial3_rep3_attempt0.csv,/Users/arthu/Desktop/CTM_Res-Pro/data/reach_to_grasp_dataset/data/participant_3/motion/B3_trial3_rep3_attempt0.csv,0,0,False,,,0,target_object_corrected,3,board_data_3,trial_number,235,286,51,harmonized_hand_active_board10,test,0,1,1,False,False,25,0.9441228
3,3,4,0,0,1,7,"[3.0, 7.0]",True,B3_trial4_rep0_attempt0.csv,/Users/arthu/Desktop/CTM_Res-Pro/data/reach_to_grasp_dataset/data/participant_3/motion/B3_trial4_rep0_attempt0.csv,7,7,True,1.0,B3_trial4_rep1_attempt0.csv,7,target_object_corrected,4,board_data_4,trial_number,209,271,62,harmonized_hand_active_board10,test,7,7,7,True,True,25,0.99985266
3,3,4,1,0,1,7,[7.0],False,B3_trial4_rep1_attempt0.csv,/Users/arthu/Desktop/CTM_Res-Pro/data/reach_to_grasp_dataset/data/participant_3/motion/B3_trial4_rep1_attempt0.csv,7,7,False,,,7,target_object_corrected,4,board_data_4,trial_number,226,275,49,harmonized_hand_active_board10,test,7,7,7,True,True,25,0.99603873
3,3,4,2,0,1,7,[7.0],False,B3_trial4_rep2_attempt0.csv,/Users/arthu/Desktop/CTM_Res-Pro/data/reach_to_grasp_dataset/data/participant_3/motion/B3_trial4_rep2_attempt0.csv,7,7,False,,,7,target_object_corrected,4,board_data_4,trial_number,223,273,50,harmonized_hand_active_board10,test,7,7,7,True,True,25,0.999504
3,3,4,3,0,1,7,[7.0],False,B3_trial4_rep3_attempt0.csv,/Users/arthu/Desktop/CTM_Res-Pro/data/reach_to_grasp_dataset/data/participant_3/motion/B3_trial4_rep3_attempt0.csv,7,7,False,,,7,target_object_corrected,4,board_data_4,trial_number,238,304,66,harmonized_hand_active_board10,test,7,7,7,True,True,25,0.99905413
3,3,5,0,0,1,6,"[4.0, 6.0]",True,B3_trial5_rep0_attempt0.csv,/Users/arthu/Desktop/CTM_Res-Pro/data/reach_to_grasp_dataset/data/participant_3/motion/B3_trial5_rep0_attempt0.csv,6,6,True,1.0,B3_trial5_rep1_attempt0.csv,6,target_object_corrected,5,board_data_5,trial_number,212,246,34,harmonized_hand_active_board10,test,6,7,7,False,False,25,0.9963576
3,3,5,1,0,1,6,[6.0],False,B3_trial5_rep1_attempt0.csv,/Users/arthu/Desktop/CTM_Res-Pro/data/reach_to_grasp_dataset/data/participant_3/motion/B3_trial5_rep1_attempt0.csv,6,6,False,,,6,target_object_corrected,5,board_data_5,trial_number,215,280,65,harmonized_hand_active_board10,test,6,7,7,False,False,22,0.6929842
3,3,5,2,0,1,6,[6.0],False,B3_trial5_rep2_attempt0.csv,/Users/arthu/Desktop/CTM_Res-Pro/data/reach_to_grasp_dataset/data/participant_3/motion/B3_trial5_rep2_attempt0.csv,6,6,False,,,6,target_object_corrected,5,board_data_5,trial_number,220,268,48,harmonized_hand_active_board10,test,6,7,7,False,False,25,0.97854114
3,3,5,3,0,1,6,[6.0],False,B3_trial5_rep3_attempt0.csv,/Users/arthu/Desktop/CTM_Res-Pro/data/reach_to_grasp_dataset/data/participant_3/motion/B3_trial5_rep3_attempt0.csv,6,6,False,,,6,target_object_corrected,5,board_data_5,trial_number,231,311,80,harmonized_hand_active_board10,test,6,7,7,False,False,23,0.7950295
3,3,6,0,0,1,5,[5.0],False,B3_trial6_rep0_attempt0.csv,/Users/arthu/Desktop/CTM_Res-Pro/data/reach_to_grasp_dataset/data/participant_3/motion/B3_trial6_rep0_attempt0.csv,5,5,True,1.0,B3_trial6_rep1_attempt0.csv,5,target_object_corrected,6,board_data_6,trial_number,219,319,100,harmonized_hand_active_board10,test,5,5,5,True,True,25,0.990416
3,3,6,1,0,1,5,[5.0],False,B3_trial6_rep1_attempt0.csv,/Users/arthu/Desktop/CTM_Res-Pro/data/reach_to_grasp_dataset/data/participant_3/motion/B3_trial6_rep1_attempt0.csv,5,5,False,,,5,target_object_corrected,6,board_data_6,trial_number,224,252,28,harmonized_hand_active_board10,test,5,0,0,False,False,25,0.69891334
3,3,6,2,0,1,5,[5.0],False,B3_trial6_rep2_attempt0.csv,/Users/arthu/Desktop/CTM_Res-Pro/data/reach_to_grasp_dataset/data/participant_3/motion/B3_trial6_rep2_attempt0.csv,5,5,False,,,5,target_object_corrected,6,board_data_6,trial_number,215,274,59,harmonized_hand_active_board10,test,5,5,5,True,True,25,0.79683477
3,3,6,3,0,1,5,[5.0],False,B3_trial6_rep3_attempt0.csv,/Users/arthu/Desktop/CTM_Res-Pro/data/reach_to_grasp_dataset/data/participant_3/motion/B3_trial6_rep3_attempt0.csv,5,5,False,,,5,target_object_corrected,6,board_data_6,trial_number,226,301,75,harmonized_hand_active_board10,test,5,5,5,True,True,25,0.7051955
3,3,7,0,0,1,4,"[6.0, 4.0]",True,B3_trial7_rep0_attempt0.csv,/Users/arthu/Desktop/CTM_Res-Pro/data/reach_to_grasp_dataset/data/participant_3/motion/B3_trial7_rep0_attempt0.csv,4,4,True,1.0,B3_trial7_rep1_attempt0.csv,4,target_object_corrected,7,board_data_7,trial_number,218,279,61,harmonized_hand_active_board10,test,4,4,4,True,True,25,0.98746
3,3,7,1,0,1,4,[4.0],False,B3_trial7_rep1_attempt0.csv,/Users/arthu/Desktop/CTM_Res-Pro/data/reach_to_grasp_dataset/data/participant_3/motion/B3_trial7_rep1_attempt0.csv,4,4,False,,,4,target_object_corrected,7,board_data_7,trial_number,235,313,78,harmonized_hand_active_board10,test,4,4,4,True,True,25,0.9889165
3,3,7,2,0,1,4,[4.0],False,B3_trial7_rep2_attempt0.csv,/Users/arthu/Desktop/CTM_Res-Pro/data/reach_to_grasp_dataset/data/participant_3/motion/B3_trial7_rep2_attempt0.csv,4,4,False,,,4,target_object_corrected,7,board_data_7,trial_number,216,276,60,harmonized_hand_active_board10,test,4,4,4,True,True,25,0.9918723
3,3,7,3,0,1,4,[4.0],False,B3_trial7_rep3_attempt0.csv,/Users/arthu/Desktop/CTM_Res-Pro/data/reach_to_grasp_dataset/data/participant_3/motion/B3_trial7_rep3_attempt0.csv,4,4,False,,,4,target_object_corrected,7,board_data_7,trial_number,216,280,64,harmonized_hand_active_board10,test,4,4,4,True,True,25,0.99106294
3,4,0,0,0,1,4,"[7.0, 4.0]",True,B4_trial0_rep0_attempt0.csv,/Users/arthu/Desktop/CTM_Res-Pro/data/reach_to_grasp_dataset/data/participant_3/motion/B4_trial0_rep0_attempt0.csv,4,4,True,1.0,B4_trial0_rep1_attempt0.csv,4,target_object_corrected,0,board_data_0,trial_number,227,280,53,harmonized_hand_active_board10,test,4,4,4,True,True,25,0.9940564
3,4,0,1,0,1,4,[4.0],False,B4_trial0_rep1_attempt0.csv,/Users/arthu/Desktop/CTM_Res-Pro/data/reach_to_grasp_dataset/data/participant_3/motion/B4_trial0_rep1_attempt0.csv,4,4,False,,,4,target_object_corrected,0,board_data_0,trial_number,234,302,68,harmonized_hand_active_board10,test,4,4,4,True,True,25,0.9991593
3,4,0,2,0,1,4,[4.0],False,B4_trial0_rep2_attempt0.csv,/Users/arthu/Desktop/CTM_Res-Pro/data/reach_to_grasp_dataset/data/participant_3/motion/B4_trial0_rep2_attempt0.csv,4,4,False,,,4,target_object_corrected,0,board_data_0,trial_number,237,313,76,harmonized_hand_active_board10,test,4,4,4,True,True,25,0.9983748
3,4,0,3,0,1,4,[4.0],False,B4_trial0_rep3_attempt0.csv,/Users/arthu/Desktop/CTM_Res-Pro/data/reach_to_grasp_dataset/data/participant_3/motion/B4_trial0_rep3_attempt0.csv,4,4,False,,,4,target_object_corrected,0,board_data_0,trial_number,235,297,62,harmonized_hand_active_board10,test,4,4,4,True,True,25,0.9989546
3,4,1,0,0,1,5,"[0.0, 5.0]",True,B4_trial1_rep0_attempt0.csv,/Users/arthu/Desktop/CTM_Res-Pro/data/reach_to_grasp_dataset/data/participant_3/motion/B4_trial1_rep0_attempt0.csv,5,5,True,1.0,B4_trial1_rep1_attempt0.csv,5,target_object_corrected,1,board_data_1,trial_number,209,267,58,harmonized_hand_active_board10,test,5,5,5,True,True,25,0.9998312
3,4,1,1,0,1,5,[5.0],False,B4_trial1_rep1_attempt0.csv,/Users/arthu/Desktop/CTM_Res-Pro/data/reach_to_grasp_dataset/data/participant_3/motion/B4_trial1_rep1_attempt0.csv,5,5,False,,,5,target_object_corrected,1,board_data_1,trial_number,249,302,53,harmonized_hand_active_board10,test,5,5,5,True,True,25,0.99977577
3,4,1,2,0,1,5,[5.0],False,B4_trial1_rep2_attempt0.csv,/Users/arthu/Desktop/CTM_Res-Pro/data/reach_to_grasp_dataset/data/participant_3/motion/B4_trial1_rep2_attempt0.csv,5,5,False,,,5,target_object_corrected,1,board_data_1,trial_number,231,282,51,harmonized_hand_active_board10,test,5,5,5,True,True,25,0.9998346
3,4,1,3,0,1,5,[5.0],False,B4_trial1_rep3_attempt0.csv,/Users/arthu/Desktop/CTM_Res-Pro/data/reach_to_grasp_dataset/data/participant_3/motion/B4_trial1_rep3_attempt0.csv,5,5,False,,,5,target_object_corrected,1,board_data_1,trial_number,228,294,66,harmonized_hand_active_board10,test,5,5,5,True,True,25,0.9994008
3,4,2,0,0,1,6,"[1.0, 6.0]",True,B4_trial2_rep0_attempt0.csv,/Users/arthu/Desktop/CTM_Res-Pro/data/reach_to_grasp_dataset/data/participant_3/motion/B4_trial2_rep0_attempt0.csv,6,6,True,1.0,B4_trial2_rep1_attempt0.csv,6,target_object_corrected,2,board_data_2,trial_number,213,304,91,harmonized_hand_active_board10,test,6,6,6,True,True,25,0.7439709
3,4,2,1,0,1,6,[6.0],False,B4_trial2_rep1_attempt0.csv,/Users/arthu/Desktop/CTM_Res-Pro/data/reach_to_grasp_dataset/data/participant_3/motion/B4_trial2_rep1_attempt0.csv,6,6,False,,,6,target_object_corrected,2,board_data_2,trial_number,236,298,62,harmonized_hand_active_board10,test,6,7,7,False,False,24,0.88481224
3,4,2,2,0,1,6,[6.0],False,B4_trial2_rep2_attempt0.csv,/Users/arthu/Desktop/CTM_Res-Pro/data/reach_to_grasp_dataset/data/participant_3/motion/B4_trial2_rep2_attempt0.csv,6,6,False,,,6,target_object_corrected,2,board_data_2,trial_number,230,291,61,harmonized_hand_active_board10,test,6,7,7,False,False,25,0.97881484
3,4,2,3,0,1,6,[6.0],False,B4_trial2_rep3_attempt0.csv,/Users/arthu/Desktop/CTM_Res-Pro/data/reach_to_grasp_dataset/data/participant_3/motion/B4_trial2_rep3_attempt0.csv,6,6,False,,,6,target_object_corrected,2,board_data_2,trial_number,220,255,35,harmonized_hand_active_board10,test,6,7,7,False,False,25,0.97709715
3,4,3,0,0,1,7,"[2.0, 7.0]",True,B4_trial3_rep0_attempt0.csv,/Users/arthu/Desktop/CTM_Res-Pro/data/reach_to_grasp_dataset/data/participant_3/motion/B4_trial3_rep0_attempt0.csv,7,7,True,1.0,B4_trial3_rep1_attempt0.csv,7,target_object_corrected,3,board_data_3,trial_number,226,281,55,harmonized_hand_active_board10,test,7,7,7,True,True,25,0.99233747
3,4,3,1,0,1,7,[7.0],False,B4_trial3_rep1_attempt0.csv,/Users/arthu/Desktop/CTM_Res-Pro/data/reach_to_grasp_dataset/data/participant_3/motion/B4_trial3_rep1_attempt0.csv,7,7,False,,,7,target_object_corrected,3,board_data_3,trial_number,223,278,55,harmonized_hand_active_board10,test,7,7,7,True,True,25,0.9979724
3,4,3,2,0,1,7,[7.0],False,B4_trial3_rep2_attempt0.csv,/Users/arthu/Desktop/CTM_Res-Pro/data/reach_to_grasp_dataset/data/participant_3/motion/B4_trial3_rep2_attempt0.csv,7,7,False,,,7,target_object_corrected,3,board_data_3,trial_number,240,264,24,harmonized_hand_active_board10,test,7,7,7,True,True,25,0.6279532
3,4,3,3,0,1,7,[7.0],False,B4_trial3_rep3_attempt0.csv,/Users/arthu/Desktop/CTM_Res-Pro/data/reach_to_grasp_dataset/data/participant_3/motion/B4_trial3_rep3_attempt0.csv,7,7,False,,,7,target_object_corrected,3,board_data_3,trial_number,225,270,45,harmonized_hand_active_board10,test,7,7,7,True,True,25,0.9974995
3,4,4,0,0,1,0,"[3.0, 0.0]",True,B4_trial4_rep0_attempt0.csv,/Users/arthu/Desktop/CTM_Res-Pro/data/reach_to_grasp_dataset/data/participant_3/motion/B4_trial4_rep0_attempt0.csv,0,0,True,1.0,B4_trial4_rep1_attempt0.csv,0,target_object_corrected,4,board_data_4,trial_number,225,270,45,harmonized_hand_active_board10,test,0,0,0,True,True,25,0.9909299
3,4,4,1,0,1,0,[0.0],False,B4_trial4_rep1_attempt0.csv,/Users/arthu/Desktop/CTM_Res-Pro/data/reach_to_grasp_dataset/data/participant_3/motion/B4_trial4_rep1_attempt0.csv,0,0,False,,,0,target_object_corrected,4,board_data_4,trial_number,230,264,34,harmonized_hand_active_board10,test,0,7,7,False,False,25,0.8633934
3,4,4,2,0,1,0,[0.0],False,B4_trial4_rep2_attempt0.csv,/Users/arthu/Desktop/CTM_Res-Pro/data/reach_to_grasp_dataset/data/participant_3/motion/B4_trial4_rep2_attempt0.csv,0,0,False,,,0,target_object_corrected,4,board_data_4,trial_number,215,257,42,harmonized_hand_active_board10,test,0,0,0,True,True,25,0.99058
3,4,4,3,0,1,0,[0.0],False,B4_trial4_rep3_attempt0.csv,/Users/arthu/Desktop/CTM_Res-Pro/data/reach_to_grasp_dataset/data/participant_3/motion/B4_trial4_rep3_attempt0.csv,0,0,False,,,0,target_object_corrected,4,board_data_4,trial_number,231,265,34,harmonized_hand_active_board10,test,0,1,1,False,False,25,0.9907209
3,4,5,0,0,1,1,"[4.0, 1.0]",True,B4_trial5_rep0_attempt0.csv,/Users/arthu/Desktop/CTM_Res-Pro/data/reach_to_grasp_dataset/data/participant_3/motion/B4_trial5_rep0_attempt0.csv,1,1,True,1.0,B4_trial5_rep1_attempt0.csv,1,target_object_corrected,5,board_data_5,trial_number,221,287,66,harmonized_hand_active_board10,test,1,1,1,True,True,25,0.99638885
3,4,5,1,0,1,1,[1.0],False,B4_trial5_rep1_attempt0.csv,/Users/arthu/Desktop/CTM_Res-Pro/data/reach_to_grasp_dataset/data/participant_3/motion/B4_trial5_rep1_attempt0.csv,1,1,False,,,1,target_object_corrected,5,board_data_5,trial_number,207,268,61,harmonized_hand_active_board10,test,1,1,1,True,True,25,0.9974216
3,4,5,2,0,1,1,[1.0],False,B4_trial5_rep2_attempt0.csv,/Users/arthu/Desktop/CTM_Res-Pro/data/reach_to_grasp_dataset/data/participant_3/motion/B4_trial5_rep2_attempt0.csv,1,1,False,,,1,target_object_corrected,5,board_data_5,trial_number,219,276,57,harmonized_hand_active_board10,test,1,1,1,True,True,25,0.99788976
3,4,5,3,0,1,1,[1.0],False,B4_trial5_rep3_attempt0.csv,/Users/arthu/Desktop/CTM_Res-Pro/data/reach_to_grasp_dataset/data/participant_3/motion/B4_trial5_rep3_attempt0.csv,1,1,False,,,1,target_object_corrected,5,board_data_5,trial_number,233,280,47,harmonized_hand_active_board10,test,1,1,1,True,True,25,0.9970286
3,4,6,0,0,1,2,"[5.0, 2.0]",True,B4_trial6_rep0_attempt0.csv,/Users/arthu/Desktop/CTM_Res-Pro/data/reach_to_grasp_dataset/data/participant_3/motion/B4_trial6_rep0_attempt0.csv,2,2,True,1.0,B4_trial6_rep1_attempt0.csv,2,target_object_corrected,6,board_data_6,trial_number,211,294,83,harmonized_hand_active_board10,test,2,2,2,True,True,25,0.9976797
3,4,6,1,0,1,2,[2.0],False,B4_trial6_rep1_attempt0.csv,/Users/arthu/Desktop/CTM_Res-Pro/data/reach_to_grasp_dataset/data/participant_3/motion/B4_trial6_rep1_attempt0.csv,2,2,False,,,2,target_object_corrected,6,board_data_6,trial_number,216,280,64,harmonized_hand_active_board10,test,2,2,2,True,True,25,0.9417065
3,4,6,2,0,1,2,[2.0],False,B4_trial6_rep2_attempt0.csv,/Users/arthu/Desktop/CTM_Res-Pro/data/reach_to_grasp_dataset/data/participant_3/motion/B4_trial6_rep2_attempt0.csv,2,2,False,,,2,target_object_corrected,6,board_data_6,trial_number,209,266,57,harmonized_hand_active_board10,test,2,2,2,True,True,22,0.8796576
3,4,6,3,0,1,2,[2.0],False,B4_trial6_rep3_attempt0.csv,/Users/arthu/Desktop/CTM_Res-Pro/data/reach_to_grasp_dataset/data/participant_3/motion/B4_trial6_rep3_attempt0.csv,2,2,False,,,2,target_object_corrected,6,board_data_6,trial_number,214,285,71,harmonized_hand_active_board10,test,2,2,2,True,True,25,0.9934017
3,4,7,0,0,1,3,"[6.0, 3.0]",True,B4_trial7_rep0_attempt0.csv,/Users/arthu/Desktop/CTM_Res-Pro/data/reach_to_grasp_dataset/data/participant_3/motion/B4_trial7_rep0_attempt0.csv,3,3,True,1.0,B4_trial7_rep1_attempt0.csv,3,target_object_corrected,7,board_data_7,trial_number,207,265,58,harmonized_hand_active_board10,test,3,3,3,True,True,25,0.9995363
3,4,7,1,0,1,3,[3.0],False,B4_trial7_rep1_attempt0.csv,/Users/arthu/Desktop/CTM_Res-Pro/data/reach_to_grasp_dataset/data/participant_3/motion/B4_trial7_rep1_attempt0.csv,3,3,False,,,3,target_object_corrected,7,board_data_7,trial_number,226,279,53,harmonized_hand_active_board10,test,3,3,3,True,True,25,0.99864703
3,4,7,2,0,1,3,[3.0],False,B4_trial7_rep2_attempt0.csv,/Users/arthu/Desktop/CTM_Res-Pro/data/reach_to_grasp_dataset/data/participant_3/motion/B4_trial7_rep2_attempt0.csv,3,3,False,,,3,target_object_corrected,7,board_data_7,trial_number,216,280,64,harmonized_hand_active_board10,test,3,3,3,True,True,25,0.9987272
3,4,7,3,0,1,3,[3.0],False,B4_trial7_rep3_attempt0.csv,/Users/arthu/Desktop/CTM_Res-Pro/data/reach_to_grasp_dataset/data/participant_3/motion/B4_trial7_rep3_attempt0.csv,3,3,False,,,3,target_object_corrected,7,board_data_7,trial_number,223,273,50,harmonized_hand_active_board10,test,3,3,3,True,True,25,0.9989408
4,1,0,0,0,1,0,"[3.0, 0.0]",True,B1_trial0_rep0_attempt0.csv,/Users/arthu/Desktop/CTM_Res-Pro/data/reach_to_grasp_dataset/data/participant_4/motion/B1_trial0_rep0_attempt0.csv,0,0,True,1.0,B1_trial0_rep1_attempt0.csv,0,target_object_corrected,0,board_data_0,trial_number,225,263,38,harmonized_hand_active_board10,test,0,0,0,True,True,25,0.9619851
4,1,0,1,0,1,0,[0.0],False,B1_trial0_rep1_attempt0.csv,/Users/arthu/Desktop/CTM_Res-Pro/data/reach_to_grasp_dataset/data/participant_4/motion/B1_trial0_rep1_attempt0.csv,0,0,False,,,0,target_object_corrected,0,board_data_0,trial_number,248,310,62,harmonized_hand_active_board10,test,0,0,0,True,True,25,0.9886119
4,1,0,2,0,1,0,[0.0],False,B1_trial0_rep2_attempt0.csv,/Users/arthu/Desktop/CTM_Res-Pro/data/reach_to_grasp_dataset/data/participant_4/motion/B1_trial0_rep2_attempt0.csv,0,0,False,,,0,target_object_corrected,0,board_data_0,trial_number,249,290,41,harmonized_hand_active_board10,test,0,0,0,True,True,25,0.99863243
4,1,0,3,0,1,0,[0.0],False,B1_trial0_rep3_attempt0.csv,/Users/arthu/Desktop/CTM_Res-Pro/data/reach_to_grasp_dataset/data/participant_4/motion/B1_trial0_rep3_attempt0.csv,0,0,False,,,0,target_object_corrected,0,board_data_0,trial_number,273,327,54,harmonized_hand_active_board10,test,0,0,0,True,True,25,0.96864104
4,1,1,0,0,1,1,"[0.0, 1.0]",True,B1_trial1_rep0_attempt0.csv,/Users/arthu/Desktop/CTM_Res-Pro/data/reach_to_grasp_dataset/data/participant_4/motion/B1_trial1_rep0_attempt0.csv,1,1,True,1.0,B1_trial1_rep1_attempt0.csv,1,target_object_corrected,1,board_data_1,trial_number,217,269,52,harmonized_hand_active_board10,test,1,1,1,True,True,25,0.92779845
4,1,1,1,0,1,1,[1.0],False,B1_trial1_rep1_attempt0.csv,/Users/arthu/Desktop/CTM_Res-Pro/data/reach_to_grasp_dataset/data/participant_4/motion/B1_trial1_rep1_attempt0.csv,1,1,False,,,1,target_object_corrected,1,board_data_1,trial_number,226,283,57,harmonized_hand_active_board10,test,1,1,1,True,True,25,0.9899558
4,1,1,2,0,1,1,[1.0],False,B1_trial1_rep2_attempt0.csv,/Users/arthu/Desktop/CTM_Res-Pro/data/reach_to_grasp_dataset/data/participant_4/motion/B1_trial1_rep2_attempt0.csv,1,1,False,,,1,target_object_corrected,1,board_data_1,trial_number,233,301,68,harmonized_hand_active_board10,test,1,1,1,True,True,25,0.9987222
4,1,1,3,0,1,1,[1.0],False,B1_trial1_rep3_attempt0.csv,/Users/arthu/Desktop/CTM_Res-Pro/data/reach_to_grasp_dataset/data/participant_4/motion/B1_trial1_rep3_attempt0.csv,1,1,False,,,1,target_object_corrected,1,board_data_1,trial_number,331,409,78,harmonized_hand_active_board10,test,1,1,1,True,True,25,0.9973064
4,1,2,0,0,1,2,"[1.0, 2.0]",True,B1_trial2_rep0_attempt0.csv,/Users/arthu/Desktop/CTM_Res-Pro/data/reach_to_grasp_dataset/data/participant_4/motion/B1_trial2_rep0_attempt0.csv,2,2,True,1.0,B1_trial2_rep1_attempt0.csv,2,target_object_corrected,2,board_data_2,trial_number,260,352,92,harmonized_hand_active_board10,test,2,6,6,False,False,25,0.9374587
4,1,2,1,0,1,2,[2.0],False,B1_trial2_rep1_attempt0.csv,/Users/arthu/Desktop/CTM_Res-Pro/data/reach_to_grasp_dataset/data/participant_4/motion/B1_trial2_rep1_attempt0.csv,2,2,False,,,2,target_object_corrected,2,board_data_2,trial_number,259,348,89,harmonized_hand_active_board10,test,2,2,2,True,True,25,0.9988134
4,1,2,2,0,1,2,[2.0],False,B1_trial2_rep2_attempt0.csv,/Users/arthu/Desktop/CTM_Res-Pro/data/reach_to_grasp_dataset/data/participant_4/motion/B1_trial2_rep2_attempt0.csv,2,2,False,,,2,target_object_corrected,2,board_data_2,trial_number,234,312,78,harmonized_hand_active_board10,test,2,2,2,True,True,25,0.99826616
4,1,2,3,0,1,2,[2.0],False,B1_trial2_rep3_attempt0.csv,/Users/arthu/Desktop/CTM_Res-Pro/data/reach_to_grasp_dataset/data/participant_4/motion/B1_trial2_rep3_attempt0.csv,2,2,False,,,2,target_object_corrected,2,board_data_2,trial_number,223,301,78,harmonized_hand_active_board10,test,2,2,2,True,True,20,0.815536
4,1,3,0,0,1,3,"[2.0, 3.0]",True,B1_trial3_rep0_attempt0.csv,/Users/arthu/Desktop/CTM_Res-Pro/data/reach_to_grasp_dataset/data/participant_4/motion/B1_trial3_rep0_attempt0.csv,3,3,True,1.0,B1_trial3_rep1_attempt0.csv,3,target_object_corrected,3,board_data_3,trial_number,228,296,68,harmonized_hand_active_board10,test,3,3,3,True,True,25,0.8843658
4,1,3,1,0,1,3,[3.0],False,B1_trial3_rep1_attempt0.csv,/Users/arthu/Desktop/CTM_Res-Pro/data/reach_to_grasp_dataset/data/participant_4/motion/B1_trial3_rep1_attempt0.csv,3,3,False,,,3,target_object_corrected,3,board_data_3,trial_number,251,322,71,harmonized_hand_active_board10,test,3,3,3,True,True,25,0.8457461
4,1,3,2,0,1,3,[3.0],False,B1_trial3_rep2_attempt0.csv,/Users/arthu/Desktop/CTM_Res-Pro/data/reach_to_grasp_dataset/data/participant_4/motion/B1_trial3_rep2_attempt0.csv,3,3,False,,,3,target_object_corrected,3,board_data_3,trial_number,247,311,64,harmonized_hand_active_board10,test,3,3,3,True,True,25,0.73366153
4,1,3,3,0,1,3,[3.0],False,B1_trial3_rep3_attempt0.csv,/Users/arthu/Desktop/CTM_Res-Pro/data/reach_to_grasp_dataset/data/participant_4/motion/B1_trial3_rep3_attempt0.csv,3,3,False,,,3,target_object_corrected,3,board_data_3,trial_number,254,338,84,harmonized_hand_active_board10,test,3,3,3,True,True,24,0.70397127
4,1,4,0,0,1,4,"[3.0, 4.0]",True,B1_trial4_rep0_attempt0.csv,/Users/arthu/Desktop/CTM_Res-Pro/data/reach_to_grasp_dataset/data/participant_4/motion/B1_trial4_rep0_attempt0.csv,4,4,True,1.0,B1_trial4_rep1_attempt0.csv,4,target_object_corrected,4,board_data_4,trial_number,222,297,75,harmonized_hand_active_board10,test,4,7,7,False,False,25,0.7680749
4,1,4,1,0,1,4,[4.0],False,B1_trial4_rep1_attempt0.csv,/Users/arthu/Desktop/CTM_Res-Pro/data/reach_to_grasp_dataset/data/participant_4/motion/B1_trial4_rep1_attempt0.csv,4,4,False,,,4,target_object_corrected,4,board_data_4,trial_number,248,319,71,harmonized_hand_active_board10,test,4,4,4,True,True,22,0.81455296
4,1,4,2,0,1,4,[4.0],False,B1_trial4_rep2_attempt0.csv,/Users/arthu/Desktop/CTM_Res-Pro/data/reach_to_grasp_dataset/data/participant_4/motion/B1_trial4_rep2_attempt0.csv,4,4,False,,,4,target_object_corrected,4,board_data_4,trial_number,254,324,70,harmonized_hand_active_board10,test,4,4,4,True,True,25,0.9904611
4,1,4,3,0,1,4,[4.0],False,B1_trial4_rep3_attempt0.csv,/Users/arthu/Desktop/CTM_Res-Pro/data/reach_to_grasp_dataset/data/participant_4/motion/B1_trial4_rep3_attempt0.csv,4,4,False,,,4,target_object_corrected,4,board_data_4,trial_number,247,343,96,harmonized_hand_active_board10,test,4,4,4,True,True,25,0.99899757
4,1,5,0,0,1,5,"[4.0, 5.0]",True,B1_trial5_rep0_attempt0.csv,/Users/arthu/Desktop/CTM_Res-Pro/data/reach_to_grasp_dataset/data/participant_4/motion/B1_trial5_rep0_attempt0.csv,5,5,True,1.0,B1_trial5_rep1_attempt0.csv,5,target_object_corrected,5,board_data_5,trial_number,216,287,71,harmonized_hand_active_board10,test,5,5,5,True,True,25,0.9995816
4,1,5,1,0,1,5,[5.0],False,B1_trial5_rep1_attempt0.csv,/Users/arthu/Desktop/CTM_Res-Pro/data/reach_to_grasp_dataset/data/participant_4/motion/B1_trial5_rep1_attempt0.csv,5,5,False,,,5,target_object_corrected,5,board_data_5,trial_number,223,277,54,harmonized_hand_active_board10,test,5,5,5,True,True,25,0.99960315
4,1,5,2,0,1,5,[5.0],False,B1_trial5_rep2_attempt0.csv,/Users/arthu/Desktop/CTM_Res-Pro/data/reach_to_grasp_dataset/data/participant_4/motion/B1_trial5_rep2_attempt0.csv,5,5,False,,,5,target_object_corrected,5,board_data_5,trial_number,365,428,63,harmonized_hand_active_board10,test,5,5,5,True,True,25,0.99982584
4,1,5,3,0,1,5,[5.0],False,B1_trial5_rep3_attempt0.csv,/Users/arthu/Desktop/CTM_Res-Pro/data/reach_to_grasp_dataset/data/participant_4/motion/B1_trial5_rep3_attempt0.csv,5,5,False,,,5,target_object_corrected,5,board_data_5,trial_number,234,309,75,harmonized_hand_active_board10,test,5,5,5,True,True,25,0.99965453
4,1,6,0,1,1,6,[6.0],False,B1_trial6_rep0_attempt1.csv,/Users/arthu/Desktop/CTM_Res-Pro/data/reach_to_grasp_dataset/data/participant_4/motion/B1_trial6_rep0_attempt1.csv,6,6,True,1.0,B1_trial6_rep1_attempt0.csv,6,target_object_corrected,6,board_data_6,trial_number,208,262,54,harmonized_hand_active_board10,test,6,6,6,True,True,25,0.9700473
4,1,6,1,0,1,6,[6.0],False,B1_trial6_rep1_attempt0.csv,/Users/arthu/Desktop/CTM_Res-Pro/data/reach_to_grasp_dataset/data/participant_4/motion/B1_trial6_rep1_attempt0.csv,6,6,False,,,6,target_object_corrected,6,board_data_6,trial_number,208,280,72,harmonized_hand_active_board10,test,6,6,6,True,True,25,0.83294487
4,1,6,2,0,1,6,[6.0],False,B1_trial6_rep2_attempt0.csv,/Users/arthu/Desktop/CTM_Res-Pro/data/reach_to_grasp_dataset/data/participant_4/motion/B1_trial6_rep2_attempt0.csv,6,6,False,,,6,target_object_corrected,6,board_data_6,trial_number,246,344,98,harmonized_hand_active_board10,test,6,6,6,True,True,25,0.9670222
4,1,6,3,0,1,6,[6.0],False,B1_trial6_rep3_attempt0.csv,/Users/arthu/Desktop/CTM_Res-Pro/data/reach_to_grasp_dataset/data/participant_4/motion/B1_trial6_rep3_attempt0.csv,6,6,False,,,6,target_object_corrected,6,board_data_6,trial_number,255,335,80,harmonized_hand_active_board10,test,6,6,6,True,True,25,0.884397
4,1,7,0,0,1,7,"[6.0, 7.0]",True,B1_trial7_rep0_attempt0.csv,/Users/arthu/Desktop/CTM_Res-Pro/data/reach_to_grasp_dataset/data/participant_4/motion/B1_trial7_rep0_attempt0.csv,7,7,True,1.0,B1_trial7_rep1_attempt0.csv,7,target_object_corrected,7,board_data_7,trial_number,209,284,75,harmonized_hand_active_board10,test,7,7,7,True,True,25,0.99586904
4,1,7,1,0,1,7,[7.0],False,B1_trial7_rep1_attempt0.csv,/Users/arthu/Desktop/CTM_Res-Pro/data/reach_to_grasp_dataset/data/participant_4/motion/B1_trial7_rep1_attempt0.csv,7,7,False,,,7,target_object_corrected,7,board_data_7,trial_number,219,293,74,harmonized_hand_active_board10,test,7,7,7,True,True,25,0.9979099
4,1,7,2,0,1,7,[7.0],False,B1_trial7_rep2_attempt0.csv,/Users/arthu/Desktop/CTM_Res-Pro/data/reach_to_grasp_dataset/data/participant_4/motion/B1_trial7_rep2_attempt0.csv,7,7,False,,,7,target_object_corrected,7,board_data_7,trial_number,224,319,95,harmonized_hand_active_board10,test,7,7,7,True,True,25,0.9954034
4,1,7,3,0,1,7,[7.0],False,B1_trial7_rep3_attempt0.csv,/Users/arthu/Desktop/CTM_Res-Pro/data/reach_to_grasp_dataset/data/participant_4/motion/B1_trial7_rep3_attempt0.csv,7,7,False,,,7,target_object_corrected,7,board_data_7,trial_number,219,270,51,harmonized_hand_active_board10,test,7,7,7,True,True,25,0.97327703
4,2,0,0,0,1,7,[7.0],False,B2_trial0_rep0_attempt0.csv,/Users/arthu/Desktop/CTM_Res-Pro/data/reach_to_grasp_dataset/data/participant_4/motion/B2_trial0_rep0_attempt0.csv,7,7,True,1.0,B2_trial0_rep1_attempt0.csv,7,target_object_corrected,0,board_data_0,trial_number,243,327,84,harmonized_hand_active_board10,test,7,7,7,True,True,25,0.9964489
4,2,0,1,0,1,7,[7.0],False,B2_trial0_rep1_attempt0.csv,/Users/arthu/Desktop/CTM_Res-Pro/data/reach_to_grasp_dataset/data/participant_4/motion/B2_trial0_rep1_attempt0.csv,7,7,False,,,7,target_object_corrected,0,board_data_0,trial_number,233,320,87,harmonized_hand_active_board10,test,7,7,7,True,True,25,0.9904305
4,2,0,2,0,1,7,[7.0],False,B2_trial0_rep2_attempt0.csv,/Users/arthu/Desktop/CTM_Res-Pro/data/reach_to_grasp_dataset/data/participant_4/motion/B2_trial0_rep2_attempt0.csv,7,7,False,,,7,target_object_corrected,0,board_data_0,trial_number,226,292,66,harmonized_hand_active_board10,test,7,7,7,True,True,25,0.99401295
4,2,0,3,0,1,7,[7.0],False,B2_trial0_rep3_attempt0.csv,/Users/arthu/Desktop/CTM_Res-Pro/data/reach_to_grasp_dataset/data/participant_4/motion/B2_trial0_rep3_attempt0.csv,7,7,False,,,7,target_object_corrected,0,board_data_0,trial_number,252,350,98,harmonized_hand_active_board10,test,7,7,7,True,True,25,0.9942733
4,2,1,0,0,1,6,"[0.0, 6.0]",True,B2_trial1_rep0_attempt0.csv,/Users/arthu/Desktop/CTM_Res-Pro/data/reach_to_grasp_dataset/data/participant_4/motion/B2_trial1_rep0_attempt0.csv,6,6,True,1.0,B2_trial1_rep1_attempt0.csv,6,target_object_corrected,1,board_data_1,trial_number,293,364,71,harmonized_hand_active_board10,test,6,6,6,True,True,25,0.9191683
4,2,1,1,0,1,6,[6.0],False,B2_trial1_rep1_attempt0.csv,/Users/arthu/Desktop/CTM_Res-Pro/data/reach_to_grasp_dataset/data/participant_4/motion/B2_trial1_rep1_attempt0.csv,6,6,False,,,6,target_object_corrected,1,board_data_1,trial_number,255,328,73,harmonized_hand_active_board10,test,6,6,6,True,True,25,0.89149135
4,2,1,2,0,1,6,[6.0],False,B2_trial1_rep2_attempt0.csv,/Users/arthu/Desktop/CTM_Res-Pro/data/reach_to_grasp_dataset/data/participant_4/motion/B2_trial1_rep2_attempt0.csv,6,6,False,,,6,target_object_corrected,1,board_data_1,trial_number,253,328,75,harmonized_hand_active_board10,test,6,6,6,True,True,25,0.9358881
4,2,1,3,0,1,6,[6.0],False,B2_trial1_rep3_attempt0.csv,/Users/arthu/Desktop/CTM_Res-Pro/data/reach_to_grasp_dataset/data/participant_4/motion/B2_trial1_rep3_attempt0.csv,6,6,False,,,6,target_object_corrected,1,board_data_1,trial_number,246,300,54,harmonized_hand_active_board10,test,6,6,6,True,True,25,0.9045296
4,2,2,0,0,1,5,"[1.0, 5.0]",True,B2_trial2_rep0_attempt0.csv,/Users/arthu/Desktop/CTM_Res-Pro/data/reach_to_grasp_dataset/data/participant_4/motion/B2_trial2_rep0_attempt0.csv,5,5,True,1.0,B2_trial2_rep1_attempt0.csv,5,target_object_corrected,2,board_data_2,trial_number,228,303,75,harmonized_hand_active_board10,test,5,5,5,True,True,25,0.9959426
4,2,2,1,0,1,5,[5.0],False,B2_trial2_rep1_attempt0.csv,/Users/arthu/Desktop/CTM_Res-Pro/data/reach_to_grasp_dataset/data/participant_4/motion/B2_trial2_rep1_attempt0.csv,5,5,False,,,5,target_object_corrected,2,board_data_2,trial_number,267,332,65,harmonized_hand_active_board10,test,5,5,5,True,True,25,0.9988337
4,2,2,2,0,1,5,[5.0],False,B2_trial2_rep2_attempt0.csv,/Users/arthu/Desktop/CTM_Res-Pro/data/reach_to_grasp_dataset/data/participant_4/motion/B2_trial2_rep2_attempt0.csv,5,5,False,,,5,target_object_corrected,2,board_data_2,trial_number,274,347,73,harmonized_hand_active_board10,test,5,5,5,True,True,25,0.99971694
4,2,2,3,1,1,5,[5.0],False,B2_trial2_rep3_attempt1.csv,/Users/arthu/Desktop/CTM_Res-Pro/data/reach_to_grasp_dataset/data/participant_4/motion/B2_trial2_rep3_attempt1.csv,5,5,False,,,5,target_object_corrected,2,board_data_2,trial_number,220,283,63,harmonized_hand_active_board10,test,5,5,5,True,True,25,0.99957764
4,2,3,0,0,1,4,"[2.0, 4.0]",True,B2_trial3_rep0_attempt0.csv,/Users/arthu/Desktop/CTM_Res-Pro/data/reach_to_grasp_dataset/data/participant_4/motion/B2_trial3_rep0_attempt0.csv,4,4,True,1.0,B2_trial3_rep1_attempt0.csv,4,target_object_corrected,3,board_data_3,trial_number,259,262,3,harmonized_hand_active_board10,test,4,4,4,True,True,25,0.9809938
4,2,3,1,0,1,4,[4.0],False,B2_trial3_rep1_attempt0.csv,/Users/arthu/Desktop/CTM_Res-Pro/data/reach_to_grasp_dataset/data/participant_4/motion/B2_trial3_rep1_attempt0.csv,4,4,False,,,4,target_object_corrected,3,board_data_3,trial_number,241,284,43,harmonized_hand_active_board10,test,4,4,4,True,True,25,0.9985494
4,2,3,2,0,1,4,[4.0],False,B2_trial3_rep2_attempt0.csv,/Users/arthu/Desktop/CTM_Res-Pro/data/reach_to_grasp_dataset/data/participant_4/motion/B2_trial3_rep2_attempt0.csv,4,4,False,,,4,target_object_corrected,3,board_data_3,trial_number,240,281,41,harmonized_hand_active_board10,test,4,4,4,True,True,25,0.9995582
4,2,3,3,0,1,4,[4.0],False,B2_trial3_rep3_attempt0.csv,/Users/arthu/Desktop/CTM_Res-Pro/data/reach_to_grasp_dataset/data/participant_4/motion/B2_trial3_rep3_attempt0.csv,4,4,False,,,4,target_object_corrected,3,board_data_3,trial_number,375,415,40,harmonized_hand_active_board10,test,4,4,4,True,True,25,0.9995993
4,2,4,0,0,1,3,[3.0],False,B2_trial4_rep0_attempt0.csv,/Users/arthu/Desktop/CTM_Res-Pro/data/reach_to_grasp_dataset/data/participant_4/motion/B2_trial4_rep0_attempt0.csv,3,3,True,1.0,B2_trial4_rep1_attempt0.csv,3,target_object_corrected,4,board_data_4,trial_number,223,291,68,harmonized_hand_active_board10,test,3,3,3,True,True,25,0.901653
4,2,4,1,0,1,3,[3.0],False,B2_trial4_rep1_attempt0.csv,/Users/arthu/Desktop/CTM_Res-Pro/data/reach_to_grasp_dataset/data/participant_4/motion/B2_trial4_rep1_attempt0.csv,3,3,False,,,3,target_object_corrected,4,board_data_4,trial_number,225,281,56,harmonized_hand_active_board10,test,3,3,3,True,True,25,0.8824186
4,2,4,2,0,1,3,[3.0],False,B2_trial4_rep2_attempt0.csv,/Users/arthu/Desktop/CTM_Res-Pro/data/reach_to_grasp_dataset/data/participant_4/motion/B2_trial4_rep2_attempt0.csv,3,3,False,,,3,target_object_corrected,4,board_data_4,trial_number,232,282,50,harmonized_hand_active_board10,test,3,3,3,True,True,25,0.84063673
4,2,4,3,0,1,3,[3.0],False,B2_trial4_rep3_attempt0.csv,/Users/arthu/Desktop/CTM_Res-Pro/data/reach_to_grasp_dataset/data/participant_4/motion/B2_trial4_rep3_attempt0.csv,3,3,False,,,3,target_object_corrected,4,board_data_4,trial_number,220,261,41,harmonized_hand_active_board10,test,3,3,3,True,True,25,0.7068185
4,2,5,0,0,1,2,"[4.0, 2.0]",True,B2_trial5_rep0_attempt0.csv,/Users/arthu/Desktop/CTM_Res-Pro/data/reach_to_grasp_dataset/data/participant_4/motion/B2_trial5_rep0_attempt0.csv,2,2,True,1.0,B2_trial5_rep1_attempt0.csv,2,target_object_corrected,5,board_data_5,trial_number,269,369,100,harmonized_hand_active_board10,test,2,6,6,False,False,25,0.914252
4,2,5,1,0,1,2,[2.0],False,B2_trial5_rep1_attempt0.csv,/Users/arthu/Desktop/CTM_Res-Pro/data/reach_to_grasp_dataset/data/participant_4/motion/B2_trial5_rep1_attempt0.csv,2,2,False,,,2,target_object_corrected,5,board_data_5,trial_number,229,295,66,harmonized_hand_active_board10,test,2,2,2,True,True,25,0.9598543
4,2,5,2,0,1,2,[2.0],False,B2_trial5_rep2_attempt0.csv,/Users/arthu/Desktop/CTM_Res-Pro/data/reach_to_grasp_dataset/data/participant_4/motion/B2_trial5_rep2_attempt0.csv,2,2,False,,,2,target_object_corrected,5,board_data_5,trial_number,216,292,76,harmonized_hand_active_board10,test,2,2,2,True,True,25,0.99880266
4,2,5,3,0,1,2,[2.0],False,B2_trial5_rep3_attempt0.csv,/Users/arthu/Desktop/CTM_Res-Pro/data/reach_to_grasp_dataset/data/participant_4/motion/B2_trial5_rep3_attempt0.csv,2,2,False,,,2,target_object_corrected,5,board_data_5,trial_number,283,364,81,harmonized_hand_active_board10,test,2,2,2,True,True,25,0.99521565
4,2,6,0,0,1,1,"[5.0, 1.0]",True,B2_trial6_rep0_attempt0.csv,/Users/arthu/Desktop/CTM_Res-Pro/data/reach_to_grasp_dataset/data/participant_4/motion/B2_trial6_rep0_attempt0.csv,1,1,True,1.0,B2_trial6_rep1_attempt0.csv,1,target_object_corrected,6,board_data_6,trial_number,205,249,44,harmonized_hand_active_board10,test,1,1,1,True,True,25,0.9960389
4,2,6,1,0,1,1,[1.0],False,B2_trial6_rep1_attempt0.csv,/Users/arthu/Desktop/CTM_Res-Pro/data/reach_to_grasp_dataset/data/participant_4/motion/B2_trial6_rep1_attempt0.csv,1,1,False,,,1,target_object_corrected,6,board_data_6,trial_number,336,383,47,harmonized_hand_active_board10,test,1,1,1,True,True,25,0.99701905
4,2,6,2,0,1,1,[1.0],False,B2_trial6_rep2_attempt0.csv,/Users/arthu/Desktop/CTM_Res-Pro/data/reach_to_grasp_dataset/data/participant_4/motion/B2_trial6_rep2_attempt0.csv,1,1,False,,,1,target_object_corrected,6,board_data_6,trial_number,236,288,52,harmonized_hand_active_board10,test,1,1,1,True,True,25,0.9954175
4,2,6,3,0,1,1,[1.0],False,B2_trial6_rep3_attempt0.csv,/Users/arthu/Desktop/CTM_Res-Pro/data/reach_to_grasp_dataset/data/participant_4/motion/B2_trial6_rep3_attempt0.csv,1,1,False,,,1,target_object_corrected,6,board_data_6,trial_number,237,286,49,harmonized_hand_active_board10,test,1,1,1,True,True,25,0.9952961
4,2,7,0,1,1,0,[0.0],False,B2_trial7_rep0_attempt1.csv,/Users/arthu/Desktop/CTM_Res-Pro/data/reach_to_grasp_dataset/data/participant_4/motion/B2_trial7_rep0_attempt1.csv,0,0,True,1.0,B2_trial7_rep1_attempt0.csv,0,target_object_corrected,7,board_data_7,trial_number,208,274,66,harmonized_hand_active_board10,test,0,0,0,True,True,25,0.9369216
4,2,7,1,0,1,0,[0.0],False,B2_trial7_rep1_attempt0.csv,/Users/arthu/Desktop/CTM_Res-Pro/data/reach_to_grasp_dataset/data/participant_4/motion/B2_trial7_rep1_attempt0.csv,0,0,False,,,0,target_object_corrected,7,board_data_7,trial_number,257,312,55,harmonized_hand_active_board10,test,0,1,1,False,False,25,0.69833684
4,2,7,2,0,1,0,[0.0],False,B2_trial7_rep2_attempt0.csv,/Users/arthu/Desktop/CTM_Res-Pro/data/reach_to_grasp_dataset/data/participant_4/motion/B2_trial7_rep2_attempt0.csv,0,0,False,,,0,target_object_corrected,7,board_data_7,trial_number,219,275,56,harmonized_hand_active_board10,test,0,1,1,False,False,21,0.85749984
4,2,7,3,0,1,0,[0.0],False,B2_trial7_rep3_attempt0.csv,/Users/arthu/Desktop/CTM_Res-Pro/data/reach_to_grasp_dataset/data/participant_4/motion/B2_trial7_rep3_attempt0.csv,0,0,False,,,0,target_object_corrected,7,board_data_7,trial_number,230,287,57,harmonized_hand_active_board10,test,0,2,2,False,False,23,0.66963416
4,3,0,0,0,1,3,"[7.0, 3.0]",True,B3_trial0_rep0_attempt0.csv,/Users/arthu/Desktop/CTM_Res-Pro/data/reach_to_grasp_dataset/data/participant_4/motion/B3_trial0_rep0_attempt0.csv,3,3,True,1.0,B3_trial0_rep1_attempt0.csv,3,target_object_corrected,0,board_data_0,trial_number,227,304,77,harmonized_hand_active_board10,test,3,3,3,True,True,25,0.77838314
4,3,0,1,0,1,3,[3.0],False,B3_trial0_rep1_attempt0.csv,/Users/arthu/Desktop/CTM_Res-Pro/data/reach_to_grasp_dataset/data/participant_4/motion/B3_trial0_rep1_attempt0.csv,3,3,False,,,3,target_object_corrected,0,board_data_0,trial_number,299,352,53,harmonized_hand_active_board10,test,3,3,3,True,True,25,0.8566722
4,3,0,2,0,1,3,[3.0],False,B3_trial0_rep2_attempt0.csv,/Users/arthu/Desktop/CTM_Res-Pro/data/reach_to_grasp_dataset/data/participant_4/motion/B3_trial0_rep2_attempt0.csv,3,3,False,,,3,target_object_corrected,0,board_data_0,trial_number,278,343,65,harmonized_hand_active_board10,test,3,3,3,True,True,25,0.8474153
4,3,0,3,0,1,3,[3.0],False,B3_trial0_rep3_attempt0.csv,/Users/arthu/Desktop/CTM_Res-Pro/data/reach_to_grasp_dataset/data/participant_4/motion/B3_trial0_rep3_attempt0.csv,3,3,False,,,3,target_object_corrected,0,board_data_0,trial_number,352,413,61,harmonized_hand_active_board10,test,3,3,3,True,True,25,0.75310886
4,3,1,0,0,1,2,"[0.0, 2.0]",True,B3_trial1_rep0_attempt0.csv,/Users/arthu/Desktop/CTM_Res-Pro/data/reach_to_grasp_dataset/data/participant_4/motion/B3_trial1_rep0_attempt0.csv,2,2,True,1.0,B3_trial1_rep1_attempt0.csv,2,target_object_corrected,1,board_data_1,trial_number,213,239,26,harmonized_hand_active_board10,test,2,6,6,False,False,25,0.9635397
4,3,1,1,0,1,2,[2.0],False,B3_trial1_rep1_attempt0.csv,/Users/arthu/Desktop/CTM_Res-Pro/data/reach_to_grasp_dataset/data/participant_4/motion/B3_trial1_rep1_attempt0.csv,2,2,False,,,2,target_object_corrected,1,board_data_1,trial_number,278,351,73,harmonized_hand_active_board10,test,2,2,2,True,True,25,0.95998544
4,3,1,2,0,1,2,[2.0],False,B3_trial1_rep2_attempt0.csv,/Users/arthu/Desktop/CTM_Res-Pro/data/reach_to_grasp_dataset/data/participant_4/motion/B3_trial1_rep2_attempt0.csv,2,2,False,,,2,target_object_corrected,1,board_data_1,trial_number,296,365,69,harmonized_hand_active_board10,test,2,2,2,True,True,25,0.9582086
4,3,1,3,0,1,2,[2.0],False,B3_trial1_rep3_attempt0.csv,/Users/arthu/Desktop/CTM_Res-Pro/data/reach_to_grasp_dataset/data/participant_4/motion/B3_trial1_rep3_attempt0.csv,2,2,False,,,2,target_object_corrected,1,board_data_1,trial_number,231,297,66,harmonized_hand_active_board10,test,2,2,2,True,True,25,0.9600321
4,3,2,0,0,1,1,[1.0],False,B3_trial2_rep0_attempt0.csv,/Users/arthu/Desktop/CTM_Res-Pro/data/reach_to_grasp_dataset/data/participant_4/motion/B3_trial2_rep0_attempt0.csv,1,1,True,1.0,B3_trial2_rep1_attempt0.csv,1,target_object_corrected,2,board_data_2,trial_number,234,280,46,harmonized_hand_active_board10,test,1,1,1,True,True,25,0.80370593
4,3,2,1,0,1,1,[1.0],False,B3_trial2_rep1_attempt0.csv,/Users/arthu/Desktop/CTM_Res-Pro/data/reach_to_grasp_dataset/data/participant_4/motion/B3_trial2_rep1_attempt0.csv,1,1,False,,,1,target_object_corrected,2,board_data_2,trial_number,236,283,47,harmonized_hand_active_board10,test,1,1,1,True,True,25,0.99491155
4,3,2,2,0,1,1,[1.0],False,B3_trial2_rep2_attempt0.csv,/Users/arthu/Desktop/CTM_Res-Pro/data/reach_to_grasp_dataset/data/participant_4/motion/B3_trial2_rep2_attempt0.csv,1,1,False,,,1,target_object_corrected,2,board_data_2,trial_number,274,334,60,harmonized_hand_active_board10,test,1,1,1,True,True,25,0.99758255
4,3,2,3,0,1,1,[1.0],False,B3_trial2_rep3_attempt0.csv,/Users/arthu/Desktop/CTM_Res-Pro/data/reach_to_grasp_dataset/data/participant_4/motion/B3_trial2_rep3_attempt0.csv,1,1,False,,,1,target_object_corrected,2,board_data_2,trial_number,336,379,43,harmonized_hand_active_board10,test,1,1,1,True,True,25,0.9982464
4,3,3,0,0,1,0,"[2.0, 0.0]",True,B3_trial3_rep0_attempt0.csv,/Users/arthu/Desktop/CTM_Res-Pro/data/reach_to_grasp_dataset/data/participant_4/motion/B3_trial3_rep0_attempt0.csv,0,0,True,1.0,B3_trial3_rep1_attempt0.csv,0,target_object_corrected,3,board_data_3,trial_number,237,293,56,harmonized_hand_active_board10,test,0,0,0,True,True,25,0.7524341
4,3,3,1,0,1,0,[0.0],False,B3_trial3_rep1_attempt0.csv,/Users/arthu/Desktop/CTM_Res-Pro/data/reach_to_grasp_dataset/data/participant_4/motion/B3_trial3_rep1_attempt0.csv,0,0,False,,,0,target_object_corrected,3,board_data_3,trial_number,219,276,57,harmonized_hand_active_board10,test,0,1,1,False,False,25,0.986243
4,3,3,2,0,1,0,[0.0],False,B3_trial3_rep2_attempt0.csv,/Users/arthu/Desktop/CTM_Res-Pro/data/reach_to_grasp_dataset/data/participant_4/motion/B3_trial3_rep2_attempt0.csv,0,0,False,,,0,target_object_corrected,3,board_data_3,trial_number,258,317,59,harmonized_hand_active_board10,test,0,0,0,True,True,25,0.85612273
4,3,3,3,0,1,0,[0.0],False,B3_trial3_rep3_attempt0.csv,/Users/arthu/Desktop/CTM_Res-Pro/data/reach_to_grasp_dataset/data/participant_4/motion/B3_trial3_rep3_attempt0.csv,0,0,False,,,0,target_object_corrected,3,board_data_3,trial_number,290,343,53,harmonized_hand_active_board10,test,0,0,0,True,True,25,0.9927519
4,3,4,0,0,1,7,"[3.0, 7.0]",True,B3_trial4_rep0_attempt0.csv,/Users/arthu/Desktop/CTM_Res-Pro/data/reach_to_grasp_dataset/data/participant_4/motion/B3_trial4_rep0_attempt0.csv,7,7,True,1.0,B3_trial4_rep1_attempt0.csv,7,target_object_corrected,4,board_data_4,trial_number,244,314,70,harmonized_hand_active_board10,test,7,7,7,True,True,25,0.9980087
4,3,4,1,0,1,7,[7.0],False,B3_trial4_rep1_attempt0.csv,/Users/arthu/Desktop/CTM_Res-Pro/data/reach_to_grasp_dataset/data/participant_4/motion/B3_trial4_rep1_attempt0.csv,7,7,False,,,7,target_object_corrected,4,board_data_4,trial_number,279,375,96,harmonized_hand_active_board10,test,7,7,7,True,True,25,0.9959204
4,3,4,2,0,1,7,[7.0],False,B3_trial4_rep2_attempt0.csv,/Users/arthu/Desktop/CTM_Res-Pro/data/reach_to_grasp_dataset/data/participant_4/motion/B3_trial4_rep2_attempt0.csv,7,7,False,,,7,target_object_corrected,4,board_data_4,trial_number,239,299,60,harmonized_hand_active_board10,test,7,7,7,True,True,25,0.9982532
4,3,4,3,0,1,7,[7.0],False,B3_trial4_rep3_attempt0.csv,/Users/arthu/Desktop/CTM_Res-Pro/data/reach_to_grasp_dataset/data/participant_4/motion/B3_trial4_rep3_attempt0.csv,7,7,False,,,7,target_object_corrected,4,board_data_4,trial_number,248,309,61,harmonized_hand_active_board10,test,7,7,7,True,True,25,0.9969105
4,3,5,0,0,1,6,"[4.0, 6.0]",True,B3_trial5_rep0_attempt0.csv,/Users/arthu/Desktop/CTM_Res-Pro/data/reach_to_grasp_dataset/data/participant_4/motion/B3_trial5_rep0_attempt0.csv,6,6,True,1.0,B3_trial5_rep1_attempt0.csv,6,target_object_corrected,5,board_data_5,trial_number,231,297,66,harmonized_hand_active_board10,test,6,6,6,True,True,25,0.98570424
4,3,5,1,0,1,6,[6.0],False,B3_trial5_rep1_attempt0.csv,/Users/arthu/Desktop/CTM_Res-Pro/data/reach_to_grasp_dataset/data/participant_4/motion/B3_trial5_rep1_attempt0.csv,6,6,False,,,6,target_object_corrected,5,board_data_5,trial_number,215,283,68,harmonized_hand_active_board10,test,6,6,6,True,True,25,0.7172714
4,3,5,2,0,1,6,[6.0],False,B3_trial5_rep2_attempt0.csv,/Users/arthu/Desktop/CTM_Res-Pro/data/reach_to_grasp_dataset/data/participant_4/motion/B3_trial5_rep2_attempt0.csv,6,6,False,,,6,target_object_corrected,5,board_data_5,trial_number,223,303,80,harmonized_hand_active_board10,test,6,6,6,True,True,25,0.92334586
4,3,5,3,0,1,6,[6.0],False,B3_trial5_rep3_attempt0.csv,/Users/arthu/Desktop/CTM_Res-Pro/data/reach_to_grasp_dataset/data/participant_4/motion/B3_trial5_rep3_attempt0.csv,6,6,False,,,6,target_object_corrected,5,board_data_5,trial_number,227,301,74,harmonized_hand_active_board10,test,6,6,6,True,True,25,0.74520826
4,3,6,0,1,1,5,[5.0],False,B3_trial6_rep0_attempt1.csv,/Users/arthu/Desktop/CTM_Res-Pro/data/reach_to_grasp_dataset/data/participant_4/motion/B3_trial6_rep0_attempt1.csv,5,5,True,1.0,B3_trial6_rep1_attempt0.csv,5,target_object_corrected,6,board_data_6,trial_number,253,339,86,harmonized_hand_active_board10,test,5,5,5,True,True,25,0.99990195
4,3,6,1,0,1,5,[5.0],False,B3_trial6_rep1_attempt0.csv,/Users/arthu/Desktop/CTM_Res-Pro/data/reach_to_grasp_dataset/data/participant_4/motion/B3_trial6_rep1_attempt0.csv,5,5,False,,,5,target_object_corrected,6,board_data_6,trial_number,321,408,87,harmonized_hand_active_board10,test,5,5,5,True,True,25,0.9986371
4,3,6,2,0,1,5,[5.0],False,B3_trial6_rep2_attempt0.csv,/Users/arthu/Desktop/CTM_Res-Pro/data/reach_to_grasp_dataset/data/participant_4/motion/B3_trial6_rep2_attempt0.csv,5,5,False,,,5,target_object_corrected,6,board_data_6,trial_number,277,399,122,harmonized_hand_active_board10,test,5,5,5,True,True,25,0.99984944
4,3,6,3,0,1,5,[5.0],False,B3_trial6_rep3_attempt0.csv,/Users/arthu/Desktop/CTM_Res-Pro/data/reach_to_grasp_dataset/data/participant_4/motion/B3_trial6_rep3_attempt0.csv,5,5,False,,,5,target_object_corrected,6,board_data_6,trial_number,243,354,111,harmonized_hand_active_board10,test,5,5,5,True,True,25,0.9999046
4,3,7,0,1,1,4,[4.0],False,B3_trial7_rep0_attempt1.csv,/Users/arthu/Desktop/CTM_Res-Pro/data/reach_to_grasp_dataset/data/participant_4/motion/B3_trial7_rep0_attempt1.csv,4,4,True,1.0,B3_trial7_rep1_attempt0.csv,4,target_object_corrected,7,board_data_7,trial_number,55,124,69,harmonized_hand_active_board10,test,4,4,4,True,True,20,0.6736686
4,3,7,1,0,1,4,[4.0],False,B3_trial7_rep1_attempt0.csv,/Users/arthu/Desktop/CTM_Res-Pro/data/reach_to_grasp_dataset/data/participant_4/motion/B3_trial7_rep1_attempt0.csv,4,4,False,,,4,target_object_corrected,7,board_data_7,trial_number,175,251,76,harmonized_hand_active_board10,test,4,4,4,True,True,25,0.9945796
4,3,7,2,0,1,4,[4.0],False,B3_trial7_rep2_attempt0.csv,/Users/arthu/Desktop/CTM_Res-Pro/data/reach_to_grasp_dataset/data/participant_4/motion/B3_trial7_rep2_attempt0.csv,4,4,False,,,4,target_object_corrected,7,board_data_7,trial_number,223,296,73,harmonized_hand_active_board10,test,4,4,4,True,True,25,0.9901717
4,3,7,3,0,1,4,[4.0],False,B3_trial7_rep3_attempt0.csv,/Users/arthu/Desktop/CTM_Res-Pro/data/reach_to_grasp_dataset/data/participant_4/motion/B3_trial7_rep3_attempt0.csv,4,4,False,,,4,target_object_corrected,7,board_data_7,trial_number,259,336,77,harmonized_hand_active_board10,test,4,4,4,True,True,25,0.9979389
4,4,0,0,0,1,4,"[7.0, 4.0]",True,B4_trial0_rep0_attempt0.csv,/Users/arthu/Desktop/CTM_Res-Pro/data/reach_to_grasp_dataset/data/participant_4/motion/B4_trial0_rep0_attempt0.csv,4,4,True,1.0,B4_trial0_rep1_attempt0.csv,4,target_object_corrected,0,board_data_0,trial_number,210,257,47,harmonized_hand_active_board10,test,4,4,4,True,True,25,0.9997269
4,4,0,1,0,1,4,[4.0],False,B4_trial0_rep1_attempt0.csv,/Users/arthu/Desktop/CTM_Res-Pro/data/reach_to_grasp_dataset/data/participant_4/motion/B4_trial0_rep1_attempt0.csv,4,4,False,,,4,target_object_corrected,0,board_data_0,trial_number,325,389,64,harmonized_hand_active_board10,test,4,4,4,True,True,25,0.9999394
4,4,0,2,0,1,4,[4.0],False,B4_trial0_rep2_attempt0.csv,/Users/arthu/Desktop/CTM_Res-Pro/data/reach_to_grasp_dataset/data/participant_4/motion/B4_trial0_rep2_attempt0.csv,4,4,False,,,4,target_object_corrected,0,board_data_0,trial_number,277,337,60,harmonized_hand_active_board10,test,4,4,4,True,True,25,0.9999048
4,4,0,3,0,1,4,[4.0],False,B4_trial0_rep3_attempt0.csv,/Users/arthu/Desktop/CTM_Res-Pro/data/reach_to_grasp_dataset/data/participant_4/motion/B4_trial0_rep3_attempt0.csv,4,4,False,,,4,target_object_corrected,0,board_data_0,trial_number,344,405,61,harmonized_hand_active_board10,test,4,4,4,True,True,25,0.9998211
4,4,1,0,0,1,5,"[0.0, 5.0]",True,B4_trial1_rep0_attempt0.csv,/Users/arthu/Desktop/CTM_Res-Pro/data/reach_to_grasp_dataset/data/participant_4/motion/B4_trial1_rep0_attempt0.csv,5,5,True,1.0,B4_trial1_rep1_attempt0.csv,5,target_object_corrected,1,board_data_1,trial_number,225,298,73,harmonized_hand_active_board10,test,5,5,5,True,True,25,0.99801654
4,4,1,1,0,1,5,[5.0],False,B4_trial1_rep1_attempt0.csv,/Users/arthu/Desktop/CTM_Res-Pro/data/reach_to_grasp_dataset/data/participant_4/motion/B4_trial1_rep1_attempt0.csv,5,5,False,,,5,target_object_corrected,1,board_data_1,trial_number,227,290,63,harmonized_hand_active_board10,test,5,5,5,True,True,25,0.99089897
4,4,1,2,0,1,5,[5.0],False,B4_trial1_rep2_attempt0.csv,/Users/arthu/Desktop/CTM_Res-Pro/data/reach_to_grasp_dataset/data/participant_4/motion/B4_trial1_rep2_attempt0.csv,5,5,False,,,5,target_object_corrected,1,board_data_1,trial_number,234,294,60,harmonized_hand_active_board10,test,5,5,5,True,True,25,0.99798954
4,4,1,3,0,1,5,[5.0],False,B4_trial1_rep3_attempt0.csv,/Users/arthu/Desktop/CTM_Res-Pro/data/reach_to_grasp_dataset/data/participant_4/motion/B4_trial1_rep3_attempt0.csv,5,5,False,,,5,target_object_corrected,1,board_data_1,trial_number,288,344,56,harmonized_hand_active_board10,test,5,5,5,True,True,25,0.992954
4,4,2,0,0,1,6,"[1.0, 6.0]",True,B4_trial2_rep0_attempt0.csv,/Users/arthu/Desktop/CTM_Res-Pro/data/reach_to_grasp_dataset/data/participant_4/motion/B4_trial2_rep0_attempt0.csv,6,6,True,1.0,B4_trial2_rep1_attempt0.csv,6,target_object_corrected,2,board_data_2,trial_number,319,380,61,harmonized_hand_active_board10,test,6,6,6,True,True,25,0.9399685
4,4,2,1,0,1,6,[6.0],False,B4_trial2_rep1_attempt0.csv,/Users/arthu/Desktop/CTM_Res-Pro/data/reach_to_grasp_dataset/data/participant_4/motion/B4_trial2_rep1_attempt0.csv,6,6,False,,,6,target_object_corrected,2,board_data_2,trial_number,236,304,68,harmonized_hand_active_board10,test,6,6,6,True,True,25,0.70685637
4,4,2,2,0,1,6,[6.0],False,B4_trial2_rep2_attempt0.csv,/Users/arthu/Desktop/CTM_Res-Pro/data/reach_to_grasp_dataset/data/participant_4/motion/B4_trial2_rep2_attempt0.csv,6,6,False,,,6,target_object_corrected,2,board_data_2,trial_number,231,292,61,harmonized_hand_active_board10,test,6,6,6,True,True,25,0.8227414
4,4,2,3,0,1,6,[6.0],False,B4_trial2_rep3_attempt0.csv,/Users/arthu/Desktop/CTM_Res-Pro/data/reach_to_grasp_dataset/data/participant_4/motion/B4_trial2_rep3_attempt0.csv,6,6,False,,,6,target_object_corrected,2,board_data_2,trial_number,238,286,48,harmonized_hand_active_board10,test,6,6,6,True,True,25,0.8323666
4,4,3,0,1,1,7,[7.0],False,B4_trial3_rep0_attempt1.csv,/Users/arthu/Desktop/CTM_Res-Pro/data/reach_to_grasp_dataset/data/participant_4/motion/B4_trial3_rep0_attempt1.csv,7,7,True,1.0,B4_trial3_rep1_attempt0.csv,7,target_object_corrected,3,board_data_3,trial_number,223,285,62,harmonized_hand_active_board10,test,7,7,7,True,True,25,0.97913873
4,4,3,1,0,1,7,[7.0],False,B4_trial3_rep1_attempt0.csv,/Users/arthu/Desktop/CTM_Res-Pro/data/reach_to_grasp_dataset/data/participant_4/motion/B4_trial3_rep1_attempt0.csv,7,7,False,,,7,target_object_corrected,3,board_data_3,trial_number,221,265,44,harmonized_hand_active_board10,test,7,7,7,True,True,25,0.97206724
4,4,3,2,0,1,7,[7.0],False,B4_trial3_rep2_attempt0.csv,/Users/arthu/Desktop/CTM_Res-Pro/data/reach_to_grasp_dataset/data/participant_4/motion/B4_trial3_rep2_attempt0.csv,7,7,False,,,7,target_object_corrected,3,board_data_3,trial_number,224,279,55,harmonized_hand_active_board10,test,7,7,7,True,True,25,0.9922133
4,4,3,3,0,1,7,[7.0],False,B4_trial3_rep3_attempt0.csv,/Users/arthu/Desktop/CTM_Res-Pro/data/reach_to_grasp_dataset/data/participant_4/motion/B4_trial3_rep3_attempt0.csv,7,7,False,,,7,target_object_corrected,3,board_data_3,trial_number,265,367,102,harmonized_hand_active_board10,test,7,7,7,True,True,25,0.99664885
4,4,4,0,1,1,0,[0.0],False,B4_trial4_rep0_attempt1.csv,/Users/arthu/Desktop/CTM_Res-Pro/data/reach_to_grasp_dataset/data/participant_4/motion/B4_trial4_rep0_attempt1.csv,0,0,True,1.0,B4_trial4_rep1_attempt0.csv,0,target_object_corrected,4,board_data_4,trial_number,249,299,50,harmonized_hand_active_board10,test,0,0,0,True,True,25,0.9419707
4,4,4,1,0,1,0,[0.0],False,B4_trial4_rep1_attempt0.csv,/Users/arthu/Desktop/CTM_Res-Pro/data/reach_to_grasp_dataset/data/participant_4/motion/B4_trial4_rep1_attempt0.csv,0,0,False,,,0,target_object_corrected,4,board_data_4,trial_number,276,333,57,harmonized_hand_active_board10,test,0,0,0,True,True,25,0.9548308
4,4,4,2,0,1,0,[0.0],False,B4_trial4_rep2_attempt0.csv,/Users/arthu/Desktop/CTM_Res-Pro/data/reach_to_grasp_dataset/data/participant_4/motion/B4_trial4_rep2_attempt0.csv,0,0,False,,,0,target_object_corrected,4,board_data_4,trial_number,267,320,53,harmonized_hand_active_board10,test,0,0,0,True,True,25,0.97726244
4,4,4,3,0,1,0,[0.0],False,B4_trial4_rep3_attempt0.csv,/Users/arthu/Desktop/CTM_Res-Pro/data/reach_to_grasp_dataset/data/participant_4/motion/B4_trial4_rep3_attempt0.csv,0,0,False,,,0,target_object_corrected,4,board_data_4,trial_number,385,438,53,harmonized_hand_active_board10,test,0,0,0,True,True,25,0.9809408
4,4,5,0,0,1,1,"[4.0, 1.0]",True,B4_trial5_rep0_attempt0.csv,/Users/arthu/Desktop/CTM_Res-Pro/data/reach_to_grasp_dataset/data/participant_4/motion/B4_trial5_rep0_attempt0.csv,1,1,True,1.0,B4_trial5_rep1_attempt0.csv,1,target_object_corrected,5,board_data_5,trial_number,284,339,55,harmonized_hand_active_board10,test,1,1,1,True,True,25,0.8562292
4,4,5,1,0,1,1,[1.0],False,B4_trial5_rep1_attempt0.csv,/Users/arthu/Desktop/CTM_Res-Pro/data/reach_to_grasp_dataset/data/participant_4/motion/B4_trial5_rep1_attempt0.csv,1,1,False,,,1,target_object_corrected,5,board_data_5,trial_number,328,388,60,harmonized_hand_active_board10,test,1,1,1,True,True,25,0.9987166
4,4,5,2,0,1,1,[1.0],False,B4_trial5_rep2_attempt0.csv,/Users/arthu/Desktop/CTM_Res-Pro/data/reach_to_grasp_dataset/data/participant_4/motion/B4_trial5_rep2_attempt0.csv,1,1,False,,,1,target_object_corrected,5,board_data_5,trial_number,255,318,63,harmonized_hand_active_board10,test,1,1,1,True,True,25,0.9993998
4,4,5,3,0,1,1,[1.0],False,B4_trial5_rep3_attempt0.csv,/Users/arthu/Desktop/CTM_Res-Pro/data/reach_to_grasp_dataset/data/participant_4/motion/B4_trial5_rep3_attempt0.csv,1,1,False,,,1,target_object_corrected,5,board_data_5,trial_number,272,327,55,harmonized_hand_active_board10,test,1,1,1,True,True,25,0.99907225
4,4,6,0,0,1,2,"[5.0, 2.0]",True,B4_trial6_rep0_attempt0.csv,/Users/arthu/Desktop/CTM_Res-Pro/data/reach_to_grasp_dataset/data/participant_4/motion/B4_trial6_rep0_attempt0.csv,2,2,True,1.0,B4_trial6_rep1_attempt0.csv,2,target_object_corrected,6,board_data_6,trial_number,223,294,71,harmonized_hand_active_board10,test,2,2,2,True,True,25,0.92319316
4,4,6,1,0,1,2,[2.0],False,B4_trial6_rep1_attempt0.csv,/Users/arthu/Desktop/CTM_Res-Pro/data/reach_to_grasp_dataset/data/participant_4/motion/B4_trial6_rep1_attempt0.csv,2,2,False,,,2,target_object_corrected,6,board_data_6,trial_number,272,368,96,harmonized_hand_active_board10,test,2,2,2,True,True,25,0.9917814
4,4,6,2,0,1,2,[2.0],False,B4_trial6_rep2_attempt0.csv,/Users/arthu/Desktop/CTM_Res-Pro/data/reach_to_grasp_dataset/data/participant_4/motion/B4_trial6_rep2_attempt0.csv,2,2,False,,,2,target_object_corrected,6,board_data_6,trial_number,299,404,105,harmonized_hand_active_board10,test,2,2,2,True,True,25,0.9557442
4,4,6,3,0,1,2,[2.0],False,B4_trial6_rep3_attempt0.csv,/Users/arthu/Desktop/CTM_Res-Pro/data/reach_to_grasp_dataset/data/participant_4/motion/B4_trial6_rep3_attempt0.csv,2,2,False,,,2,target_object_corrected,6,board_data_6,trial_number,235,374,139,harmonized_hand_active_board10,test,2,2,2,True,True,25,0.9477262
4,4,7,0,0,1,3,"[6.0, 3.0]",True,B4_trial7_rep0_attempt0.csv,/Users/arthu/Desktop/CTM_Res-Pro/data/reach_to_grasp_dataset/data/participant_4/motion/B4_trial7_rep0_attempt0.csv,3,3,True,1.0,B4_trial7_rep1_attempt0.csv,3,target_object_corrected,7,board_data_7,trial_number,238,299,61,harmonized_hand_active_board10,test,3,3,3,True,True,25,0.7768043
4,4,7,1,0,1,3,[3.0],False,B4_trial7_rep1_attempt0.csv,/Users/arthu/Desktop/CTM_Res-Pro/data/reach_to_grasp_dataset/data/participant_4/motion/B4_trial7_rep1_attempt0.csv,3,3,False,,,3,target_object_corrected,7,board_data_7,trial_number,230,283,53,harmonized_hand_active_board10,test,3,3,3,True,True,25,0.70664537
4,4,7,2,0,1,3,[3.0],False,B4_trial7_rep2_attempt0.csv,/Users/arthu/Desktop/CTM_Res-Pro/data/reach_to_grasp_dataset/data/participant_4/motion/B4_trial7_rep2_attempt0.csv,3,3,False,,,3,target_object_corrected,7,board_data_7,trial_number,212,271,59,harmonized_hand_active_board10,test,3,3,3,True,True,25,0.68036616
4,4,7,3,0,1,3,[3.0],False,B4_trial7_rep3_attempt0.csv,/Users/arthu/Desktop/CTM_Res-Pro/data/reach_to_grasp_dataset/data/participant_4/motion/B4_trial7_rep3_attempt0.csv,3,3,False,,,3,target_object_corrected,7,board_data_7,trial_number,235,295,60,harmonized_hand_active_board10,test,3,3,3,True,True,25,0.7473957
5,1,0,0,0,1,0,"[3.0, 0.0]",True,B1_trial0_rep0_attempt0.csv,/Users/arthu/Desktop/CTM_Res-Pro/data/reach_to_grasp_dataset/data/participant_5/motion/B1_trial0_rep0_attempt0.csv,0,0,True,1.0,B1_trial0_rep1_attempt0.csv,0,target_object_corrected,0,board_data_0,trial_number,218,283,65,harmonized_hand_active_board10,test,0,0,0,True,True,25,0.9987836
5,1,0,1,0,1,0,[0.0],False,B1_trial0_rep1_attempt0.csv,/Users/arthu/Desktop/CTM_Res-Pro/data/reach_to_grasp_dataset/data/participant_5/motion/B1_trial0_rep1_attempt0.csv,0,0,False,,,0,target_object_corrected,0,board_data_0,trial_number,222,278,56,harmonized_hand_active_board10,test,0,0,0,True,True,25,0.9994556
5,1,0,2,0,1,0,[0.0],False,B1_trial0_rep2_attempt0.csv,/Users/arthu/Desktop/CTM_Res-Pro/data/reach_to_grasp_dataset/data/participant_5/motion/B1_trial0_rep2_attempt0.csv,0,0,False,,,0,target_object_corrected,0,board_data_0,trial_number,234,294,60,harmonized_hand_active_board10,test,0,0,0,True,True,25,0.99910045
5,1,0,3,0,1,0,[0.0],False,B1_trial0_rep3_attempt0.csv,/Users/arthu/Desktop/CTM_Res-Pro/data/reach_to_grasp_dataset/data/participant_5/motion/B1_trial0_rep3_attempt0.csv,0,0,False,,,0,target_object_corrected,0,board_data_0,trial_number,235,294,59,harmonized_hand_active_board10,test,0,0,0,True,True,25,0.99952674
5,1,1,0,0,1,1,"[0.0, 1.0]",True,B1_trial1_rep0_attempt0.csv,/Users/arthu/Desktop/CTM_Res-Pro/data/reach_to_grasp_dataset/data/participant_5/motion/B1_trial1_rep0_attempt0.csv,1,1,True,1.0,B1_trial1_rep1_attempt0.csv,1,target_object_corrected,1,board_data_1,trial_number,233,300,67,harmonized_hand_active_board10,test,1,1,1,True,True,25,0.9987639
5,1,1,1,0,1,1,[1.0],False,B1_trial1_rep1_attempt0.csv,/Users/arthu/Desktop/CTM_Res-Pro/data/reach_to_grasp_dataset/data/participant_5/motion/B1_trial1_rep1_attempt0.csv,1,1,False,,,1,target_object_corrected,1,board_data_1,trial_number,223,287,64,harmonized_hand_active_board10,test,1,1,1,True,True,25,0.9952712
5,1,1,2,0,1,1,[1.0],False,B1_trial1_rep2_attempt0.csv,/Users/arthu/Desktop/CTM_Res-Pro/data/reach_to_grasp_dataset/data/participant_5/motion/B1_trial1_rep2_attempt0.csv,1,1,False,,,1,target_object_corrected,1,board_data_1,trial_number,215,284,69,harmonized_hand_active_board10,test,1,1,1,True,True,25,0.910389
5,1,1,3,0,1,1,[1.0],False,B1_trial1_rep3_attempt0.csv,/Users/arthu/Desktop/CTM_Res-Pro/data/reach_to_grasp_dataset/data/participant_5/motion/B1_trial1_rep3_attempt0.csv,1,1,False,,,1,target_object_corrected,1,board_data_1,trial_number,241,307,66,harmonized_hand_active_board10,test,1,1,1,True,True,25,0.92639893
5,1,2,0,0,1,2,"[1.0, 2.0]",True,B1_trial2_rep0_attempt0.csv,/Users/arthu/Desktop/CTM_Res-Pro/data/reach_to_grasp_dataset/data/participant_5/motion/B1_trial2_rep0_attempt0.csv,2,2,True,1.0,B1_trial2_rep1_attempt0.csv,2,target_object_corrected,2,board_data_2,trial_number,238,315,77,harmonized_hand_active_board10,test,2,2,2,True,True,25,0.98373985
5,1,2,1,0,1,2,[2.0],False,B1_trial2_rep1_attempt0.csv,/Users/arthu/Desktop/CTM_Res-Pro/data/reach_to_grasp_dataset/data/participant_5/motion/B1_trial2_rep1_attempt0.csv,2,2,False,,,2,target_object_corrected,2,board_data_2,trial_number,233,299,66,harmonized_hand_active_board10,test,2,2,2,True,True,25,0.95262975
5,1,2,2,0,1,2,[2.0],False,B1_trial2_rep2_attempt0.csv,/Users/arthu/Desktop/CTM_Res-Pro/data/reach_to_grasp_dataset/data/participant_5/motion/B1_trial2_rep2_attempt0.csv,2,2,False,,,2,target_object_corrected,2,board_data_2,trial_number,236,295,59,harmonized_hand_active_board10,test,2,2,2,True,True,25,0.9013114
5,1,2,3,0,1,2,[2.0],False,B1_trial2_rep3_attempt0.csv,/Users/arthu/Desktop/CTM_Res-Pro/data/reach_to_grasp_dataset/data/participant_5/motion/B1_trial2_rep3_attempt0.csv,2,2,False,,,2,target_object_corrected,2,board_data_2,trial_number,237,294,57,harmonized_hand_active_board10,test,2,2,2,True,True,25,0.9154526
5,1,3,0,0,1,3,"[2.0, 3.0]",True,B1_trial3_rep0_attempt0.csv,/Users/arthu/Desktop/CTM_Res-Pro/data/reach_to_grasp_dataset/data/participant_5/motion/B1_trial3_rep0_attempt0.csv,3,3,True,1.0,B1_trial3_rep1_attempt0.csv,3,target_object_corrected,3,board_data_3,trial_number,237,309,72,harmonized_hand_active_board10,test,3,3,3,True,True,25,0.9991478
5,1,3,1,0,1,3,[3.0],False,B1_trial3_rep1_attempt0.csv,/Users/arthu/Desktop/CTM_Res-Pro/data/reach_to_grasp_dataset/data/participant_5/motion/B1_trial3_rep1_attempt0.csv,3,3,False,,,3,target_object_corrected,3,board_data_3,trial_number,251,301,50,harmonized_hand_active_board10,test,3,3,3,True,True,25,0.9991627
5,1,3,2,0,1,3,[3.0],False,B1_trial3_rep2_attempt0.csv,/Users/arthu/Desktop/CTM_Res-Pro/data/reach_to_grasp_dataset/data/participant_5/motion/B1_trial3_rep2_attempt0.csv,3,3,False,,,3,target_object_corrected,3,board_data_3,trial_number,245,294,49,harmonized_hand_active_board10,test,3,3,3,True,True,25,0.9932662
5,1,3,3,0,1,3,[3.0],False,B1_trial3_rep3_attempt0.csv,/Users/arthu/Desktop/CTM_Res-Pro/data/reach_to_grasp_dataset/data/participant_5/motion/B1_trial3_rep3_attempt0.csv,3,3,False,,,3,target_object_corrected,3,board_data_3,trial_number,252,291,39,harmonized_hand_active_board10,test,3,3,3,True,True,25,0.9829966
5,1,4,0,0,1,4,"[3.0, 4.0]",True,B1_trial4_rep0_attempt0.csv,/Users/arthu/Desktop/CTM_Res-Pro/data/reach_to_grasp_dataset/data/participant_5/motion/B1_trial4_rep0_attempt0.csv,4,4,True,1.0,B1_trial4_rep1_attempt0.csv,4,target_object_corrected,4,board_data_4,trial_number,235,304,69,harmonized_hand_active_board10,test,4,4,4,True,True,25,0.99274236
5,1,4,1,0,1,4,[4.0],False,B1_trial4_rep1_attempt0.csv,/Users/arthu/Desktop/CTM_Res-Pro/data/reach_to_grasp_dataset/data/participant_5/motion/B1_trial4_rep1_attempt0.csv,4,4,False,,,4,target_object_corrected,4,board_data_4,trial_number,221,278,57,harmonized_hand_active_board10,test,4,4,4,True,True,25,0.99651384
5,1,4,2,0,1,4,[4.0],False,B1_trial4_rep2_attempt0.csv,/Users/arthu/Desktop/CTM_Res-Pro/data/reach_to_grasp_dataset/data/participant_5/motion/B1_trial4_rep2_attempt0.csv,4,4,False,,,4,target_object_corrected,4,board_data_4,trial_number,227,284,57,harmonized_hand_active_board10,test,4,4,4,True,True,25,0.99606115
5,1,4,3,0,1,4,[4.0],False,B1_trial4_rep3_attempt0.csv,/Users/arthu/Desktop/CTM_Res-Pro/data/reach_to_grasp_dataset/data/participant_5/motion/B1_trial4_rep3_attempt0.csv,4,4,False,,,4,target_object_corrected,4,board_data_4,trial_number,230,284,54,harmonized_hand_active_board10,test,4,4,4,True,True,25,0.99835646
5,1,5,0,0,1,5,"[4.0, 5.0]",True,B1_trial5_rep0_attempt0.csv,/Users/arthu/Desktop/CTM_Res-Pro/data/reach_to_grasp_dataset/data/participant_5/motion/B1_trial5_rep0_attempt0.csv,5,5,True,1.0,B1_trial5_rep1_attempt0.csv,5,target_object_corrected,5,board_data_5,trial_number,221,294,73,harmonized_hand_active_board10,test,5,5,5,True,True,25,0.9961471
5,1,5,1,0,1,5,[5.0],False,B1_trial5_rep1_attempt0.csv,/Users/arthu/Desktop/CTM_Res-Pro/data/reach_to_grasp_dataset/data/participant_5/motion/B1_trial5_rep1_attempt0.csv,5,5,False,,,5,target_object_corrected,5,board_data_5,trial_number,222,299,77,harmonized_hand_active_board10,test,5,5,5,True,True,25,0.99900377
5,1,5,2,0,1,5,[5.0],False,B1_trial5_rep2_attempt0.csv,/Users/arthu/Desktop/CTM_Res-Pro/data/reach_to_grasp_dataset/data/participant_5/motion/B1_trial5_rep2_attempt0.csv,5,5,False,,,5,target_object_corrected,5,board_data_5,trial_number,224,294,70,harmonized_hand_active_board10,test,5,5,5,True,True,25,0.91215664
5,1,5,3,0,1,5,[5.0],False,B1_trial5_rep3_attempt0.csv,/Users/arthu/Desktop/CTM_Res-Pro/data/reach_to_grasp_dataset/data/participant_5/motion/B1_trial5_rep3_attempt0.csv,5,5,False,,,5,target_object_corrected,5,board_data_5,trial_number,225,290,65,harmonized_hand_active_board10,test,5,5,5,True,True,25,0.9948438
5,1,6,0,0,1,6,"[5.0, 6.0]",True,B1_trial6_rep0_attempt0.csv,/Users/arthu/Desktop/CTM_Res-Pro/data/reach_to_grasp_dataset/data/participant_5/motion/B1_trial6_rep0_attempt0.csv,6,6,True,1.0,B1_trial6_rep1_attempt0.csv,6,target_object_corrected,6,board_data_6,trial_number,220,319,99,harmonized_hand_active_board10,test,6,7,7,False,False,25,0.99917364
5,1,6,1,0,1,6,[6.0],False,B1_trial6_rep1_attempt0.csv,/Users/arthu/Desktop/CTM_Res-Pro/data/reach_to_grasp_dataset/data/participant_5/motion/B1_trial6_rep1_attempt0.csv,6,6,False,,,6,target_object_corrected,6,board_data_6,trial_number,220,293,73,harmonized_hand_active_board10,test,6,7,7,False,False,25,0.9956457
5,1,6,2,0,1,6,[6.0],False,B1_trial6_rep2_attempt0.csv,/Users/arthu/Desktop/CTM_Res-Pro/data/reach_to_grasp_dataset/data/participant_5/motion/B1_trial6_rep2_attempt0.csv,6,6,False,,,6,target_object_corrected,6,board_data_6,trial_number,226,320,94,harmonized_hand_active_board10,test,6,2,6,False,True,18,0.7343695
5,1,6,3,0,1,6,[6.0],False,B1_trial6_rep3_attempt0.csv,/Users/arthu/Desktop/CTM_Res-Pro/data/reach_to_grasp_dataset/data/participant_5/motion/B1_trial6_rep3_attempt0.csv,6,6,False,,,6,target_object_corrected,6,board_data_6,trial_number,223,308,85,harmonized_hand_active_board10,test,6,6,6,True,True,25,0.9986237
5,1,7,0,0,1,7,"[6.0, 7.0]",True,B1_trial7_rep0_attempt0.csv,/Users/arthu/Desktop/CTM_Res-Pro/data/reach_to_grasp_dataset/data/participant_5/motion/B1_trial7_rep0_attempt0.csv,7,7,True,1.0,B1_trial7_rep1_attempt0.csv,7,target_object_corrected,7,board_data_7,trial_number,227,302,75,harmonized_hand_active_board10,test,7,7,7,True,True,25,0.9990802
5,1,7,1,0,1,7,[7.0],False,B1_trial7_rep1_attempt0.csv,/Users/arthu/Desktop/CTM_Res-Pro/data/reach_to_grasp_dataset/data/participant_5/motion/B1_trial7_rep1_attempt0.csv,7,7,False,,,7,target_object_corrected,7,board_data_7,trial_number,235,325,90,harmonized_hand_active_board10,test,7,7,7,True,True,25,0.9998274
5,1,7,2,0,1,7,[7.0],False,B1_trial7_rep2_attempt0.csv,/Users/arthu/Desktop/CTM_Res-Pro/data/reach_to_grasp_dataset/data/participant_5/motion/B1_trial7_rep2_attempt0.csv,7,7,False,,,7,target_object_corrected,7,board_data_7,trial_number,230,297,67,harmonized_hand_active_board10,test,7,7,7,True,True,25,0.99670464
5,1,7,3,0,1,7,[7.0],False,B1_trial7_rep3_attempt0.csv,/Users/arthu/Desktop/CTM_Res-Pro/data/reach_to_grasp_dataset/data/participant_5/motion/B1_trial7_rep3_attempt0.csv,7,7,False,,,7,target_object_corrected,7,board_data_7,trial_number,229,306,77,harmonized_hand_active_board10,test,7,7,7,True,True,25,0.9985384
5,2,0,0,0,1,7,[7.0],False,B2_trial0_rep0_attempt0.csv,/Users/arthu/Desktop/CTM_Res-Pro/data/reach_to_grasp_dataset/data/participant_5/motion/B2_trial0_rep0_attempt0.csv,7,7,True,1.0,B2_trial0_rep1_attempt0.csv,7,target_object_corrected,0,board_data_0,trial_number,222,294,72,harmonized_hand_active_board10,test,7,7,7,True,True,25,0.9974722
5,2,0,1,0,1,7,[7.0],False,B2_trial0_rep1_attempt0.csv,/Users/arthu/Desktop/CTM_Res-Pro/data/reach_to_grasp_dataset/data/participant_5/motion/B2_trial0_rep1_attempt0.csv,7,7,False,,,7,target_object_corrected,0,board_data_0,trial_number,229,305,76,harmonized_hand_active_board10,test,7,7,7,True,True,25,0.9960881
5,2,0,2,0,1,7,[7.0],False,B2_trial0_rep2_attempt0.csv,/Users/arthu/Desktop/CTM_Res-Pro/data/reach_to_grasp_dataset/data/participant_5/motion/B2_trial0_rep2_attempt0.csv,7,7,False,,,7,target_object_corrected,0,board_data_0,trial_number,234,297,63,harmonized_hand_active_board10,test,7,7,7,True,True,25,0.9764931
5,2,0,3,0,1,7,[7.0],False,B2_trial0_rep3_attempt0.csv,/Users/arthu/Desktop/CTM_Res-Pro/data/reach_to_grasp_dataset/data/participant_5/motion/B2_trial0_rep3_attempt0.csv,7,7,False,,,7,target_object_corrected,0,board_data_0,trial_number,233,277,44,harmonized_hand_active_board10,test,7,7,7,True,True,25,0.99882513
5,2,1,0,0,1,6,"[0.0, 6.0]",True,B2_trial1_rep0_attempt0.csv,/Users/arthu/Desktop/CTM_Res-Pro/data/reach_to_grasp_dataset/data/participant_5/motion/B2_trial1_rep0_attempt0.csv,6,6,True,1.0,B2_trial1_rep1_attempt0.csv,6,target_object_corrected,1,board_data_1,trial_number,225,306,81,harmonized_hand_active_board10,test,6,7,7,False,False,25,0.63499963
5,2,1,1,0,1,6,[6.0],False,B2_trial1_rep1_attempt0.csv,/Users/arthu/Desktop/CTM_Res-Pro/data/reach_to_grasp_dataset/data/participant_5/motion/B2_trial1_rep1_attempt0.csv,6,6,False,,,6,target_object_corrected,1,board_data_1,trial_number,270,343,73,harmonized_hand_active_board10,test,6,2,2,False,False,21,0.85156685
5,2,1,2,0,1,6,[6.0],False,B2_trial1_rep2_attempt0.csv,/Users/arthu/Desktop/CTM_Res-Pro/data/reach_to_grasp_dataset/data/participant_5/motion/B2_trial1_rep2_attempt0.csv,6,6,False,,,6,target_object_corrected,1,board_data_1,trial_number,221,308,87,harmonized_hand_active_board10,test,6,6,6,True,True,25,0.94579387
5,2,1,3,0,1,6,[6.0],False,B2_trial1_rep3_attempt0.csv,/Users/arthu/Desktop/CTM_Res-Pro/data/reach_to_grasp_dataset/data/participant_5/motion/B2_trial1_rep3_attempt0.csv,6,6,False,,,6,target_object_corrected,1,board_data_1,trial_number,230,301,71,harmonized_hand_active_board10,test,6,6,6,True,True,25,0.93027633
5,2,2,0,0,1,5,"[1.0, 5.0]",True,B2_trial2_rep0_attempt0.csv,/Users/arthu/Desktop/CTM_Res-Pro/data/reach_to_grasp_dataset/data/participant_5/motion/B2_trial2_rep0_attempt0.csv,5,5,True,1.0,B2_trial2_rep1_attempt0.csv,5,target_object_corrected,2,board_data_2,trial_number,227,303,76,harmonized_hand_active_board10,test,5,5,5,True,True,25,0.9984608
5,2,2,1,0,1,5,[5.0],False,B2_trial2_rep1_attempt0.csv,/Users/arthu/Desktop/CTM_Res-Pro/data/reach_to_grasp_dataset/data/participant_5/motion/B2_trial2_rep1_attempt0.csv,5,5,False,,,5,target_object_corrected,2,board_data_2,trial_number,237,302,65,harmonized_hand_active_board10,test,5,5,5,True,True,25,0.99152213
5,2,2,2,0,1,5,[5.0],False,B2_trial2_rep2_attempt0.csv,/Users/arthu/Desktop/CTM_Res-Pro/data/reach_to_grasp_dataset/data/participant_5/motion/B2_trial2_rep2_attempt0.csv,5,5,False,,,5,target_object_corrected,2,board_data_2,trial_number,235,306,71,harmonized_hand_active_board10,test,5,5,5,True,True,25,0.9984193
5,2,2,3,0,1,5,[5.0],False,B2_trial2_rep3_attempt0.csv,/Users/arthu/Desktop/CTM_Res-Pro/data/reach_to_grasp_dataset/data/participant_5/motion/B2_trial2_rep3_attempt0.csv,5,5,False,,,5,target_object_corrected,2,board_data_2,trial_number,229,294,65,harmonized_hand_active_board10,test,5,5,5,True,True,25,0.9969622
5,2,3,0,0,1,4,"[2.0, 4.0]",True,B2_trial3_rep0_attempt0.csv,/Users/arthu/Desktop/CTM_Res-Pro/data/reach_to_grasp_dataset/data/participant_5/motion/B2_trial3_rep0_attempt0.csv,4,4,True,1.0,B2_trial3_rep1_attempt0.csv,4,target_object_corrected,3,board_data_3,trial_number,237,276,39,harmonized_hand_active_board10,test,4,4,4,True,True,25,0.99990237
5,2,3,1,0,1,4,[4.0],False,B2_trial3_rep1_attempt0.csv,/Users/arthu/Desktop/CTM_Res-Pro/data/reach_to_grasp_dataset/data/participant_5/motion/B2_trial3_rep1_attempt0.csv,4,4,False,,,4,target_object_corrected,3,board_data_3,trial_number,246,278,32,harmonized_hand_active_board10,test,4,4,4,True,True,25,0.99996156
5,2,3,2,0,1,4,[4.0],False,B2_trial3_rep2_attempt0.csv,/Users/arthu/Desktop/CTM_Res-Pro/data/reach_to_grasp_dataset/data/participant_5/motion/B2_trial3_rep2_attempt0.csv,4,4,False,,,4,target_object_corrected,3,board_data_3,trial_number,240,280,40,harmonized_hand_active_board10,test,4,4,4,True,True,25,0.999904
5,2,3,3,0,1,4,[4.0],False,B2_trial3_rep3_attempt0.csv,/Users/arthu/Desktop/CTM_Res-Pro/data/reach_to_grasp_dataset/data/participant_5/motion/B2_trial3_rep3_attempt0.csv,4,4,False,,,4,target_object_corrected,3,board_data_3,trial_number,255,274,19,harmonized_hand_active_board10,test,4,4,4,True,True,25,0.99968684
5,2,4,0,0,1,3,[3.0],False,B2_trial4_rep0_attempt0.csv,/Users/arthu/Desktop/CTM_Res-Pro/data/reach_to_grasp_dataset/data/participant_5/motion/B2_trial4_rep0_attempt0.csv,3,3,True,1.0,B2_trial4_rep1_attempt0.csv,3,target_object_corrected,4,board_data_4,trial_number,222,301,79,harmonized_hand_active_board10,test,3,3,3,True,True,25,0.98855513
5,2,4,1,0,1,3,[3.0],False,B2_trial4_rep1_attempt0.csv,/Users/arthu/Desktop/CTM_Res-Pro/data/reach_to_grasp_dataset/data/participant_5/motion/B2_trial4_rep1_attempt0.csv,3,3,False,,,3,target_object_corrected,4,board_data_4,trial_number,217,290,73,harmonized_hand_active_board10,test,3,3,3,True,True,25,0.99841064
5,2,4,2,0,1,3,[3.0],False,B2_trial4_rep2_attempt0.csv,/Users/arthu/Desktop/CTM_Res-Pro/data/reach_to_grasp_dataset/data/participant_5/motion/B2_trial4_rep2_attempt0.csv,3,3,False,,,3,target_object_corrected,4,board_data_4,trial_number,225,296,71,harmonized_hand_active_board10,test,3,3,3,True,True,25,0.9984541
5,2,4,3,0,1,3,[3.0],False,B2_trial4_rep3_attempt0.csv,/Users/arthu/Desktop/CTM_Res-Pro/data/reach_to_grasp_dataset/data/participant_5/motion/B2_trial4_rep3_attempt0.csv,3,3,False,,,3,target_object_corrected,4,board_data_4,trial_number,206,278,72,harmonized_hand_active_board10,test,3,3,3,True,True,25,0.99924165
5,2,5,0,0,1,2,"[4.0, 2.0]",True,B2_trial5_rep0_attempt0.csv,/Users/arthu/Desktop/CTM_Res-Pro/data/reach_to_grasp_dataset/data/participant_5/motion/B2_trial5_rep0_attempt0.csv,2,2,True,1.0,B2_trial5_rep1_attempt0.csv,2,target_object_corrected,5,board_data_5,trial_number,227,299,72,harmonized_hand_active_board10,test,2,2,2,True,True,25,0.9730285
5,2,5,1,0,1,2,[2.0],False,B2_trial5_rep1_attempt0.csv,/Users/arthu/Desktop/CTM_Res-Pro/data/reach_to_grasp_dataset/data/participant_5/motion/B2_trial5_rep1_attempt0.csv,2,2,False,,,2,target_object_corrected,5,board_data_5,trial_number,218,290,72,harmonized_hand_active_board10,test,2,6,6,False,False,25,0.86810344
5,2,5,2,0,1,2,[2.0],False,B2_trial5_rep2_attempt0.csv,/Users/arthu/Desktop/CTM_Res-Pro/data/reach_to_grasp_dataset/data/participant_5/motion/B2_trial5_rep2_attempt0.csv,2,2,False,,,2,target_object_corrected,5,board_data_5,trial_number,214,293,79,harmonized_hand_active_board10,test,2,2,2,True,True,24,0.97935486
5,2,5,3,0,1,2,[2.0],False,B2_trial5_rep3_attempt0.csv,/Users/arthu/Desktop/CTM_Res-Pro/data/reach_to_grasp_dataset/data/participant_5/motion/B2_trial5_rep3_attempt0.csv,2,2,False,,,2,target_object_corrected,5,board_data_5,trial_number,213,289,76,harmonized_hand_active_board10,test,2,6,6,False,False,25,0.94276786
5,2,6,0,0,1,1,"[5.0, 1.0]",True,B2_trial6_rep0_attempt0.csv,/Users/arthu/Desktop/CTM_Res-Pro/data/reach_to_grasp_dataset/data/participant_5/motion/B2_trial6_rep0_attempt0.csv,1,1,True,1.0,B2_trial6_rep1_attempt0.csv,1,target_object_corrected,6,board_data_6,trial_number,225,290,65,harmonized_hand_active_board10,test,1,1,1,True,True,25,0.96013576
5,2,6,1,0,1,1,[1.0],False,B2_trial6_rep1_attempt0.csv,/Users/arthu/Desktop/CTM_Res-Pro/data/reach_to_grasp_dataset/data/participant_5/motion/B2_trial6_rep1_attempt0.csv,1,1,False,,,1,target_object_corrected,6,board_data_6,trial_number,214,285,71,harmonized_hand_active_board10,test,1,1,1,True,True,25,0.9989194
5,2,6,2,0,1,1,[1.0],False,B2_trial6_rep2_attempt0.csv,/Users/arthu/Desktop/CTM_Res-Pro/data/reach_to_grasp_dataset/data/participant_5/motion/B2_trial6_rep2_attempt0.csv,1,1,False,,,1,target_object_corrected,6,board_data_6,trial_number,223,295,72,harmonized_hand_active_board10,test,1,1,1,True,True,25,0.9965864
5,2,6,3,0,1,1,[1.0],False,B2_trial6_rep3_attempt0.csv,/Users/arthu/Desktop/CTM_Res-Pro/data/reach_to_grasp_dataset/data/participant_5/motion/B2_trial6_rep3_attempt0.csv,1,1,False,,,1,target_object_corrected,6,board_data_6,trial_number,215,285,70,harmonized_hand_active_board10,test,1,1,1,True,True,25,0.91701406
5,2,7,0,0,1,0,"[6.0, 0.0]",True,B2_trial7_rep0_attempt0.csv,/Users/arthu/Desktop/CTM_Res-Pro/data/reach_to_grasp_dataset/data/participant_5/motion/B2_trial7_rep0_attempt0.csv,0,0,True,1.0,B2_trial7_rep1_attempt0.csv,0,target_object_corrected,7,board_data_7,trial_number,230,304,74,harmonized_hand_active_board10,test,0,0,0,True,True,25,0.9992076
5,2,7,1,0,1,0,[0.0],False,B2_trial7_rep1_attempt0.csv,/Users/arthu/Desktop/CTM_Res-Pro/data/reach_to_grasp_dataset/data/participant_5/motion/B2_trial7_rep1_attempt0.csv,0,0,False,,,0,target_object_corrected,7,board_data_7,trial_number,228,306,78,harmonized_hand_active_board10,test,0,0,0,True,True,25,0.9989514
5,2,7,2,0,1,0,[0.0],False,B2_trial7_rep2_attempt0.csv,/Users/arthu/Desktop/CTM_Res-Pro/data/reach_to_grasp_dataset/data/participant_5/motion/B2_trial7_rep2_attempt0.csv,0,0,False,,,0,target_object_corrected,7,board_data_7,trial_number,227,305,78,harmonized_hand_active_board10,test,0,0,0,True,True,25,0.9971606
5,2,7,3,0,1,0,[0.0],False,B2_trial7_rep3_attempt0.csv,/Users/arthu/Desktop/CTM_Res-Pro/data/reach_to_grasp_dataset/data/participant_5/motion/B2_trial7_rep3_attempt0.csv,0,0,False,,,0,target_object_corrected,7,board_data_7,trial_number,229,304,75,harmonized_hand_active_board10,test,0,0,0,True,True,25,0.9980119
5,3,0,0,0,1,3,"[7.0, 3.0]",True,B3_trial0_rep0_attempt0.csv,/Users/arthu/Desktop/CTM_Res-Pro/data/reach_to_grasp_dataset/data/participant_5/motion/B3_trial0_rep0_attempt0.csv,3,3,True,1.0,B3_trial0_rep1_attempt0.csv,3,target_object_corrected,0,board_data_0,trial_number,241,307,66,harmonized_hand_active_board10,test,3,5,5,False,False,25,0.67332983
5,3,0,1,0,1,3,[3.0],False,B3_trial0_rep1_attempt0.csv,/Users/arthu/Desktop/CTM_Res-Pro/data/reach_to_grasp_dataset/data/participant_5/motion/B3_trial0_rep1_attempt0.csv,3,3,False,,,3,target_object_corrected,0,board_data_0,trial_number,227,303,76,harmonized_hand_active_board10,test,3,3,3,True,True,25,0.7570702
5,3,0,2,0,1,3,[3.0],False,B3_trial0_rep2_attempt0.csv,/Users/arthu/Desktop/CTM_Res-Pro/data/reach_to_grasp_dataset/data/participant_5/motion/B3_trial0_rep2_attempt0.csv,3,3,False,,,3,target_object_corrected,0,board_data_0,trial_number,233,302,69,harmonized_hand_active_board10,test,3,3,3,True,True,25,0.92066073
5,3,0,3,0,1,3,[3.0],False,B3_trial0_rep3_attempt0.csv,/Users/arthu/Desktop/CTM_Res-Pro/data/reach_to_grasp_dataset/data/participant_5/motion/B3_trial0_rep3_attempt0.csv,3,3,False,,,3,target_object_corrected,0,board_data_0,trial_number,232,303,71,harmonized_hand_active_board10,test,3,3,3,True,True,25,0.9761224
5,3,1,0,0,1,2,"[0.0, 2.0]",True,B3_trial1_rep0_attempt0.csv,/Users/arthu/Desktop/CTM_Res-Pro/data/reach_to_grasp_dataset/data/participant_5/motion/B3_trial1_rep0_attempt0.csv,2,2,True,1.0,B3_trial1_rep1_attempt0.csv,2,target_object_corrected,1,board_data_1,trial_number,240,325,85,harmonized_hand_active_board10,test,2,2,2,True,True,25,0.8279607
5,3,1,1,0,1,2,[2.0],False,B3_trial1_rep1_attempt0.csv,/Users/arthu/Desktop/CTM_Res-Pro/data/reach_to_grasp_dataset/data/participant_5/motion/B3_trial1_rep1_attempt0.csv,2,2,False,,,2,target_object_corrected,1,board_data_1,trial_number,225,296,71,harmonized_hand_active_board10,test,2,2,2,True,True,25,0.8273034
5,3,1,2,0,1,2,[2.0],False,B3_trial1_rep2_attempt0.csv,/Users/arthu/Desktop/CTM_Res-Pro/data/reach_to_grasp_dataset/data/participant_5/motion/B3_trial1_rep2_attempt0.csv,2,2,False,,,2,target_object_corrected,1,board_data_1,trial_number,230,297,67,harmonized_hand_active_board10,test,2,2,2,True,True,25,0.9017966
5,3,1,3,0,1,2,[2.0],False,B3_trial1_rep3_attempt0.csv,/Users/arthu/Desktop/CTM_Res-Pro/data/reach_to_grasp_dataset/data/participant_5/motion/B3_trial1_rep3_attempt0.csv,2,2,False,,,2,target_object_corrected,1,board_data_1,trial_number,230,292,62,harmonized_hand_active_board10,test,2,2,2,True,True,25,0.7144412
5,3,2,0,0,1,1,[1.0],False,B3_trial2_rep0_attempt0.csv,/Users/arthu/Desktop/CTM_Res-Pro/data/reach_to_grasp_dataset/data/participant_5/motion/B3_trial2_rep0_attempt0.csv,1,1,True,1.0,B3_trial2_rep1_attempt0.csv,1,target_object_corrected,2,board_data_2,trial_number,234,305,71,harmonized_hand_active_board10,test,1,1,1,True,True,25,0.87015593
5,3,2,1,0,1,1,[1.0],False,B3_trial2_rep1_attempt0.csv,/Users/arthu/Desktop/CTM_Res-Pro/data/reach_to_grasp_dataset/data/participant_5/motion/B3_trial2_rep1_attempt0.csv,1,1,False,,,1,target_object_corrected,2,board_data_2,trial_number,248,318,70,harmonized_hand_active_board10,test,1,1,1,True,True,25,0.93057245
5,3,2,2,0,1,1,[1.0],False,B3_trial2_rep2_attempt0.csv,/Users/arthu/Desktop/CTM_Res-Pro/data/reach_to_grasp_dataset/data/participant_5/motion/B3_trial2_rep2_attempt0.csv,1,1,False,,,1,target_object_corrected,2,board_data_2,trial_number,231,285,54,harmonized_hand_active_board10,test,1,1,1,True,True,25,0.94545233
5,3,2,3,0,1,1,[1.0],False,B3_trial2_rep3_attempt0.csv,/Users/arthu/Desktop/CTM_Res-Pro/data/reach_to_grasp_dataset/data/participant_5/motion/B3_trial2_rep3_attempt0.csv,1,1,False,,,1,target_object_corrected,2,board_data_2,trial_number,236,295,59,harmonized_hand_active_board10,test,1,0,0,False,False,25,0.6772609
5,3,3,0,0,1,0,"[2.0, 0.0]",True,B3_trial3_rep0_attempt0.csv,/Users/arthu/Desktop/CTM_Res-Pro/data/reach_to_grasp_dataset/data/participant_5/motion/B3_trial3_rep0_attempt0.csv,0,0,True,1.0,B3_trial3_rep1_attempt0.csv,0,target_object_corrected,3,board_data_3,trial_number,279,320,41,harmonized_hand_active_board10,test,0,0,0,True,True,25,0.97395456
5,3,3,1,0,1,0,[0.0],False,B3_trial3_rep1_attempt0.csv,/Users/arthu/Desktop/CTM_Res-Pro/data/reach_to_grasp_dataset/data/participant_5/motion/B3_trial3_rep1_attempt0.csv,0,0,False,,,0,target_object_corrected,3,board_data_3,trial_number,238,294,56,harmonized_hand_active_board10,test,0,0,0,True,True,25,0.99772793
5,3,3,2,0,1,0,[0.0],False,B3_trial3_rep2_attempt0.csv,/Users/arthu/Desktop/CTM_Res-Pro/data/reach_to_grasp_dataset/data/participant_5/motion/B3_trial3_rep2_attempt0.csv,0,0,False,,,0,target_object_corrected,3,board_data_3,trial_number,249,295,46,harmonized_hand_active_board10,test,0,0,0,True,True,25,0.9759787
5,3,3,3,0,1,0,[0.0],False,B3_trial3_rep3_attempt0.csv,/Users/arthu/Desktop/CTM_Res-Pro/data/reach_to_grasp_dataset/data/participant_5/motion/B3_trial3_rep3_attempt0.csv,0,0,False,,,0,target_object_corrected,3,board_data_3,trial_number,245,286,41,harmonized_hand_active_board10,test,0,0,0,True,True,25,0.9929999
5,3,4,0,0,1,7,"[3.0, 7.0]",True,B3_trial4_rep0_attempt0.csv,/Users/arthu/Desktop/CTM_Res-Pro/data/reach_to_grasp_dataset/data/participant_5/motion/B3_trial4_rep0_attempt0.csv,7,7,True,1.0,B3_trial4_rep1_attempt0.csv,7,target_object_corrected,4,board_data_4,trial_number,221,296,75,harmonized_hand_active_board10,test,7,7,7,True,True,25,0.9975989
5,3,4,1,0,1,7,[7.0],False,B3_trial4_rep1_attempt0.csv,/Users/arthu/Desktop/CTM_Res-Pro/data/reach_to_grasp_dataset/data/participant_5/motion/B3_trial4_rep1_attempt0.csv,7,7,False,,,7,target_object_corrected,4,board_data_4,trial_number,219,306,87,harmonized_hand_active_board10,test,7,7,7,True,True,25,0.99103606
5,3,4,2,0,1,7,[7.0],False,B3_trial4_rep2_attempt0.csv,/Users/arthu/Desktop/CTM_Res-Pro/data/reach_to_grasp_dataset/data/participant_5/motion/B3_trial4_rep2_attempt0.csv,7,7,False,,,7,target_object_corrected,4,board_data_4,trial_number,218,298,80,harmonized_hand_active_board10,test,7,7,7,True,True,25,0.9024843
5,3,4,3,0,1,7,[7.0],False,B3_trial4_rep3_attempt0.csv,/Users/arthu/Desktop/CTM_Res-Pro/data/reach_to_grasp_dataset/data/participant_5/motion/B3_trial4_rep3_attempt0.csv,7,7,False,,,7,target_object_corrected,4,board_data_4,trial_number,215,287,72,harmonized_hand_active_board10,test,7,7,7,True,True,25,0.8202858
5,3,5,0,0,1,6,"[4.0, 6.0]",True,B3_trial5_rep0_attempt0.csv,/Users/arthu/Desktop/CTM_Res-Pro/data/reach_to_grasp_dataset/data/participant_5/motion/B3_trial5_rep0_attempt0.csv,6,6,True,1.0,B3_trial5_rep1_attempt0.csv,6,target_object_corrected,5,board_data_5,trial_number,220,307,87,harmonized_hand_active_board10,test,6,7,7,False,False,25,0.9882132
5,3,5,1,0,1,6,[6.0],False,B3_trial5_rep1_attempt0.csv,/Users/arthu/Desktop/CTM_Res-Pro/data/reach_to_grasp_dataset/data/participant_5/motion/B3_trial5_rep1_attempt0.csv,6,6,False,,,6,target_object_corrected,5,board_data_5,trial_number,208,282,74,harmonized_hand_active_board10,test,6,2,1,False,False,22,0.57214665
5,3,5,2,0,1,6,[6.0],False,B3_trial5_rep2_attempt0.csv,/Users/arthu/Desktop/CTM_Res-Pro/data/reach_to_grasp_dataset/data/participant_5/motion/B3_trial5_rep2_attempt0.csv,6,6,False,,,6,target_object_corrected,5,board_data_5,trial_number,222,295,73,harmonized_hand_active_board10,test,6,1,1,False,False,21,0.68178666
5,3,5,3,0,1,6,[6.0],False,B3_trial5_rep3_attempt0.csv,/Users/arthu/Desktop/CTM_Res-Pro/data/reach_to_grasp_dataset/data/participant_5/motion/B3_trial5_rep3_attempt0.csv,6,6,False,,,6,target_object_corrected,5,board_data_5,trial_number,220,299,79,harmonized_hand_active_board10,test,6,1,1,False,False,25,0.5289703
5,3,6,0,0,1,5,[5.0],False,B3_trial6_rep0_attempt0.csv,/Users/arthu/Desktop/CTM_Res-Pro/data/reach_to_grasp_dataset/data/participant_5/motion/B3_trial6_rep0_attempt0.csv,5,5,True,1.0,B3_trial6_rep1_attempt0.csv,5,target_object_corrected,6,board_data_6,trial_number,238,303,65,harmonized_hand_active_board10,test,5,3,3,False,False,25,0.9711847
5,3,6,1,0,1,5,[5.0],False,B3_trial6_rep1_attempt0.csv,/Users/arthu/Desktop/CTM_Res-Pro/data/reach_to_grasp_dataset/data/participant_5/motion/B3_trial6_rep1_attempt0.csv,5,5,False,,,5,target_object_corrected,6,board_data_6,trial_number,220,301,81,harmonized_hand_active_board10,test,5,5,5,True,True,25,0.9621624
5,3,6,2,0,1,5,[5.0],False,B3_trial6_rep2_attempt0.csv,/Users/arthu/Desktop/CTM_Res-Pro/data/reach_to_grasp_dataset/data/participant_5/motion/B3_trial6_rep2_attempt0.csv,5,5,False,,,5,target_object_corrected,6,board_data_6,trial_number,217,304,87,harmonized_hand_active_board10,test,5,5,5,True,True,25,0.9596538
5,3,6,3,0,1,5,[5.0],False,B3_trial6_rep3_attempt0.csv,/Users/arthu/Desktop/CTM_Res-Pro/data/reach_to_grasp_dataset/data/participant_5/motion/B3_trial6_rep3_attempt0.csv,5,5,False,,,5,target_object_corrected,6,board_data_6,trial_number,226,305,79,harmonized_hand_active_board10,test,5,5,5,True,True,25,0.9397705
5,3,7,0,0,1,4,"[6.0, 4.0]",True,B3_trial7_rep0_attempt0.csv,/Users/arthu/Desktop/CTM_Res-Pro/data/reach_to_grasp_dataset/data/participant_5/motion/B3_trial7_rep0_attempt0.csv,4,4,True,1.0,B3_trial7_rep1_attempt0.csv,4,target_object_corrected,7,board_data_7,trial_number,227,300,73,harmonized_hand_active_board10,test,4,4,4,True,True,25,0.988694
5,3,7,1,0,1,4,[4.0],False,B3_trial7_rep1_attempt0.csv,/Users/arthu/Desktop/CTM_Res-Pro/data/reach_to_grasp_dataset/data/participant_5/motion/B3_trial7_rep1_attempt0.csv,4,4,False,,,4,target_object_corrected,7,board_data_7,trial_number,222,282,60,harmonized_hand_active_board10,test,4,4,4,True,True,25,0.9984845
5,3,7,2,0,1,4,[4.0],False,B3_trial7_rep2_attempt0.csv,/Users/arthu/Desktop/CTM_Res-Pro/data/reach_to_grasp_dataset/data/participant_5/motion/B3_trial7_rep2_attempt0.csv,4,4,False,,,4,target_object_corrected,7,board_data_7,trial_number,211,279,68,harmonized_hand_active_board10,test,4,4,4,True,True,25,0.9985501
5,3,7,3,0,1,4,[4.0],False,B3_trial7_rep3_attempt0.csv,/Users/arthu/Desktop/CTM_Res-Pro/data/reach_to_grasp_dataset/data/participant_5/motion/B3_trial7_rep3_attempt0.csv,4,4,False,,,4,target_object_corrected,7,board_data_7,trial_number,228,288,60,harmonized_hand_active_board10,test,4,4,4,True,True,25,0.9995542
5,4,0,0,0,1,4,"[7.0, 4.0]",True,B4_trial0_rep0_attempt0.csv,/Users/arthu/Desktop/CTM_Res-Pro/data/reach_to_grasp_dataset/data/participant_5/motion/B4_trial0_rep0_attempt0.csv,4,4,True,1.0,B4_trial0_rep1_attempt0.csv,4,target_object_corrected,0,board_data_0,trial_number,233,295,62,harmonized_hand_active_board10,test,4,4,4,True,True,25,0.99993813
5,4,0,1,0,1,4,[4.0],False,B4_trial0_rep1_attempt0.csv,/Users/arthu/Desktop/CTM_Res-Pro/data/reach_to_grasp_dataset/data/participant_5/motion/B4_trial0_rep1_attempt0.csv,4,4,False,,,4,target_object_corrected,0,board_data_0,trial_number,231,287,56,harmonized_hand_active_board10,test,4,4,4,True,True,25,0.999841
5,4,0,2,0,1,4,[4.0],False,B4_trial0_rep2_attempt0.csv,/Users/arthu/Desktop/CTM_Res-Pro/data/reach_to_grasp_dataset/data/participant_5/motion/B4_trial0_rep2_attempt0.csv,4,4,False,,,4,target_object_corrected,0,board_data_0,trial_number,234,289,55,harmonized_hand_active_board10,test,4,4,4,True,True,25,0.9999194
5,4,0,3,0,1,4,[4.0],False,B4_trial0_rep3_attempt0.csv,/Users/arthu/Desktop/CTM_Res-Pro/data/reach_to_grasp_dataset/data/participant_5/motion/B4_trial0_rep3_attempt0.csv,4,4,False,,,4,target_object_corrected,0,board_data_0,trial_number,219,277,58,harmonized_hand_active_board10,test,4,4,4,True,True,25,0.99993795
5,4,1,0,0,1,5,"[0.0, 5.0]",True,B4_trial1_rep0_attempt0.csv,/Users/arthu/Desktop/CTM_Res-Pro/data/reach_to_grasp_dataset/data/participant_5/motion/B4_trial1_rep0_attempt0.csv,5,5,True,1.0,B4_trial1_rep1_attempt0.csv,5,target_object_corrected,1,board_data_1,trial_number,221,293,72,harmonized_hand_active_board10,test,5,5,5,True,True,25,0.9995682
5,4,1,1,0,1,5,[5.0],False,B4_trial1_rep1_attempt0.csv,/Users/arthu/Desktop/CTM_Res-Pro/data/reach_to_grasp_dataset/data/participant_5/motion/B4_trial1_rep1_attempt0.csv,5,5,False,,,5,target_object_corrected,1,board_data_1,trial_number,229,289,60,harmonized_hand_active_board10,test,5,5,5,True,True,25,0.9702157
5,4,1,2,0,1,5,[5.0],False,B4_trial1_rep2_attempt0.csv,/Users/arthu/Desktop/CTM_Res-Pro/data/reach_to_grasp_dataset/data/participant_5/motion/B4_trial1_rep2_attempt0.csv,5,5,False,,,5,target_object_corrected,1,board_data_1,trial_number,220,287,67,harmonized_hand_active_board10,test,5,5,5,True,True,25,0.99866724
5,4,1,3,0,1,5,[5.0],False,B4_trial1_rep3_attempt0.csv,/Users/arthu/Desktop/CTM_Res-Pro/data/reach_to_grasp_dataset/data/participant_5/motion/B4_trial1_rep3_attempt0.csv,5,5,False,,,5,target_object_corrected,1,board_data_1,trial_number,240,306,66,harmonized_hand_active_board10,test,5,5,5,True,True,25,0.99888146
5,4,2,0,0,1,6,"[1.0, 6.0]",True,B4_trial2_rep0_attempt0.csv,/Users/arthu/Desktop/CTM_Res-Pro/data/reach_to_grasp_dataset/data/participant_5/motion/B4_trial2_rep0_attempt0.csv,6,6,True,1.0,B4_trial2_rep1_attempt0.csv,6,target_object_corrected,2,board_data_2,trial_number,230,318,88,harmonized_hand_active_board10,test,6,7,7,False,False,25,0.90436065
5,4,2,1,0,1,6,[6.0],False,B4_trial2_rep1_attempt0.csv,/Users/arthu/Desktop/CTM_Res-Pro/data/reach_to_grasp_dataset/data/participant_5/motion/B4_trial2_rep1_attempt0.csv,6,6,False,,,6,target_object_corrected,2,board_data_2,trial_number,233,297,64,harmonized_hand_active_board10,test,6,7,7,False,False,25,0.6999283
5,4,2,2,0,1,6,[6.0],False,B4_trial2_rep2_attempt0.csv,/Users/arthu/Desktop/CTM_Res-Pro/data/reach_to_grasp_dataset/data/participant_5/motion/B4_trial2_rep2_attempt0.csv,6,6,False,,,6,target_object_corrected,2,board_data_2,trial_number,250,305,55,harmonized_hand_active_board10,test,6,7,7,False,False,25,0.86872447
5,4,2,3,0,1,6,[6.0],False,B4_trial2_rep3_attempt0.csv,/Users/arthu/Desktop/CTM_Res-Pro/data/reach_to_grasp_dataset/data/participant_5/motion/B4_trial2_rep3_attempt0.csv,6,6,False,,,6,target_object_corrected,2,board_data_2,trial_number,229,290,61,harmonized_hand_active_board10,test,6,7,7,False,False,25,0.76311094
5,4,3,0,0,1,7,"[2.0, 7.0]",True,B4_trial3_rep0_attempt0.csv,/Users/arthu/Desktop/CTM_Res-Pro/data/reach_to_grasp_dataset/data/participant_5/motion/B4_trial3_rep0_attempt0.csv,7,7,True,1.0,B4_trial3_rep1_attempt0.csv,7,target_object_corrected,3,board_data_3,trial_number,233,305,72,harmonized_hand_active_board10,test,7,7,7,True,True,25,0.99945617
5,4,3,1,0,1,7,[7.0],False,B4_trial3_rep1_attempt0.csv,/Users/arthu/Desktop/CTM_Res-Pro/data/reach_to_grasp_dataset/data/participant_5/motion/B4_trial3_rep1_attempt0.csv,7,7,False,,,7,target_object_corrected,3,board_data_3,trial_number,233,292,59,harmonized_hand_active_board10,test,7,7,7,True,True,25,0.99797744
5,4,3,2,0,1,7,[7.0],False,B4_trial3_rep2_attempt0.csv,/Users/arthu/Desktop/CTM_Res-Pro/data/reach_to_grasp_dataset/data/participant_5/motion/B4_trial3_rep2_attempt0.csv,7,7,False,,,7,target_object_corrected,3,board_data_3,trial_number,226,284,58,harmonized_hand_active_board10,test,7,7,7,True,True,25,0.99838006
5,4,3,3,0,1,7,[7.0],False,B4_trial3_rep3_attempt0.csv,/Users/arthu/Desktop/CTM_Res-Pro/data/reach_to_grasp_dataset/data/participant_5/motion/B4_trial3_rep3_attempt0.csv,7,7,False,,,7,target_object_corrected,3,board_data_3,trial_number,243,286,43,harmonized_hand_active_board10,test,7,7,7,True,True,25,0.9981348
5,4,4,0,0,1,0,"[3.0, 0.0]",True,B4_trial4_rep0_attempt0.csv,/Users/arthu/Desktop/CTM_Res-Pro/data/reach_to_grasp_dataset/data/participant_5/motion/B4_trial4_rep0_attempt0.csv,0,0,True,1.0,B4_trial4_rep1_attempt0.csv,0,target_object_corrected,4,board_data_4,trial_number,237,307,70,harmonized_hand_active_board10,test,0,0,0,True,True,25,0.9952453
5,4,4,1,0,1,0,[0.0],False,B4_trial4_rep1_attempt0.csv,/Users/arthu/Desktop/CTM_Res-Pro/data/reach_to_grasp_dataset/data/participant_5/motion/B4_trial4_rep1_attempt0.csv,0,0,False,,,0,target_object_corrected,4,board_data_4,trial_number,236,309,73,harmonized_hand_active_board10,test,0,0,0,True,True,25,0.9816491
5,4,4,2,0,1,0,[0.0],False,B4_trial4_rep2_attempt0.csv,/Users/arthu/Desktop/CTM_Res-Pro/data/reach_to_grasp_dataset/data/participant_5/motion/B4_trial4_rep2_attempt0.csv,0,0,False,,,0,target_object_corrected,4,board_data_4,trial_number,218,289,71,harmonized_hand_active_board10,test,0,0,0,True,True,25,0.99716866
5,4,4,3,0,1,0,[0.0],False,B4_trial4_rep3_attempt0.csv,/Users/arthu/Desktop/CTM_Res-Pro/data/reach_to_grasp_dataset/data/participant_5/motion/B4_trial4_rep3_attempt0.csv,0,0,False,,,0,target_object_corrected,4,board_data_4,trial_number,218,300,82,harmonized_hand_active_board10,test,0,0,0,True,True,25,0.9871772
5,4,5,0,0,1,1,"[4.0, 1.0]",True,B4_trial5_rep0_attempt0.csv,/Users/arthu/Desktop/CTM_Res-Pro/data/reach_to_grasp_dataset/data/participant_5/motion/B4_trial5_rep0_attempt0.csv,1,1,True,1.0,B4_trial5_rep1_attempt0.csv,1,target_object_corrected,5,board_data_5,trial_number,221,290,69,harmonized_hand_active_board10,test,1,1,1,True,True,25,0.99958295
5,4,5,1,0,1,1,[1.0],False,B4_trial5_rep1_attempt0.csv,/Users/arthu/Desktop/CTM_Res-Pro/data/reach_to_grasp_dataset/data/participant_5/motion/B4_trial5_rep1_attempt0.csv,1,1,False,,,1,target_object_corrected,5,board_data_5,trial_number,217,282,65,harmonized_hand_active_board10,test,1,1,1,True,True,25,0.9805151
5,4,5,2,0,1,1,[1.0],False,B4_trial5_rep2_attempt0.csv,/Users/arthu/Desktop/CTM_Res-Pro/data/reach_to_grasp_dataset/data/participant_5/motion/B4_trial5_rep2_attempt0.csv,1,1,False,,,1,target_object_corrected,5,board_data_5,trial_number,228,296,68,harmonized_hand_active_board10,test,1,1,1,True,True,25,0.977793
5,4,5,3,0,1,1,[1.0],False,B4_trial5_rep3_attempt0.csv,/Users/arthu/Desktop/CTM_Res-Pro/data/reach_to_grasp_dataset/data/participant_5/motion/B4_trial5_rep3_attempt0.csv,1,1,False,,,1,target_object_corrected,5,board_data_5,trial_number,218,296,78,harmonized_hand_active_board10,test,1,1,1,True,True,25,0.9845393
5,4,6,0,0,1,2,"[5.0, 2.0]",True,B4_trial6_rep0_attempt0.csv,/Users/arthu/Desktop/CTM_Res-Pro/data/reach_to_grasp_dataset/data/participant_5/motion/B4_trial6_rep0_attempt0.csv,2,2,True,1.0,B4_trial6_rep1_attempt0.csv,2,target_object_corrected,6,board_data_6,trial_number,223,327,104,harmonized_hand_active_board10,test,2,2,2,True,True,25,0.84670514
5,4,6,1,0,1,2,[2.0],False,B4_trial6_rep1_attempt0.csv,/Users/arthu/Desktop/CTM_Res-Pro/data/reach_to_grasp_dataset/data/participant_5/motion/B4_trial6_rep1_attempt0.csv,2,2,False,,,2,target_object_corrected,6,board_data_6,trial_number,226,304,78,harmonized_hand_active_board10,test,2,2,2,True,True,25,0.85597897
5,4,6,2,0,1,2,[2.0],False,B4_trial6_rep2_attempt0.csv,/Users/arthu/Desktop/CTM_Res-Pro/data/reach_to_grasp_dataset/data/participant_5/motion/B4_trial6_rep2_attempt0.csv,2,2,False,,,2,target_object_corrected,6,board_data_6,trial_number,225,302,77,harmonized_hand_active_board10,test,2,2,2,True,True,25,0.8821428
5,4,6,3,0,1,2,[2.0],False,B4_trial6_rep3_attempt0.csv,/Users/arthu/Desktop/CTM_Res-Pro/data/reach_to_grasp_dataset/data/participant_5/motion/B4_trial6_rep3_attempt0.csv,2,2,False,,,2,target_object_corrected,6,board_data_6,trial_number,221,299,78,harmonized_hand_active_board10,test,2,2,2,True,True,25,0.9455523
5,4,7,0,0,1,3,"[6.0, 3.0]",True,B4_trial7_rep0_attempt0.csv,/Users/arthu/Desktop/CTM_Res-Pro/data/reach_to_grasp_dataset/data/participant_5/motion/B4_trial7_rep0_attempt0.csv,3,3,True,1.0,B4_trial7_rep1_attempt0.csv,3,target_object_corrected,7,board_data_7,trial_number,220,296,76,harmonized_hand_active_board10,test,3,3,3,True,True,25,0.9995432
5,4,7,1,0,1,3,[3.0],False,B4_trial7_rep1_attempt0.csv,/Users/arthu/Desktop/CTM_Res-Pro/data/reach_to_grasp_dataset/data/participant_5/motion/B4_trial7_rep1_attempt0.csv,3,3,False,,,3,target_object_corrected,7,board_data_7,trial_number,229,303,74,harmonized_hand_active_board10,test,3,3,3,True,True,25,0.99732584
5,4,7,2,0,1,3,[3.0],False,B4_trial7_rep2_attempt0.csv,/Users/arthu/Desktop/CTM_Res-Pro/data/reach_to_grasp_dataset/data/participant_5/motion/B4_trial7_rep2_attempt0.csv,3,3,False,,,3,target_object_corrected,7,board_data_7,trial_number,227,296,69,harmonized_hand_active_board10,test,3,3,3,True,True,25,0.9991563
5,4,7,3,0,1,3,[3.0],False,B4_trial7_rep3_attempt0.csv,/Users/arthu/Desktop/CTM_Res-Pro/data/reach_to_grasp_dataset/data/participant_5/motion/B4_trial7_rep3_attempt0.csv,3,3,False,,,3,target_object_corrected,7,board_data_7,trial_number,242,311,69,harmonized_hand_active_board10,test,3,3,3,True,True,25,0.9993294
